Run_Time,Asset,Source,Date,Actual_Return,Linear_Regression_Predicted_Return,LSTM_Predicted_Return
2026-05-06 16:38:10,WSM,kaggle,2010-02-02,0.0177664193180908,0.0106892749331727,0.0014937159139662
2026-05-06 16:38:10,WSM,kaggle,2010-02-03,-0.0029924921808216,-0.0054411755773428,0.0017575207166373
2026-05-06 16:38:10,WSM,kaggle,2010-02-04,-0.0530264871475328,-2.337091618480336e-05,0.0029268888756632
2026-05-06 16:38:10,WSM,kaggle,2010-02-05,0.0068673617892682,0.0089047031412162,0.0018668789416551
2026-05-06 16:38:10,WSM,kaggle,2010-02-08,0.0094438777659682,0.0179639093904627,0.0011234835255891
2026-05-06 16:38:10,WSM,kaggle,2010-02-09,0.0187110506566623,0.0164760783200926,0.0017053607152774
2026-05-06 16:38:10,WSM,kaggle,2010-02-10,-0.0091836888608408,-0.013019788284851,0.0019627583678811
2026-05-06 16:38:10,WSM,kaggle,2010-02-11,0.0257466528339693,0.0160344352919483,0.0019999872893095
2026-05-06 16:38:10,WSM,kaggle,2010-02-12,0.015562222126259,0.0054000478805554,0.0018311084713786
2026-05-06 16:38:10,WSM,kaggle,2010-02-16,0.0177953840087812,0.020653962192324,0.0025894432328641
2026-05-06 16:38:10,WSM,kaggle,2010-02-17,-0.0072850712685118,0.0023031413648859,0.0031882049515843
2026-05-06 16:38:10,WSM,kaggle,2010-02-18,-0.0092955249067158,-0.0008781643148975,0.0040573086589574
2026-05-06 16:38:10,WSM,kaggle,2010-02-19,0.0148147771387925,0.0071322130818656,0.0038585071451961
2026-05-06 16:38:10,WSM,kaggle,2010-02-22,0.0184915368478422,0.0057218693255417,0.00287841190584
2026-05-06 16:38:10,WSM,kaggle,2010-02-23,0.0229335659454161,-0.0038474064642117,-0.0004973923787474
2026-05-06 16:38:10,WSM,kaggle,2010-02-24,-0.0051378146256669,0.0077820738349545,-0.0003721893299371
2026-05-06 16:38:10,WSM,kaggle,2010-02-25,0.0046948537582918,0.0047207991038776,-0.0005393172614276
2026-05-06 16:38:10,WSM,kaggle,2010-02-26,0.0028037134117717,0.0097183761861606,0.0007560286321677
2026-05-06 16:38:10,WSM,kaggle,2010-03-01,0.0102516882613619,-0.0070833799411916,-0.0024941973388195
2026-05-06 16:38:10,WSM,kaggle,2010-03-02,-0.0092251273120003,-0.0058944431963708,-0.0016170924063771
2026-05-06 16:38:10,WSM,kaggle,2010-03-03,0.0176909253358237,-0.0004420089476795,0.0006513654952868
2026-05-06 16:38:10,WSM,kaggle,2010-03-04,0.0187557107028606,0.015352103823499,0.0003519505262374
2026-05-06 16:38:10,WSM,kaggle,2010-03-05,0.0466995503727594,-0.0006738153253354,0.0008766943356022
2026-05-06 16:38:10,WSM,kaggle,2010-03-08,-0.0107250109707324,0.0042735429399894,-0.0004556968342512
2026-05-06 16:38:10,WSM,kaggle,2010-03-09,-0.0069384150528023,-0.0055501261023086,0.0007319332798942
2026-05-06 16:38:10,WSM,kaggle,2010-03-10,0.0650654932724315,0.003633222794687,0.0016128548886626
2026-05-06 16:38:10,WSM,kaggle,2010-03-11,-0.0110700515445537,0.0096604135631386,-0.0014420945663005
2026-05-06 16:38:10,WSM,kaggle,2010-03-12,0.0244609545900003,-0.009486928699993,-0.0006633889861404
2026-05-06 16:38:10,WSM,kaggle,2010-03-15,-0.0068797318997934,-0.0107207773600906,0.0002430970780551
2026-05-06 16:38:10,WSM,kaggle,2010-03-16,0.0097799414084907,0.0163493139893522,0.0028225432615727
2026-05-06 16:38:10,WSM,kaggle,2010-03-17,-0.0008071209527629,0.0066394328718597,0.0012244066456332
2026-05-06 16:38:10,WSM,kaggle,2010-03-18,-0.0125201721759589,-0.0002584947084979,-0.0001158200902864
2026-05-06 16:38:10,WSM,kaggle,2010-03-19,-0.0126789923770024,-0.0044453351749117,-0.0007441076450049
2026-05-06 16:38:10,WSM,kaggle,2010-03-22,0.1226181054955029,-0.0002316115342895,0.0018787948647513
2026-05-06 16:38:10,WSM,kaggle,2010-03-23,-0.0136531673072003,0.017402479356419,0.0019382073078304
2026-05-06 16:38:10,WSM,kaggle,2010-03-24,0.037037029108581,-0.0063339749304757,0.001998015679419
2026-05-06 16:38:10,WSM,kaggle,2010-03-25,-0.0223664843882616,-0.012211979569916,0.0011682092444971
2026-05-06 16:38:10,WSM,kaggle,2010-03-26,-0.0151291454479999,0.017827955949113,0.0025264187715947
2026-05-06 16:38:10,WSM,kaggle,2010-03-29,0.0048707065629585,0.0023288217946241,0.0018767832079902
2026-05-06 16:38:10,WSM,kaggle,2010-03-30,-0.0115585186230336,0.0036637285409135,0.0015398722607642
2026-05-06 16:38:10,WSM,kaggle,2010-03-31,-0.0082987292136953,-0.0067657891712399,0.000546907656826
2026-05-06 16:38:10,WSM,kaggle,2010-04-01,0.028527956404788,-0.0071594125432781,0.0009513708646409
2026-05-06 16:38:10,WSM,kaggle,2010-04-05,0.0332840084340921,0.0176431100592183,0.0020925994031131
2026-05-06 16:38:10,WSM,kaggle,2010-04-06,0.0046527973615511,0.0103826928162049,0.0021921298466622
2026-05-06 16:38:10,WSM,kaggle,2010-04-07,-0.0039187962788558,-0.0099118559228506,0.0020257183350622
2026-05-06 16:38:10,WSM,kaggle,2010-04-08,0.0039342136607096,0.009126400358677,0.0010647394228726
2026-05-06 16:38:10,WSM,kaggle,2010-04-09,0.0484503250850527,-0.0085204527278501,0.0016625442076474
2026-05-06 16:38:10,WSM,kaggle,2010-04-12,-0.0023785149200936,0.0138984733357188,0.0017536007799208
2026-05-06 16:38:10,WSM,kaggle,2010-04-13,0.0,-0.0038802352750125,0.0019985781982541
2026-05-06 16:38:10,WSM,kaggle,2010-04-14,0.0235013151350451,-0.0006729776156994,0.0016517511103302
2026-05-06 16:38:10,WSM,kaggle,2010-04-15,0.0013311453092488,0.0256287784313684,0.0029080216772854
2026-05-06 16:38:10,WSM,kaggle,2010-04-16,-0.0172815039922473,0.0029930198473085,0.0030887946486473
2026-05-06 16:38:10,WSM,kaggle,2010-04-19,-0.0405816323292307,-0.0166885902530353,0.0035628497134894
2026-05-06 16:38:10,WSM,kaggle,2010-04-20,0.0165667712178747,0.0095505422172383,0.0012537902221083
2026-05-06 16:38:10,WSM,kaggle,2010-04-21,0.0613731084743021,-0.0064376842389233,0.0022856453433632
2026-05-06 16:38:10,WSM,kaggle,2010-04-22,0.0094739955046143,0.0297356466358028,0.0046707331202924
2026-05-06 16:38:10,WSM,kaggle,2010-04-23,0.0058252526666,-0.0087575151269835,0.0014060004614293
2026-05-06 16:38:10,WSM,kaggle,2010-04-26,-0.0115830312495263,-0.0032420163416711,0.0026885275729
2026-05-06 16:38:10,WSM,kaggle,2010-04-27,-0.0292968632372015,0.0155428859096752,0.0015793840866535
2026-05-06 16:38:10,WSM,kaggle,2010-04-28,0.0057008745148796,0.0126566788690801,0.0022002458572387
2026-05-06 16:38:10,WSM,kaggle,2010-04-29,0.016672224201933,-0.0105625026042975,0.0016499307239428
2026-05-06 16:38:10,WSM,kaggle,2010-04-30,-0.0554280271152537,0.0059830052224737,0.0015465916367247
2026-05-06 16:38:10,WSM,kaggle,2010-05-03,0.0586805756537271,-0.0096969170439059,0.0028758971020579
2026-05-06 16:38:10,WSM,kaggle,2010-05-04,-0.0357494313142107,0.0225629280664731,0.0078510530292987
2026-05-06 16:38:10,WSM,kaggle,2010-05-05,-0.0312925200078603,0.0119697345090049,0.0009041698067449
2026-05-06 16:38:10,WSM,kaggle,2010-05-06,-0.0238764155935933,-0.0117508142213639,0.0024665780365467
2026-05-06 16:38:10,WSM,kaggle,2010-05-07,-0.0053956698793828,0.0167994051277773,0.0002170164370909
2026-05-06 16:38:10,WSM,kaggle,2010-05-10,0.0687160811842089,0.000105535749293,0.0011620166478678
2026-05-06 16:38:10,WSM,kaggle,2010-05-11,0.0064297982728651,0.0063678437164704,0.0020224174950271
2026-05-06 16:38:10,WSM,kaggle,2010-05-12,0.0302622604390301,-0.0020207906173869,0.0017103333957493
2026-05-06 16:38:10,WSM,kaggle,2010-05-13,-0.051240199937949,0.0117776535082352,0.0024871556088328
2026-05-06 16:38:10,WSM,kaggle,2010-05-14,-0.0306157343994364,0.0134192759443144,0.0041230004280805
2026-05-06 16:38:10,WSM,kaggle,2010-05-17,0.0319375304749365,0.0140578635733609,0.0038001309148967
2026-05-06 16:38:10,WSM,kaggle,2010-05-18,-0.0192572031434522,0.0029210074473799,0.0023296638391911
2026-05-06 16:38:10,WSM,kaggle,2010-05-19,-0.002805046368233,-0.0072482021003225,0.00227537821047
2026-05-06 16:38:10,WSM,kaggle,2010-05-20,0.0274261169004834,-0.0035028309198231,0.003084443276748
2026-05-06 16:38:10,WSM,kaggle,2010-05-21,-0.0130047628232807,0.0256897072821483,0.0043671028688549
2026-05-06 16:38:10,WSM,kaggle,2010-05-24,0.0152566065093495,0.0154375101952139,0.0019581529777497
2026-05-06 16:38:10,WSM,kaggle,2010-05-25,-0.0044399270856071,-0.0063781861913573,0.0023800935596227
2026-05-06 16:38:10,WSM,kaggle,2010-05-26,-0.020583203750312,0.0229080403873204,0.0030154024716466
2026-05-06 16:38:10,WSM,kaggle,2010-05-27,0.0511383898716912,-0.009087118456084,0.0016295295208692
2026-05-06 16:38:10,WSM,kaggle,2010-05-28,-0.0043319249291481,-0.0088540077786939,0.0007756209815852
2026-05-06 16:38:10,WSM,kaggle,2010-06-01,-0.0398259257072366,0.0239611192888962,0.0008860024390742
2026-05-06 16:38:10,WSM,kaggle,2010-06-02,0.0,-0.0119789920378575,0.0035713869147002
2026-05-06 16:38:10,WSM,kaggle,2010-06-03,0.0038340432539327,0.0314485970351103,0.0046180188655853
2026-05-06 16:38:10,WSM,kaggle,2010-06-04,-0.0465277843085337,0.0116303910981499,0.0014287766534835
2026-05-06 16:38:10,WSM,kaggle,2010-06-07,-0.032410758169023,-0.0214064421211527,0.0008397419005632
2026-05-06 16:38:10,WSM,kaggle,2010-06-08,-0.0124200198530802,-0.0059057672920091,1.6744015738368034e-05
2026-05-06 16:38:10,WSM,kaggle,2010-06-09,0.0232469746826362,0.0147878427599383,3.508478403091431e-05
2026-05-06 16:38:10,WSM,kaggle,2010-06-10,0.03538170734055,0.0202453566383952,0.0016072711441665
2026-05-06 16:38:10,WSM,kaggle,2010-06-11,-0.017266171057891,0.0010686873841068,0.0013627683511003
2026-05-06 16:38:10,WSM,kaggle,2010-06-14,0.0223279874511539,-0.0020245401484094,3.173761069774628e-05
2026-05-06 16:38:10,WSM,kaggle,2010-06-15,0.022914406826191,0.0141241626101484,0.0036928171757608
2026-05-06 16:38:10,WSM,kaggle,2010-06-16,-0.0101504729183194,0.0060091442740935,-0.0005075254011899
2026-05-06 16:38:10,WSM,kaggle,2010-06-17,-0.0487977735010064,-0.002971582463567,0.00029535475187
2026-05-06 16:38:10,WSM,kaggle,2010-06-18,-0.0055761940764841,0.0013957431681829,0.0013136701891198
2026-05-06 16:38:10,WSM,kaggle,2010-06-21,-0.0242990511600101,0.0053869154090959,0.0029142466373741
2026-05-06 16:38:10,WSM,kaggle,2010-06-22,-0.0080460148947116,0.0223401814436498,0.0055168089456856
2026-05-06 16:38:10,WSM,kaggle,2010-06-23,0.0158362246843479,0.0046577010191546,0.002175479196012
2026-05-06 16:38:10,WSM,kaggle,2010-06-24,-0.0307984596745148,-0.0005186820502653,0.0020938219968229
2026-05-06 16:38:10,WSM,kaggle,2010-06-25,-0.015692413578736,0.0077373134385048,-0.0005029272288084
2026-05-06 16:38:10,WSM,kaggle,2010-06-28,0.013949795908376,0.0064053820048677,0.0014168244088068
2026-05-06 16:38:10,WSM,kaggle,2010-06-29,-0.029874222206261,0.0074403610570427,0.0034783093724399
2026-05-06 16:38:10,WSM,kaggle,2010-06-30,0.0056725845995664,0.007424323803651,0.0014482627157121
2026-05-06 16:38:10,WSM,kaggle,2010-07-01,-0.0362610648507765,0.0045588574230636,0.002445017453283
2026-05-06 16:38:10,WSM,kaggle,2010-07-02,0.017558531561636,0.0090997683643204,0.0031413049437105
2026-05-06 16:38:10,WSM,kaggle,2010-07-06,-0.0246507961260605,0.0194671638205326,0.0014201370067894
2026-05-06 16:38:10,WSM,kaggle,2010-07-07,0.0328559685832199,-0.0028252421256966,0.0022431542165577
2026-05-06 16:38:10,WSM,kaggle,2010-07-08,0.0309951147917373,0.0063120967803688,0.0011809860588982
2026-05-06 16:38:10,WSM,kaggle,2010-07-09,0.0134493727592144,0.0142404888637427,0.0012953925179317
2026-05-06 16:38:10,WSM,kaggle,2010-07-12,0.0035128119551595,-0.0065213850958375,0.0035188875626772
2026-05-06 16:38:10,WSM,kaggle,2010-07-13,0.020225611679532,0.0032720141180976,0.0002401706879027
2026-05-06 16:38:10,WSM,kaggle,2010-07-14,-0.0282119627919396,0.0097698230501921,-0.0002718239556998
2026-05-06 16:38:10,WSM,kaggle,2010-07-15,-0.0094154481472416,0.0094591217021501,0.0015538486186414
2026-05-06 16:38:10,WSM,kaggle,2010-07-16,-0.0546534321095684,0.0022982701962274,0.001106844167225
2026-05-06 16:38:10,WSM,kaggle,2010-07-19,0.021784605451725,0.014732180314552,-0.0002353156451135
2026-05-06 16:38:10,WSM,kaggle,2010-07-20,0.0241902487639378,-0.0073247783121326,0.0010011427802965
2026-05-06 16:38:10,WSM,kaggle,2010-07-21,0.0156125421995165,0.0175086663382492,0.0022524902597069
2026-05-06 16:38:10,WSM,kaggle,2010-07-22,0.0429640602752221,0.006953476677562,0.0035480058286339
2026-05-06 16:38:10,WSM,kaggle,2010-07-23,0.0136054657145781,-0.0021452187230469,0.0029781383927911
2026-05-06 16:38:10,WSM,kaggle,2010-07-26,0.0499627206500858,0.0051720530671463,0.000710082007572
2026-05-06 16:38:10,WSM,kaggle,2010-07-27,-0.0539772892755663,0.0100814126386795,0.0020195180550217
2026-05-06 16:38:10,WSM,kaggle,2010-07-28,-0.0225224657608003,-0.0148552821815911,0.0009455120307393
2026-05-06 16:38:10,WSM,kaggle,2010-07-29,0.0230414152467761,0.008289752813028,-0.0012411479838192
2026-05-06 16:38:10,WSM,kaggle,2010-07-30,0.0026276162322818,0.0107185027962251,-0.0019835671409964
2026-05-06 16:38:10,WSM,kaggle,2010-08-02,0.0520404846365241,0.0042982321573251,-0.0003123788628727
2026-05-06 16:38:10,WSM,kaggle,2010-08-03,-0.0149466217292619,-0.0095875929226912,-0.0007785962661728
2026-05-06 16:38:10,WSM,kaggle,2010-08-04,-0.0130058022537032,0.0054081564618083,0.0001825520885176
2026-05-06 16:38:10,WSM,kaggle,2010-08-05,0.0040263767049895,-0.0020578510586265,0.0005772362928837
2026-05-06 16:38:10,WSM,kaggle,2010-08-06,0.0083849631672416,0.0039439810901651,-0.0009639272466301
2026-05-06 16:38:10,WSM,kaggle,2010-08-09,0.028561132316899,0.0045793263702503,0.0002346425899304
2026-05-06 16:38:10,WSM,kaggle,2010-08-10,-0.0214411456588142,-0.0027636716510635,0.0010708607733249
2026-05-06 16:38:10,WSM,kaggle,2010-08-11,-0.0416666609574095,-0.00523091286331,-0.0001859727781265
2026-05-06 16:38:10,WSM,kaggle,2010-08-12,0.0086206723990069,0.0155853648234463,0.0010581903625279
2026-05-06 16:38:10,WSM,kaggle,2010-08-13,-0.0085469915845595,0.0066529585653508,0.0001378777087666
2026-05-06 16:38:10,WSM,kaggle,2010-08-16,0.0119939914229363,0.0161755498358499,0.0020183562301099
2026-05-06 16:38:10,WSM,kaggle,2010-08-17,0.018148139671043,-0.0136362516658502,0.0009206606773659
2026-05-06 16:38:10,WSM,kaggle,2010-08-18,0.0305565718290918,0.0035878566581867,0.0032572804484516
2026-05-06 16:38:10,WSM,kaggle,2010-08-19,-0.0215319665370392,-0.0014473808286015,0.0026643825694918
2026-05-06 16:38:10,WSM,kaggle,2010-08-20,0.0111833110018031,-0.0028639910771769,0.0016644429415464
2026-05-06 16:38:10,WSM,kaggle,2010-08-23,-0.0535140907333139,0.0252428438218636,0.0014189253561198
2026-05-06 16:38:10,WSM,kaggle,2010-08-24,-0.0437240790572622,0.0009078636077147,0.0016614927444607
2026-05-06 16:38:10,WSM,kaggle,2010-08-25,0.0204965917703436,0.0047713651493347,0.0001578272203914
2026-05-06 16:38:10,WSM,kaggle,2010-08-26,-0.0038624363259383,0.0076773277969813,0.0010058055631816
2026-05-06 16:38:10,WSM,kaggle,2010-08-27,0.0352849870146467,-0.0084053551408353,0.0007692530052736
2026-05-06 16:38:10,WSM,kaggle,2010-08-30,-0.0239700853449192,0.0175578461844807,0.003926845267415
2026-05-06 16:38:10,WSM,kaggle,2010-08-31,-0.0038373132585983,0.0087680118861168,0.0038764488417655
2026-05-06 16:38:10,WSM,kaggle,2010-09-01,0.0381356592211492,0.0092729019327993,0.0036651166155934
2026-05-06 16:38:10,WSM,kaggle,2010-09-02,0.0445268579450657,0.0101273069269053,0.0045006861910223
2026-05-06 16:38:10,WSM,kaggle,2010-09-03,0.0252220604420154,0.004117908496685,0.0030928507912904
2026-05-06 16:38:10,WSM,kaggle,2010-09-07,-0.0294525420475855,-0.0030873967911721,0.003260106081143
2026-05-06 16:38:10,WSM,kaggle,2010-09-08,0.0028561200661314,0.0004302044722802,-0.0004661972634494
2026-05-06 16:38:10,WSM,kaggle,2010-09-09,0.01601996299377,0.0171303646559142,0.0015599934849888
2026-05-06 16:38:10,WSM,kaggle,2010-09-10,0.0122634359808544,0.0175554315984626,0.0033181405160576
2026-05-06 16:38:10,WSM,kaggle,2010-09-13,0.0221530394779581,0.0006682340001166,0.0026448755525052
2026-05-06 16:38:10,WSM,kaggle,2010-09-14,0.014222826499421,-0.0068834760787792,0.0037671288009732
2026-05-06 16:38:10,WSM,kaggle,2010-09-15,0.0003338337655596,0.0021813822235548,0.0004778518923558
2026-05-06 16:38:10,WSM,kaggle,2010-09-16,-0.0010012943996524,-0.0014380058948041,0.0008909102180041
2026-05-06 16:38:10,WSM,kaggle,2010-09-17,-0.001002361722005,0.0017625456294957,0.001673859776929
2026-05-06 16:38:10,WSM,kaggle,2010-09-20,0.0444816033670381,0.0283724228781435,0.0018243553349748
2026-05-06 16:38:10,WSM,kaggle,2010-09-21,-0.0156900345277134,-0.0051415080504364,0.0016589290462434
2026-05-06 16:38:10,WSM,kaggle,2010-09-22,0.0029277863779442,-0.0071984864661426,-0.0007896265015006
2026-05-06 16:38:10,WSM,kaggle,2010-09-23,-0.0042166448617679,-0.0049860858493287,-0.0007205831352621
2026-05-06 16:38:10,WSM,kaggle,2010-09-24,0.0328989673105304,0.0027227740742142,0.0010881444904953
2026-05-06 16:38:10,WSM,kaggle,2010-09-27,-0.0018921308002106,0.0184666499820929,0.0004177392111159
2026-05-06 16:38:10,WSM,kaggle,2010-09-28,-0.0012637917428376,-0.0022965718454163,0.0012189989211037
2026-05-06 16:38:10,WSM,kaggle,2010-09-29,0.0265738733428817,-0.0105875799064541,0.0012883298331871
2026-05-06 16:38:10,WSM,kaggle,2010-09-30,-0.0231124801961964,-0.0003806486593985,0.0009498361614532
2026-05-06 16:38:10,WSM,kaggle,2010-10-01,-0.005678242928821,-0.0001502946732603,-0.0010078223422169
2026-05-06 16:38:10,WSM,kaggle,2010-10-04,-0.0031726008888777,0.0081687298100874,-0.0002329997951164
2026-05-06 16:38:10,WSM,kaggle,2010-10-05,0.0194143444150773,0.0053693920502527,-0.0018367413431406
2026-05-06 16:38:10,WSM,kaggle,2010-10-06,-0.0121760663288104,0.0058776009213337,1.533667091280222e-05
2026-05-06 16:38:10,WSM,kaggle,2010-10-07,-0.0006320654488251,-0.0077275191392481,0.002667493186891
2026-05-06 16:38:10,WSM,kaggle,2010-10-08,0.0,0.0045192247358277,0.0020426514092832
2026-05-06 16:38:10,WSM,kaggle,2010-10-11,0.0480707941199374,0.0113044319840324,0.003104091854766
2026-05-06 16:38:10,WSM,kaggle,2010-10-12,0.0126735664266115,0.0091713213989692,0.0009933600667864
2026-05-06 16:38:10,WSM,kaggle,2010-10-13,0.014898688305714,0.0031925054899534,0.0024874284863471
2026-05-06 16:38:10,WSM,kaggle,2010-10-14,-0.0229008385949683,-0.0041007320146226,0.0043503995984792
2026-05-06 16:38:10,WSM,kaggle,2010-10-15,0.0081129948217317,0.0055162854853065,0.0040677124634385
2026-05-06 16:38:10,WSM,kaggle,2010-10-18,0.0038748456355144,0.0119772418460466,0.0023246859200298
2026-05-06 16:38:10,WSM,kaggle,2010-10-19,-0.0400830897235363,0.0062217794334604,0.0006326969596557
2026-05-06 16:38:10,WSM,kaggle,2010-10-20,0.0167026622408472,-0.0018647303092009,0.0023141214624047
2026-05-06 16:38:10,WSM,kaggle,2010-10-21,-0.0261636945025069,0.0053843516712585,0.0028564920648932
2026-05-06 16:38:10,WSM,kaggle,2010-10-22,-0.0024991571556443,0.0087943973522075,0.0027678937185555
2026-05-06 16:38:10,WSM,kaggle,2010-10-25,0.0031318031057108,-0.0013299531006418,0.0029978284146636
2026-05-06 16:38:10,WSM,kaggle,2010-10-26,0.0128004952556264,0.0137333501179046,0.0023562000133097
2026-05-06 16:38:10,WSM,kaggle,2010-10-27,-0.0061651343005151,0.0081772587820956,0.0017548566684126
2026-05-06 16:38:10,WSM,kaggle,2010-10-28,0.0052728957845822,-0.0051322088372748,0.001870711101219
2026-05-06 16:38:10,WSM,kaggle,2010-10-29,-0.0012342152334362,0.0079731097694495,0.0023229338694363
2026-05-06 16:38:10,WSM,kaggle,2010-11-01,0.0148285312967224,0.0091599385706792,0.0035143243148922
2026-05-06 16:38:10,WSM,kaggle,2010-11-02,0.036529705287043,0.0031210577176049,0.000924575026147
2026-05-06 16:38:10,WSM,kaggle,2010-11-03,0.0085169140095515,0.0136472181205909,0.0017661948222666
2026-05-06 16:38:10,WSM,kaggle,2010-11-04,0.0448456874980907,0.0010026958753579,0.0018613174324855
2026-05-06 16:38:10,WSM,kaggle,2010-11-05,0.0050167307641397,-0.0010043227196865,0.0029826220124959
2026-05-06 16:38:10,WSM,kaggle,2010-11-08,-0.0130338658570114,0.0049157290108102,0.001412917394191
2026-05-06 16:38:10,WSM,kaggle,2010-11-09,-0.0269738432244106,-0.0007393379578827,0.0017933271592482
2026-05-06 16:38:10,WSM,kaggle,2010-11-10,0.0254114128292131,0.0125323314369202,0.0024353740736842
2026-05-06 16:38:10,WSM,kaggle,2010-11-11,0.0152070104492201,0.0028649437019558,0.0006403839797712
2026-05-06 16:38:10,WSM,kaggle,2010-11-12,-0.0110956371608027,0.0081494143771737,0.0016636160435155
2026-05-06 16:38:10,WSM,kaggle,2010-11-15,-0.0067321646057315,-0.0072394195911712,0.0020483150146901
2026-05-06 16:38:10,WSM,kaggle,2010-11-16,-0.0144026637596971,0.0083960619486315,0.0025382130406796
2026-05-06 16:38:10,WSM,kaggle,2010-11-17,0.0257878989063733,0.0140250037291818,0.0012269774451851
2026-05-06 16:38:10,WSM,kaggle,2010-11-18,-0.1036312615513138,0.0036530404452424,0.0017155278474092
2026-05-06 16:38:10,WSM,kaggle,2010-11-19,0.0165160104947563,-0.0141424787410096,0.0021236208267509
2026-05-06 16:38:10,WSM,kaggle,2010-11-22,-0.0055180965993176,0.0108576325862693,0.0035431734286248
2026-05-06 16:38:10,WSM,kaggle,2010-11-23,0.0104808929402344,0.0137087524398792,0.0013344686012715
2026-05-06 16:38:10,WSM,kaggle,2010-11-24,0.0341672601674836,-0.0072211304118196,0.0007950051221996
2026-05-06 16:38:10,WSM,kaggle,2010-11-26,-0.0126843742130077,0.0165771915937595,-0.0003914232365787
2026-05-06 16:38:10,WSM,kaggle,2010-11-29,0.005975409051329,-0.004271796430001,0.0008927644812501
2026-05-06 16:38:10,WSM,kaggle,2010-11-30,-0.0118799445480982,0.00667501201886,0.0003496722783893
2026-05-06 16:38:10,WSM,kaggle,2010-12-01,0.0291554315406319,0.0020614477613126,-0.0003073585685342
2026-05-06 16:38:10,WSM,kaggle,2010-12-02,0.01255830810163,0.004811164896344,0.0018501868471503
2026-05-06 16:38:10,WSM,kaggle,2010-12-03,0.010095249705893,-0.0015696993096176,0.0007390460814349
2026-05-06 16:38:10,WSM,kaggle,2010-12-06,-0.0259851466452614,0.0131775522889641,0.0021917482372373
2026-05-06 16:38:10,WSM,kaggle,2010-12-07,-0.0064497571611406,0.0067685408256692,0.0027697675395756
2026-05-06 16:38:10,WSM,kaggle,2010-12-08,0.003540836059189,0.0088465043628539,0.0031227068975567
2026-05-06 16:38:10,WSM,kaggle,2010-12-09,0.0217583568064532,0.019025959343293,0.0025823782198131
2026-05-06 16:38:10,WSM,kaggle,2010-12-10,0.0020143797071716,-0.0055535934101656,0.0030987451318651
2026-05-06 16:38:10,WSM,kaggle,2010-12-13,0.0126363765239891,0.0064774993437046,0.0030193363782018
2026-05-06 16:38:10,WSM,kaggle,2010-12-14,-0.0065229595344554,-0.0040559315894815,0.0037648032885044
2026-05-06 16:38:10,WSM,kaggle,2010-12-15,-0.0179845068618815,0.0145740313940713,0.0042031584307551
2026-05-06 16:38:10,WSM,kaggle,2010-12-16,0.0171511664656187,0.0164378827804137,0.0029018244240432
2026-05-06 16:38:10,WSM,kaggle,2010-12-17,0.018576669905725,0.0026178075693137,0.0035733180120587
2026-05-06 16:38:10,WSM,kaggle,2010-12-20,-0.0028057933735582,0.0156656921317544,0.0009472566307522
2026-05-06 16:38:10,WSM,kaggle,2010-12-21,0.012943136539754,-0.0237776056211094,1.6281090211123228e-05
2026-05-06 16:38:10,WSM,kaggle,2010-12-22,-0.0091667175292968,0.0029475832277306,0.0001140406820923
2026-05-06 16:38:10,WSM,kaggle,2010-12-23,0.0095318242231898,0.0147879726117912,0.0020178142003715
2026-05-06 16:38:10,WSM,kaggle,2010-12-27,0.0,0.0074734281322312,0.0008406487759202
2026-05-06 16:38:10,WSM,kaggle,2010-12-28,-0.0041654462141961,-0.0015589932573513,-0.000299901003018
2026-05-06 16:38:10,WSM,kaggle,2010-12-29,0.0041828697330903,-0.0013749028557265,1.9639672245830297e-05
2026-05-06 16:38:10,WSM,kaggle,2010-12-30,0.0016662420463133,-0.0001076945905344,0.0001469762064516
2026-05-06 16:38:10,WSM,kaggle,2010-12-31,-0.0105351003972911,0.002037226636192,0.0005368046113289
2026-05-06 16:38:10,WSM,kaggle,2011-01-03,0.011207664367338,0.0107360903900132,-0.0019348405767232
2026-05-06 16:38:10,WSM,kaggle,2011-01-04,-0.0138542531971739,0.0046197309815714,0.0024723564274609
2026-05-06 16:38:10,WSM,kaggle,2011-01-05,-0.0042147098970438,0.0068547928053162,0.001768349437043
2026-05-06 16:38:10,WSM,kaggle,2011-01-06,-0.029909638816828,-0.0038776250440557,0.0026405430398881
2026-05-06 16:38:10,WSM,kaggle,2011-01-07,-0.0049447928551765,0.0062369049288468,0.0030131321400403
2026-05-06 16:38:10,WSM,kaggle,2011-01-10,-0.0046769906955282,0.0032254234156861,0.0010651175398379
2026-05-06 16:38:10,WSM,kaggle,2011-01-11,-0.0023494278458118,0.0145517519332992,0.00181859661825
2026-05-06 16:38:10,WSM,kaggle,2011-01-12,0.0061818980549424,0.0025195476089064,0.0016123376553878
2026-05-06 16:38:10,WSM,kaggle,2011-01-13,-0.0374487644197899,0.0043297132465473,0.0031663798727095
2026-05-06 16:38:10,WSM,kaggle,2011-01-14,-0.0082067004632595,0.0040409055672426,0.0021687648259103
2026-05-06 16:38:10,WSM,kaggle,2011-01-18,0.0,0.0078287092400561,0.0016445155488327
2026-05-06 16:38:10,WSM,kaggle,2011-01-19,-0.0199203648360913,0.0075692291830207,0.0006676658522337
2026-05-06 16:38:10,WSM,kaggle,2011-01-20,0.0078173859780648,0.0078824336242215,0.0019176884088665
2026-05-06 16:38:10,WSM,kaggle,2011-01-21,0.0,0.0011121704279169,0.0026403162628412
2026-05-06 16:38:10,WSM,kaggle,2011-01-24,0.0031027704076542,0.0129668607402246,0.0032284690532833
2026-05-06 16:38:10,WSM,kaggle,2011-01-25,-0.0052583351071536,0.0082987942767071,0.0024191769771277
2026-05-06 16:38:10,WSM,kaggle,2011-01-26,0.0208333951126089,0.0072842410296753,0.0026549096219241
2026-05-06 16:38:10,WSM,kaggle,2011-01-27,0.0137068816065835,0.0126534612120032,0.0018433809746056
2026-05-06 16:38:10,WSM,kaggle,2011-01-28,-0.0282451520789642,0.0032500625755211,0.0019932435825467
2026-05-06 16:38:10,WSM,kaggle,2011-01-31,-0.0043289854356179,-0.0021278164167404,0.0035046872217208
2026-05-06 16:38:10,WSM,kaggle,2011-02-01,0.0307452745438741,0.0135308568327161,0.0031721505802124
2026-05-06 16:38:10,WSM,kaggle,2011-02-02,-0.0286229884769473,0.0137843734144422,0.00224439939484
2026-05-06 16:38:10,WSM,kaggle,2011-02-03,0.0431141227445042,0.0051694706140798,0.0026175556704401
2026-05-06 16:38:10,WSM,kaggle,2011-02-04,0.0258697265611929,0.0051492373104412,0.0017284263158217
2026-05-06 16:38:10,WSM,kaggle,2011-02-07,0.0089855470519135,0.0133151377663684,0.002261420013383
2026-05-06 16:38:10,WSM,kaggle,2011-02-08,0.0040218151142004,-0.0107397313993381,0.0015931576490402
2026-05-06 16:38:10,WSM,kaggle,2011-02-09,0.0572246053316478,0.0084742651491035,0.0013424581848084
2026-05-06 16:38:10,WSM,kaggle,2011-02-10,0.0159675274805313,0.0171928432277445,0.0013949638232588
2026-05-06 16:38:10,WSM,kaggle,2011-02-11,0.0111880170139151,-0.0073639445707378,0.0008934995857998
2026-05-06 16:38:10,WSM,kaggle,2011-02-14,0.0065858800323908,-0.0021805230050624,0.0003926163772121
2026-05-06 16:38:10,WSM,kaggle,2011-02-15,-0.0172729616128233,0.0082449886117248,0.0007678468828089
2026-05-06 16:38:10,WSM,kaggle,2011-02-16,0.0087883312319481,-0.007129459569307,-0.0004706061445176
2026-05-06 16:38:10,WSM,kaggle,2011-02-17,0.0147834620592215,0.0112658255494255,-0.0004413973074406
2026-05-06 16:38:10,WSM,kaggle,2011-02-18,-0.0065036422718884,0.0012679908611444,-0.0011324505321681
2026-05-06 16:38:10,WSM,kaggle,2011-02-22,-0.0369206571907545,-0.0091919347971264,-7.842294871807098e-05
2026-05-06 16:38:10,WSM,kaggle,2011-02-23,-0.0320826629782269,-0.0092049204725891,-9.357533417642117e-05
2026-05-06 16:38:10,WSM,kaggle,2011-02-24,0.002247242541677,0.0120368023277368,-3.808119799941778e-05
2026-05-06 16:38:10,WSM,kaggle,2011-02-25,0.0215807301339057,0.0082219148601562,-0.0002480297116562
2026-05-06 16:38:10,WSM,kaggle,2011-02-28,-0.0098765597480479,-0.001710902654832,-0.0014172981027513
2026-05-06 16:38:10,WSM,kaggle,2011-03-01,-0.0210584183518964,-0.0003189799727281,5.8067089412361383e-05
2026-05-06 16:38:10,WSM,kaggle,2011-03-02,0.0166995841299963,-0.0021599179576473,0.000334040087182
2026-05-06 16:38:10,WSM,kaggle,2011-03-03,0.016425394840303,0.0015193989886464,3.104348434135318e-05
2026-05-06 16:38:10,WSM,kaggle,2011-03-04,-0.0093125217260654,0.0189465173225581,0.0012579452013596
2026-05-06 16:38:10,WSM,kaggle,2011-03-07,-0.0116117829750379,-0.0029469334168248,0.0010877040913328
2026-05-06 16:38:10,WSM,kaggle,2011-03-08,0.0176224074997268,-0.0044414511063124,0.0014171825023368
2026-05-06 16:38:10,WSM,kaggle,2011-03-09,-0.0038482513891715,0.0094950597396125,0.0016608836594969
2026-05-06 16:38:10,WSM,kaggle,2011-03-10,-0.0168322456429138,0.0118579876674749,0.0028695801738649
2026-05-06 16:38:10,WSM,kaggle,2011-03-11,-0.0011226751144596,-0.0081770654412053,0.0022985097020864
2026-05-06 16:38:10,WSM,kaggle,2011-03-14,-0.0171396630440083,0.0222024023014858,0.0014450364978983
2026-05-06 16:38:10,WSM,kaggle,2011-03-15,0.1257862087895729,0.0111567004273135,0.0031429245136678
2026-05-06 16:38:10,WSM,kaggle,2011-03-16,-0.0215846182265997,0.0111891327907571,0.0041832514107227
2026-05-06 16:38:10,WSM,kaggle,2011-03-17,-0.0007785824097402,-0.0086959004607126,0.0026278989389538
2026-05-06 16:38:10,WSM,kaggle,2011-03-18,-0.0122078239143669,9.770260709974794e-05,0.0054440251551568
2026-05-06 16:38:10,WSM,kaggle,2011-03-21,0.018669548302916,0.0252108182194958,0.0041185012087225
2026-05-06 16:38:10,WSM,kaggle,2011-03-22,-0.0049045542894713,0.0149812854545815,0.0031580154318362
2026-05-06 16:38:10,WSM,kaggle,2011-03-23,0.0101167158850032,-0.0039089462054252,0.0032484093680977
2026-05-06 16:38:10,WSM,kaggle,2011-03-24,0.0097586307528678,-0.0055686272832806,0.0048401607200503
2026-05-06 16:38:10,WSM,kaggle,2011-03-25,0.0033062326837287,0.0131788493467028,0.002170430496335
2026-05-06 16:38:10,WSM,kaggle,2011-03-28,-0.010646437909252,-0.0007899003743274,0.0014776715543121
2026-05-06 16:38:10,WSM,kaggle,2011-03-29,0.0012811440769078,0.0112492484337742,0.0007581123500131
2026-05-06 16:38:10,WSM,kaggle,2011-03-30,0.0125383275540216,-0.0040510819019201,1.785979839041829e-05
2026-05-06 16:38:10,WSM,kaggle,2011-03-31,0.0235026614189595,0.006784849481331,0.0010527861304581
2026-05-06 16:38:10,WSM,kaggle,2011-04-01,0.0133333559389468,-0.0041744575873956,0.0006740875542163
2026-05-06 16:38:10,WSM,kaggle,2011-04-04,-0.0041423484368943,-0.0019072702686228,-0.0007621716940775
2026-05-06 16:38:10,WSM,kaggle,2011-04-05,0.0178615013778926,0.0009425457380379,-0.0014690575189888
2026-05-06 16:38:10,WSM,kaggle,2011-04-06,0.0043269305715902,0.0080054399373288,-0.0004168514860793
2026-05-06 16:38:10,WSM,kaggle,2011-04-07,0.0184298822465553,0.0192972498755944,0.0012403004802763
2026-05-06 16:38:10,WSM,kaggle,2011-04-08,0.0049353487247481,-0.0086227642543156,0.0015293274773284
2026-05-06 16:38:10,WSM,kaggle,2011-04-11,-0.013797946111957,-0.0189972425998083,0.000107240746729
2026-05-06 16:38:10,WSM,kaggle,2011-04-12,-0.0071140443463777,0.0136902172921699,0.0004225774318911
2026-05-06 16:38:10,WSM,kaggle,2011-04-13,-0.0062096567510349,-0.0026873525582808,0.0020484952256083
2026-05-06 16:38:10,WSM,kaggle,2011-04-14,0.0257149646510226,0.0195372784526336,0.0016772417584434
2026-05-06 16:38:10,WSM,kaggle,2011-04-15,-0.0018744571340826,0.0032928703623371,0.0007584447157569
2026-05-06 16:38:10,WSM,kaggle,2011-04-18,-0.0197183141473157,-0.0022631077234726,0.0012799010146409
2026-05-06 16:38:10,WSM,kaggle,2011-04-19,-0.010775789423587,-0.0076934541517038,0.002347310539335
2026-05-06 16:38:10,WSM,kaggle,2011-04-20,0.0116194511323999,0.0187530475539813,0.0013664788566529
2026-05-06 16:38:10,WSM,kaggle,2011-04-21,0.0067001381469899,0.0026041744202913,0.0012319558300077
2026-05-06 16:38:10,WSM,kaggle,2011-04-25,-0.0009508180607917,0.0047387601430921,0.0021350558381527
2026-05-06 16:38:10,WSM,kaggle,2011-04-26,0.0116583795550373,0.0029478587844153,0.0028603416867554
2026-05-06 16:38:10,WSM,kaggle,2011-04-27,0.0082313845332329,0.0095505506492214,0.0079432819038629
2026-05-06 16:38:10,WSM,kaggle,2011-04-28,0.0088640326004909,-0.0009442179040876,0.0001883254153653
2026-05-06 16:38:10,WSM,kaggle,2011-04-29,0.0036994184372742,0.008578559367284,0.0011995660606771
2026-05-06 16:38:10,WSM,kaggle,2011-05-02,-0.0165860682615516,0.0049792245731844,0.0012427372857928
2026-05-06 16:38:10,WSM,kaggle,2011-05-03,-0.0079643983023033,0.0014350584565917,0.0024171485565602
2026-05-06 16:38:10,WSM,kaggle,2011-05-04,0.0063754537778475,0.0049654258427596,0.0016745837638154
2026-05-06 16:38:10,WSM,kaggle,2011-05-05,0.0098545751799248,0.0040455467734789,0.0024200626648962
2026-05-06 16:38:10,WSM,kaggle,2011-05-06,-0.0125464894061498,0.0089636094096779,0.0023356121964752
2026-05-06 16:38:10,WSM,kaggle,2011-05-09,0.0188235114602481,0.0039979261811424,0.0019934782758355
2026-05-06 16:38:10,WSM,kaggle,2011-05-10,0.0448037523230668,0.0114217973963544,0.0017207970377057
2026-05-06 16:38:10,WSM,kaggle,2011-05-11,-0.016578248721794,0.0085960634827899,0.0024414639919996
2026-05-06 16:38:10,WSM,kaggle,2011-05-12,0.0089907326610698,-0.0076841756151798,0.0029859216883778
2026-05-06 16:38:10,WSM,kaggle,2011-05-13,-0.0111383383113901,0.0066356222951802,0.0031338026747107
2026-05-06 16:38:10,WSM,kaggle,2011-05-16,-0.0234287211044627,0.010618246375718,0.0022956116590648
2026-05-06 16:38:10,WSM,kaggle,2011-05-17,-0.0053056412994716,0.0023973686484303,0.0016968226991593
2026-05-06 16:38:10,WSM,kaggle,2011-05-18,0.0032467391724566,0.0048883954126497,0.0024170991964638
2026-05-06 16:38:10,WSM,kaggle,2011-05-19,-0.0476189930309904,0.008452567843834,0.0018021544674411
2026-05-06 16:38:10,WSM,kaggle,2011-05-20,-0.0276698875858735,-0.0052286312702745,0.0020966234151273
2026-05-06 16:38:10,WSM,kaggle,2011-05-23,-0.0209685502693951,0.008006874803872,0.0011593948584049
2026-05-06 16:38:10,WSM,kaggle,2011-05-24,-0.0058643430667442,0.0132152237265463,0.0005876522045582
2026-05-06 16:38:10,WSM,kaggle,2011-05-25,0.0107719453927919,-0.0038219507373913,0.0011458612279966
2026-05-06 16:38:10,WSM,kaggle,2011-05-26,0.0129408354099929,0.0093652036856424,0.001649128855206
2026-05-06 16:38:10,WSM,kaggle,2011-05-27,-0.0045089303290234,0.0082559725226483,0.0026265331543982
2026-05-06 16:38:10,WSM,kaggle,2011-05-31,-0.0148465054773156,0.0016130243025778,0.0011636959388852
2026-05-06 16:38:10,WSM,kaggle,2011-06-01,-0.0127713915839694,0.0063646956761606,0.0008698205929249
2026-05-06 16:38:10,WSM,kaggle,2011-06-02,-0.0168176326058793,0.0154282934189408,0.0017670152010396
2026-05-06 16:38:10,WSM,kaggle,2011-06-03,-0.0042105223003187,0.0074675604927805,0.0027474255766719
2026-05-06 16:38:10,WSM,kaggle,2011-06-06,-0.004756879081658,1.9731036238291276e-05,0.0024838796816766
2026-05-06 16:38:10,WSM,kaggle,2011-06-07,-0.0050451042878068,0.0076546875478031,0.0024127149954438
2026-05-06 16:38:10,WSM,kaggle,2011-06-08,-0.0261542436698628,0.0082278616324748,0.0030302107334136
2026-05-06 16:38:10,WSM,kaggle,2011-06-09,0.0123320615934017,0.0047698381749033,0.002933181123808
2026-05-06 16:38:10,WSM,kaggle,2011-06-10,-0.0154304200328824,0.02591567524261,0.0029018784407526
2026-05-06 16:38:10,WSM,kaggle,2011-06-13,0.0019246548496005,0.005515599220617,0.0025216941721737
2026-05-06 16:38:10,WSM,kaggle,2011-06-14,0.004939635344658,-0.0058905596594456,0.0019941790960729
2026-05-06 16:38:10,WSM,kaggle,2011-06-15,-0.0240305100787908,0.0135640657053693,0.0026624733582139
2026-05-06 16:38:10,WSM,kaggle,2011-06-16,-0.0170677275238934,0.0106838325192329,0.0032122728880494
2026-05-06 16:38:10,WSM,kaggle,2011-06-17,-0.009963059441408,0.0045346951838579,0.0029535768553614
2026-05-06 16:38:10,WSM,kaggle,2011-06-20,0.0301898530365343,0.0215002989331672,0.0022385036572813
2026-05-06 16:38:10,WSM,kaggle,2011-06-21,0.056935445062187,0.0093830809021412,0.0034985991660505
2026-05-06 16:38:10,WSM,kaggle,2011-06-22,-0.0134670804308845,-0.0014747203308482,0.0034036694560199
2026-05-06 16:38:10,WSM,kaggle,2011-06-23,0.0064239255848146,-0.0039181598483698,0.0004194229841232
2026-05-06 16:38:10,WSM,kaggle,2011-06-24,-0.0090425576166419,0.0053110252102764,0.0010360577143728
2026-05-06 16:38:10,WSM,kaggle,2011-06-27,-0.0203971646744274,0.0112051459227166,-0.0001237732358276
2026-05-06 16:38:10,WSM,kaggle,2011-06-28,-0.0186301453472816,0.0062394936051259,-0.000282367458567
2026-05-06 16:38:10,WSM,kaggle,2011-06-29,0.0173087363809876,0.0016647557643544,0.0004997988580726
2026-05-06 16:38:10,WSM,kaggle,2011-06-30,0.0013722023502262,0.0046938990689657,0.0001074543106369
2026-05-06 16:38:10,WSM,kaggle,2011-07-01,-0.0027405394414484,0.0001407745355724,-0.0013772919774055
2026-05-06 16:38:10,WSM,kaggle,2011-07-05,0.0052212817970065,0.0044507116844853,-0.00013280112762
2026-05-06 16:38:10,WSM,kaggle,2011-07-06,0.0010934144020768,0.0125560500806538,0.0004989341832697
2026-05-06 16:38:10,WSM,kaggle,2011-07-07,0.0480612284971435,0.0006439200561477,0.0012864744057878
2026-05-06 16:38:10,WSM,kaggle,2011-07-08,-0.007556042403768,0.012456904421456,0.0017407301347702
2026-05-06 16:38:10,WSM,kaggle,2011-07-11,-0.0144394653414875,-0.0149455866523919,0.0012400427367538
2026-05-06 16:38:10,WSM,kaggle,2011-07-12,-0.0055940085069575,-0.0013924118264441,0.0001169873867183
2026-05-06 16:38:10,WSM,kaggle,2011-07-13,0.016876432427439,0.0149175027399978,-0.0003096042200922
2026-05-06 17:01:40,ZION,kaggle,2011-04-06,0.0131795587221801,-0.006516174865006,0.0023829038254916
2026-05-06 17:01:40,ZION,kaggle,2011-04-07,-0.011788654919932,0.0007937351599558,0.002474368084222
2026-05-06 17:01:40,ZION,kaggle,2011-04-08,-0.0037021865308544,0.0149363480200664,0.0032922567334026
2026-05-06 17:01:40,ZION,kaggle,2011-04-11,-0.0024772695145908,-0.0065392837875643,0.0024617374874651
2026-05-06 17:01:40,ZION,kaggle,2011-04-12,0.0033112551411966,-0.000666536366791,0.0012876609107479
2026-05-06 17:01:40,ZION,kaggle,2011-04-13,-0.0198019615003562,0.0102911988777075,0.0010136562632396
2026-05-06 17:01:40,ZION,kaggle,2011-04-14,-0.0134680004941767,-0.0073956758294182,0.0012756161158904
2026-05-06 17:01:40,ZION,kaggle,2011-04-15,-0.0106655287672352,-0.003301097905282,0.0008528332691639
2026-05-06 17:01:40,ZION,kaggle,2011-04-18,-0.0099181304134586,0.0115495851101556,0.0010991118615493
2026-05-06 17:01:40,ZION,kaggle,2011-04-19,0.038763124237185,0.0044756640165757,0.0027932852972298
2026-05-06 17:01:40,ZION,kaggle,2011-04-20,-0.015932958575987,0.0033477134325968,0.0030214812140911
2026-05-06 17:01:40,ZION,kaggle,2011-04-21,0.0080954639802441,0.0063467542681837,0.0025257056113332
2026-05-06 17:01:40,ZION,kaggle,2011-04-25,0.0152155795719897,0.0004308962358305,0.00331139145419
2026-05-06 17:01:40,ZION,kaggle,2011-04-26,0.0149874561258207,0.0077779297056312,0.0021805204451084
2026-05-06 17:01:40,ZION,kaggle,2011-04-27,0.0024610900474342,0.0086402508753228,0.0010899626649916
2026-05-06 17:01:40,ZION,kaggle,2011-04-28,0.0049099398225276,0.000183172392474,0.0003441652224864
2026-05-06 17:01:40,ZION,kaggle,2011-04-29,-0.0048859501015531,-0.0018809433116138,0.0010749746579676
2026-05-06 17:01:40,ZION,kaggle,2011-05-02,-0.0040916685468306,0.0109113758666983,0.0017715494614094
2026-05-06 17:01:40,ZION,kaggle,2011-05-03,0.0041084790814636,-0.0031633174019311,0.0022159274667501
2026-05-06 17:01:40,ZION,kaggle,2011-05-04,-0.0036824938879389,0.0064976124308159,0.0024178402964025
2026-05-06 17:01:40,ZION,kaggle,2011-05-05,-0.0168377758106368,0.0019846759805133,0.0011534073855727
2026-05-06 17:01:40,ZION,kaggle,2011-05-06,-0.0050125662721971,-0.0022010701968072,0.0014544524019584
2026-05-06 17:01:40,ZION,kaggle,2011-05-09,-0.0008396497909283,0.0026055998004136,0.0009163788054138
2026-05-06 17:01:40,ZION,kaggle,2011-05-10,0.0159664319452377,0.0017416497470025,-0.0004140592063777
2026-05-06 17:01:40,ZION,kaggle,2011-05-11,-0.0053763881916663,-0.0047948782792558,-0.000441817974206
2026-05-06 17:01:40,ZION,kaggle,2011-05-12,-0.019126781665914,0.0038676103667772,-0.0006310991593636
2026-05-06 17:01:40,ZION,kaggle,2011-05-13,-0.0199236672452047,0.0031161652603802,-0.0007084010867401
2026-05-06 17:01:40,ZION,kaggle,2011-05-16,0.0012975250089943,0.0007893839676702,0.0004993333132006
2026-05-06 17:01:40,ZION,kaggle,2011-05-17,0.021598272494129,0.0057128572317518,0.001712390454486
2026-05-06 17:01:40,ZION,kaggle,2011-05-18,0.0054968740047409,0.008414608815286,0.0027435231022536
2026-05-06 17:01:40,ZION,kaggle,2011-05-19,-0.0021026552971152,0.0018102845742082,0.0034296803642064
2026-05-06 17:01:40,ZION,kaggle,2011-05-20,-0.0176991186007567,0.0044954890431299,0.0030821138061583
2026-05-06 17:01:40,ZION,kaggle,2011-05-23,-0.0111540212286025,0.0114070008182707,0.0033277319744229
2026-05-06 17:01:40,ZION,kaggle,2011-05-24,0.0052061103342881,0.0034758306584115,0.0034212050959467
2026-05-06 17:01:40,ZION,kaggle,2011-05-25,-0.0025895324015891,0.0064582727100257,0.0031872349791228
2026-05-06 17:01:40,ZION,kaggle,2011-05-26,0.0017308094817096,0.0035501235833272,0.0017487865407019
2026-05-06 17:01:40,ZION,kaggle,2011-05-27,0.0241900421239806,-0.0028421313241176,0.0007155790226534
2026-05-06 17:01:40,ZION,kaggle,2011-05-31,0.0050611912217231,-0.0021376237689276,-0.0001650803606025
2026-05-06 17:01:40,ZION,kaggle,2011-06-01,-0.0360889892196782,0.0087564025703929,-0.0004737771232612
2026-05-06 17:01:40,ZION,kaggle,2011-06-02,0.0039181608741087,-0.001290868957677,0.0006958995945751
2026-05-06 17:01:40,ZION,kaggle,2011-06-03,-0.0073720763326563,0.0019649998983262,-0.0004055293393321
2026-05-06 17:01:40,ZION,kaggle,2011-06-06,-0.0318916365968301,0.0069700474131661,0.0001242378784809
2026-05-06 17:01:40,ZION,kaggle,2011-06-07,-0.0171479766869664,-0.0064282503373908,0.0010078072082251
2026-05-06 17:01:40,ZION,kaggle,2011-06-08,0.0110192728903502,-5.691207933166938e-05,0.0017690735403448
2026-05-06 17:01:40,ZION,kaggle,2011-06-09,0.0077202576185237,0.0100918341078146,0.0020058955997228
2026-05-06 17:01:40,ZION,kaggle,2011-06-10,-0.0072104481100186,0.0043240641138043,0.002341407816857
2026-05-06 17:01:40,ZION,kaggle,2011-06-13,0.0095324138868482,0.0047311022555489,0.0022724135778844
2026-05-06 17:01:40,ZION,kaggle,2011-06-14,0.0148381262186254,0.0072148568077223,0.0024267907720059
2026-05-06 17:01:40,ZION,kaggle,2011-06-15,-0.009747422079272,-0.0010310294771266,0.0027367749717086
2026-05-06 17:01:40,ZION,kaggle,2011-06-16,0.0017896647649222,0.0073792287494311,0.0024028436746448
2026-05-06 17:01:40,ZION,kaggle,2011-06-17,0.0334970978313982,0.0088175399506419,0.0017928860615938
2026-05-06 17:01:40,ZION,kaggle,2011-06-20,0.0008643240402423,-0.0004188877087162,0.0019776152912527
2026-05-06 17:01:40,ZION,kaggle,2011-06-21,0.0077720339534412,0.0026091409510451,0.0024455531965941
2026-05-06 17:01:40,ZION,kaggle,2011-06-22,-0.0141388141194791,0.004443745235979,0.0031700271647423
2026-05-06 17:01:40,ZION,kaggle,2011-06-23,-0.0126032556559185,0.0038289714821759,0.002370782662183
2026-05-06 17:01:40,ZION,kaggle,2011-06-24,-0.0145246449682805,-0.0034179612942264,0.0012237631017342
2026-05-06 17:01:40,ZION,kaggle,2011-06-27,0.0165252724126672,0.0047153945557885,0.0006292153848335
2026-05-06 17:01:40,ZION,kaggle,2011-06-28,0.0144991177674635,0.0019104485581978,0.001275579445064
2026-05-06 17:01:40,ZION,kaggle,2011-06-29,0.0433087913985104,-0.0020374168960857,0.0025073566939681
2026-05-06 17:01:40,ZION,kaggle,2011-06-30,-0.0033208768451361,-0.0002048280395048,0.0025842359755188
2026-05-06 17:01:40,ZION,kaggle,2011-07-01,0.0170762117244345,0.0110883938858067,0.0021365126594901
2026-05-06 17:01:40,ZION,kaggle,2011-07-05,-0.0131040005661122,-0.0079881162041908,0.0012148927198722
2026-05-06 17:01:40,ZION,kaggle,2011-07-06,-0.0024896043565424,0.0106040296235731,0.0010124495020136
2026-05-06 17:01:40,ZION,kaggle,2011-07-07,0.0183027707966845,0.0019562357846283,0.0015256945043802
2026-05-06 17:01:40,ZION,kaggle,2011-07-08,-0.0024509586219094,-0.0034578557427855,0.0019327723421156
2026-05-06 17:01:40,ZION,kaggle,2011-07-11,-0.0290745695988154,0.0009343179231173,0.0030536937993019
2026-05-06 17:01:40,ZION,kaggle,2011-07-12,0.0025306358333143,0.0103641768843193,0.0048121279105544
2026-05-06 17:01:40,ZION,kaggle,2011-07-13,0.0016827516789401,0.0011051445351308,0.0047583025880157
2026-05-06 17:01:40,ZION,kaggle,2011-07-14,-0.0352793016139886,0.0115614251359403,0.0035543201956897
2026-05-06 17:01:40,ZION,kaggle,2011-07-15,0.0087070426172444,0.0020690498028574,0.0040715895593166
2026-05-06 17:01:40,ZION,kaggle,2011-07-18,-0.016400481636398,0.0010203557254478,0.0030814306810498
2026-05-06 17:01:40,ZION,kaggle,2011-07-19,-0.0065819008272484,0.0054011018864777,0.0013622719561681
2026-05-06 17:01:40,ZION,kaggle,2011-07-20,0.0163427936929436,-0.0033454966025393,0.0007753983954899
2026-05-06 17:01:40,ZION,kaggle,2011-07-21,0.0173837294459562,0.0135382153533474,0.0011278856545686
2026-05-06 17:01:40,ZION,kaggle,2011-07-22,0.0012815329705704,0.0049319759949066,0.0010057310573756
2026-05-06 17:01:40,ZION,kaggle,2011-07-25,-0.0017065236610904,-0.0022889659416577,0.0005080782575532
2026-05-06 17:01:40,ZION,kaggle,2011-07-26,-0.0200854410690803,0.0050945513601381,0.0008424335974268
2026-05-06 17:01:40,ZION,kaggle,2011-07-27,-0.0335804817930973,0.0127021089082861,0.0010640701511874
2026-05-06 17:01:40,ZION,kaggle,2011-07-28,-0.0036101048852397,-0.0089760516114148,0.0005210966337472
2026-05-06 17:01:40,ZION,kaggle,2011-07-29,-0.0081521877625789,0.0113392103792313,0.0010960487416014
2026-05-06 17:01:40,ZION,kaggle,2011-08-01,-0.0036529646164178,0.0085836767471727,0.0026242786552757
2026-05-06 17:01:40,ZION,kaggle,2011-08-02,-0.0449129035720742,-0.0050293086747261,0.0022800276055932
2026-05-06 17:01:40,ZION,kaggle,2011-08-03,0.0028790530471725,0.0021276399939533,0.0018979418091475
2026-05-06 17:01:40,ZION,kaggle,2011-08-04,-0.0717703362381918,0.007969518367705,0.0002698186435736
2026-05-06 17:01:40,ZION,kaggle,2011-08-05,-0.0139175496429275,0.0018766171115316,-0.0011476830113679
2026-05-06 17:01:40,ZION,kaggle,2011-08-08,-0.0940930118152925,-0.0050446571208787,-0.0021391862537711
2026-05-06 17:01:40,ZION,kaggle,2011-08-09,0.039815380097824,0.0134423755833863,-0.0015574935823678
2026-05-06 17:01:40,ZION,kaggle,2011-08-10,-0.1087680877930749,-0.009830892986735,-0.0005208883667364
2026-05-06 17:01:40,ZION,kaggle,2011-08-11,0.0622665026932689,0.0156320713523979,0.0014615813270211
2026-05-06 17:01:40,ZION,kaggle,2011-08-12,-0.0334114720203909,-0.0009202789225053,0.0013191259931772
2026-05-06 17:01:40,ZION,kaggle,2011-08-15,0.0527592996548844,0.0294769451731138,0.0021268087439239
2026-05-06 17:01:40,ZION,kaggle,2011-08-16,-0.0276498521145639,-0.0160499052144645,0.0017153206281363
2026-05-06 17:01:40,ZION,kaggle,2011-08-17,0.0088863467616484,0.032482257972202,0.0023814886808395
2026-05-06 17:01:40,ZION,kaggle,2011-08-18,-0.0751615170308978,-0.0073501869911995,0.0034875222481787
2026-05-06 17:01:40,ZION,kaggle,2011-08-19,-0.041269817049541,0.0195321166277399,0.0029771937988698
2026-05-06 17:01:40,ZION,kaggle,2011-08-22,-0.0039735376225772,-0.0109833136180099,0.0019438972231
2026-05-06 17:01:40,ZION,kaggle,2011-08-23,0.042553214424603,0.0278902471481443,0.0022820848971605
2026-05-06 17:01:40,ZION,kaggle,2011-08-24,0.0408162868107331,-0.0215458119369817,0.0016665450530126
2026-05-06 17:01:40,ZION,kaggle,2011-08-25,-0.0263479999719508,0.0061618853345827,-1.1083560821134595e-05
2026-05-06 17:01:40,ZION,kaggle,2011-08-26,0.0226557362428581,0.0001389381635934,0.0001717013074085
2026-05-06 17:01:40,ZION,kaggle,2011-08-29,0.0621538602388822,-0.0017281226931899,-0.0007214111392386
2026-05-06 17:01:40,ZION,kaggle,2011-08-30,-0.0040556021955947,0.0119392737223777,-0.0003297567018307
2026-05-06 17:01:40,ZION,kaggle,2011-08-31,0.0145433386988376,0.0006882066558144,0.0013131374726071
2026-05-06 17:01:40,ZION,kaggle,2011-09-01,-0.0441514010426765,-0.0114274370372893,0.0028084088116884
2026-05-06 17:01:40,ZION,kaggle,2011-09-02,-0.029394107311072,-0.0054095229047175,0.0034775845706462
2026-05-06 17:01:40,ZION,kaggle,2011-09-06,-0.0117429252456094,0.0121688048071828,0.0039442754350602
2026-05-06 17:01:40,ZION,kaggle,2011-09-07,0.0587867759545241,-0.0056676744892181,0.0036493076477199
2026-05-06 17:01:40,ZION,kaggle,2011-09-08,-0.0165387289780442,0.0116197281736499,0.0038470479194074
2026-05-06 17:01:40,ZION,kaggle,2011-09-09,-0.0312312594400872,-0.0075293741816837,0.0057470514439046
2026-05-06 17:01:40,ZION,kaggle,2011-09-12,0.0161190478865145,0.0059684862369103,0.0070541999302804
2026-05-06 17:01:40,ZION,kaggle,2011-09-13,0.0140330358846885,0.0124105300857222,0.0080595072358846
2026-05-06 17:01:40,ZION,kaggle,2011-09-14,0.0174487962415823,0.0172060908997071,0.0074788671918213
2026-05-06 17:01:40,ZION,kaggle,2011-09-15,0.0331164678294237,0.0011689565437536,0.0084900362417101
2026-05-06 17:01:40,ZION,kaggle,2011-09-16,-0.0085861261835087,0.0147753965091239,0.0055730636231601
2026-05-06 17:01:40,ZION,kaggle,2011-09-19,-0.0531177882508203,-0.0038380189932357,0.0054993028752505
2026-05-06 17:01:40,ZION,kaggle,2011-09-20,-0.0012195401359078,0.001874680902149,0.0027394525241106
2026-05-06 17:01:40,ZION,kaggle,2011-09-21,-0.0622710351861591,0.0075410329455112,0.0045202285982668
2026-05-06 17:01:40,ZION,kaggle,2011-09-22,-0.0403645767849712,0.0155431631689027,0.0010678258258849
2026-05-06 17:01:40,ZION,kaggle,2011-09-23,0.0061058449108146,-0.0119206362300439,0.004763092380017
2026-05-06 17:01:40,ZION,kaggle,2011-09-26,0.066082299457338,0.0216041155547033,0.0042589684017002
2026-05-06 17:01:40,ZION,kaggle,2011-09-27,-0.011385218241515,0.004565723399829,0.0073318039067089
2026-05-06 17:01:40,ZION,kaggle,2011-09-28,-0.0563019902749626,-0.0036468020586994,0.0052618663758039
2026-05-06 17:01:40,ZION,kaggle,2011-09-29,0.0203389959820246,0.0140351184789476,0.0041695847176015
2026-05-06 17:01:40,ZION,kaggle,2011-09-30,-0.0644518441684779,0.0233056958431815,-0.0006095686694607
2026-05-06 17:01:40,ZION,kaggle,2011-10-03,-0.0284090639700083,-0.0154887857372315,-0.0027102096937596
2026-05-06 17:01:40,ZION,kaggle,2011-10-04,0.0774853393491035,-0.0029319832641789,-0.0031274282373487
2026-05-06 17:01:40,ZION,kaggle,2011-10-05,0.0033921432504249,0.0062148926058687,-0.0014677223516628
2026-05-06 17:01:40,ZION,kaggle,2011-10-06,0.073698455402249,-0.0020690607880692,-0.0003991292323917
2026-05-06 17:01:40,ZION,kaggle,2011-10-07,-0.0283375192709173,-0.0027983700629489,-0.0012963927583768
2026-05-06 17:01:40,ZION,kaggle,2011-10-10,0.0466623006554951,0.0325297178881978,0.0008903930429369
2026-05-06 17:01:40,ZION,kaggle,2011-10-11,0.0303405438199482,-0.007699794093718,0.0042145070619881
2026-05-06 17:01:40,ZION,kaggle,2011-10-12,0.0450721170378507,-0.0033484112064557,0.0036475341767072
2026-05-06 17:01:40,ZION,kaggle,2011-10-13,-0.0316273292906461,0.0174929528731474,0.0034418553113937
2026-05-06 17:01:40,ZION,kaggle,2011-10-14,-0.0077197783216917,-0.0114405714114718,0.0005578984855674
2026-05-06 17:01:40,ZION,kaggle,2011-10-17,-0.0490723390830024,-0.0325287063264808,-0.000545984134078
2026-05-06 17:01:40,ZION,kaggle,2011-10-18,0.0698552317617593,0.0362250275413697,-0.0002945603919215
2026-05-06 17:01:40,ZION,kaggle,2011-10-19,-0.0341176425709444,-0.0177879478902796,0.0019585634581744
2026-05-06 17:01:40,ZION,kaggle,2011-10-20,0.0103532323693091,-0.0041048927640772,1.7378122720401734e-05
2026-05-06 17:01:40,ZION,kaggle,2011-10-21,0.0235081004256412,-0.0112871596043365,-0.0007457500905729
2026-05-06 17:01:40,ZION,kaggle,2011-10-24,0.0588928166642515,0.0050825647816553,0.0009606510866433
2026-05-06 17:01:40,ZION,kaggle,2011-10-25,-0.0700778788076164,0.0014576427837439,0.0029614965897053
2026-05-06 17:01:40,ZION,kaggle,2011-10-26,0.011961768609626,0.0188919098236225,0.0055257966741919
2026-05-06 17:01:40,ZION,kaggle,2011-10-27,0.080969316374464,0.001198368789689,0.0079361293464899
2026-05-06 17:01:40,ZION,kaggle,2011-10-28,-0.0027337967143966,0.0168236468965801,0.0069963848218321
2026-05-06 17:01:40,ZION,kaggle,2011-10-31,-0.0482455686298868,-0.0078057717324566,0.0052254204638302
2026-05-06 17:01:40,ZION,kaggle,2011-11-01,-0.0397465731450595,0.0101793056731454,0.005189346615225
2026-05-06 17:01:40,ZION,kaggle,2011-11-02,0.0227953904635542,0.0012023560577137,0.0023249459918588
2026-05-06 17:01:40,ZION,kaggle,2011-11-03,0.021114406244022,0.0062003213748773,0.002075761789456
2026-05-06 17:01:40,ZION,kaggle,2011-11-04,-0.0201034109441277,0.0229819542090716,0.0040915594436228
2026-05-06 17:01:40,ZION,kaggle,2011-11-07,0.0070340470685805,-0.0003193827257134,0.0073196659795939
2026-05-06 17:01:40,ZION,kaggle,2011-11-08,0.0215366079925678,-0.0099522288675329,0.0048210434615612
2026-05-06 17:01:40,ZION,kaggle,2011-11-09,-0.0643874193669689,0.0038676795268197,0.0019449349492788
2026-05-06 17:01:40,ZION,kaggle,2011-11-10,-0.0091351776999583,0.0298090571105402,0.0008123505976982
2026-05-06 17:01:40,ZION,kaggle,2011-11-11,0.0344191426051967,-0.0205315983094518,-0.003661880036816
2026-05-06 17:01:40,ZION,kaggle,2011-11-14,-0.024955441366482,0.0004713454057399,-0.0054671093821525
2026-05-06 17:01:40,ZION,kaggle,2011-11-15,0.0188908878016393,-0.0030548029878686,-0.0033917883411049
2026-05-06 17:01:40,ZION,kaggle,2011-11-16,-0.0041865847906051,0.0007990751286673,-0.0031754127703607
2026-05-06 17:01:40,ZION,kaggle,2011-11-17,-0.0276275732739783,0.0024555479356236,-0.0007231881027109
2026-05-06 17:01:40,ZION,kaggle,2011-11-18,0.0043236375858646,0.0113131837921626,-0.00175207760185
2026-05-06 17:01:40,ZION,kaggle,2011-11-21,-0.031980347505778,-0.0016811953464392,0.0008083513821475
2026-05-06 17:08:39,VRTX,kaggle,2011-04-06,-0.0068464590934944,-0.0015590584314221,0.0063328389078378
2026-05-06 17:08:39,VRTX,kaggle,2011-04-07,0.0105558314906313,0.00509577957297,0.0020540128462016
2026-05-06 17:08:39,VRTX,kaggle,2011-04-08,0.0266467704981021,-0.009944210422522,0.0006365221925079
2026-05-06 17:08:39,VRTX,kaggle,2011-04-11,0.001245875695206,0.0009273623364673,0.0002734446898102
2026-05-06 17:08:39,VRTX,kaggle,2011-04-12,-0.0051845705862957,-0.0027197911322206,9.06316563487053e-06
2026-05-06 17:08:39,VRTX,kaggle,2011-04-13,-0.0118824198523933,-0.0041040671026801,-0.0016424702480435
2026-05-06 17:08:39,VRTX,kaggle,2011-04-14,0.0040084097171442,-0.0057417016899209,-0.0014071157202124
2026-05-06 17:08:39,VRTX,kaggle,2011-04-15,0.0090355180457464,0.0023521719194973,-0.0004905827809125
2026-05-06 17:08:39,VRTX,kaggle,2011-04-18,-0.0214493704597694,0.0057785925653095,0.0021030690986663
2026-05-06 17:08:39,VRTX,kaggle,2011-04-19,-0.0036178331042809,-7.118369705886966e-05,0.003485111054033
2026-05-06 17:08:39,VRTX,kaggle,2011-04-20,0.0247757337670453,0.0008287279624068,0.0009985002689063
2026-05-06 17:08:39,VRTX,kaggle,2011-04-21,0.0289703918905801,7.021612001201607e-05,0.0034101661294698
2026-05-06 17:08:39,VRTX,kaggle,2011-04-25,-0.0269393973087259,0.0032498333205565,0.0007006295491009
2026-05-06 17:08:39,VRTX,kaggle,2011-04-26,0.1015819558787867,0.0025875974849893,0.0024513329844921
2026-05-06 17:08:39,VRTX,kaggle,2011-04-27,0.049508745979502,0.0022862681668519,0.0020636171102523
2026-05-06 17:08:39,VRTX,kaggle,2011-04-28,0.0,-0.0006729305046842,0.0032755332067608
2026-05-06 17:08:39,VRTX,kaggle,2011-04-29,-0.0088225003671148,0.0012973445630486,0.0016591267194598
2026-05-06 17:08:39,VRTX,kaggle,2011-05-02,0.0,-0.0046120589195515,0.0015323892002925
2026-05-06 17:08:39,VRTX,kaggle,2011-05-03,-0.0056312000524979,0.0020645657157113,0.0008116042008623
2026-05-06 17:08:39,VRTX,kaggle,2011-05-04,0.0104128549022028,-0.0041899158156626,0.0007939921924844
2026-05-06 17:08:39,VRTX,kaggle,2011-05-05,-0.0383294647250862,0.0033840553139507,0.000883033266291
2026-05-06 17:08:39,VRTX,kaggle,2011-05-06,0.0253807543461839,-0.0018801278329104,0.0002944490406662
2026-05-06 17:08:39,VRTX,kaggle,2011-05-09,0.0570223791372572,-0.0134703580384123,0.0003061506431549
2026-05-06 17:08:39,VRTX,kaggle,2011-05-10,-0.0104076716901563,-0.0053004913961313,-0.0005966157186776
2026-05-06 17:08:39,VRTX,kaggle,2011-05-11,-0.0140227738432791,-0.0037664967900646,-0.0004328596405684
2026-05-06 17:08:39,VRTX,kaggle,2011-05-12,0.031288859049479,-0.0059085031995266,0.0006641233339905
2026-05-06 17:08:39,VRTX,kaggle,2011-05-13,-0.009136335022098,-0.0033899445814335,0.0008612542878836
2026-05-06 17:08:39,VRTX,kaggle,2011-05-16,-0.0036534287777498,-0.0042793697900007,0.0008136031683534
2026-05-06 17:08:39,VRTX,kaggle,2011-05-17,-0.0132705103921024,-0.0028747260634065,0.0008458639495074
2026-05-06 17:08:39,VRTX,kaggle,2011-05-18,-0.0192886247560291,-0.0016097698718671,0.0011425805278122
2026-05-06 17:08:39,VRTX,kaggle,2011-05-19,-0.0113676880951429,-0.0029689552007176,0.0003985338844358
2026-05-06 17:08:39,VRTX,kaggle,2011-05-20,0.0038327994335394,-0.0058694418392713,-0.0002281563356518
2026-05-06 17:08:39,VRTX,kaggle,2011-05-23,0.0147272976962002,0.0050692672448628,-4.248274490237236e-05
2026-05-06 17:08:39,VRTX,kaggle,2011-05-24,0.0080630162546015,-0.0006843414288196,0.0010091897565871
2026-05-06 17:08:39,VRTX,kaggle,2011-05-25,-0.0122644622697205,-0.0004352521649824,0.0017845374532043
2026-05-06 17:08:39,VRTX,kaggle,2011-05-26,-0.0232139809719577,-0.003086615738659,0.0024166656658053
2026-05-06 17:08:39,VRTX,kaggle,2011-05-27,-0.0136329749523093,-0.0021679475239657,0.0024896347895264
2026-05-06 17:08:39,VRTX,kaggle,2011-05-31,0.0084049449989633,0.0032491164497026,0.0032052048482
2026-05-06 17:08:39,VRTX,kaggle,2011-06-01,-0.0179663121049687,0.0080937206428085,0.004337175283581
2026-05-06 17:08:39,VRTX,kaggle,2011-06-02,0.0279139858441781,0.0023302550525761,0.0032344730570912
2026-05-06 17:08:39,VRTX,kaggle,2011-06-03,0.0047706114042789,-0.0014578182047303,0.0024174149148166
2026-05-06 17:08:39,VRTX,kaggle,2011-06-06,-0.0071219759240767,0.0068341315748754,0.0022474739234894
2026-05-06 17:08:39,VRTX,kaggle,2011-06-07,-0.0036785132769638,0.0006292381640539,0.0019581986125558
2026-05-06 17:08:39,VRTX,kaggle,2011-06-08,-0.0190141926179232,-0.0060573782474913,0.0017788514960557
2026-05-06 17:08:39,VRTX,kaggle,2011-06-09,-0.0954083506408892,0.0060821736421483,0.0006487807258963
2026-05-06 17:08:39,VRTX,kaggle,2011-06-10,0.0027044116692438,0.0019492912013286,0.0016257411334663
2026-05-06 17:08:39,VRTX,kaggle,2011-06-13,-0.019916993138531,0.0046472236746602,0.0021182103082537
2026-05-06 17:08:39,VRTX,kaggle,2011-06-14,-0.0097375716093507,0.0037682502190295,0.002102606697008
2026-05-06 17:08:39,VRTX,kaggle,2011-06-15,-0.0076956096568109,0.0005248306200806,0.0023893453180789
2026-05-06 17:08:39,VRTX,kaggle,2011-06-16,-0.0178801820141536,0.0059686336078511,0.0022542411461472
2026-05-06 17:08:39,VRTX,kaggle,2011-06-17,-0.0127221282981672,0.0087159650786647,0.0029655671678483
2026-05-06 17:08:39,VRTX,kaggle,2011-06-20,0.0033326267823285,-0.003125697384672,0.0003330116160213
2026-05-06 17:08:39,VRTX,kaggle,2011-06-21,0.0152789776138257,0.0118821584010446,0.000632168026641
2026-05-06 17:08:39,VRTX,kaggle,2011-06-22,0.0296619554113874,0.0088320395404186,0.0013225318398326
2026-05-06 17:08:39,VRTX,kaggle,2011-06-23,0.0171574113323256,-0.0006756051380088,0.0009285103296861
2026-05-06 17:08:39,VRTX,kaggle,2011-06-24,0.0118700476757713,0.0055733140291333,0.0002776018809527
2026-05-06 17:08:39,VRTX,kaggle,2011-06-27,0.0026754695967687,0.0052259291419841,0.0013330085203051
2026-05-06 17:08:39,VRTX,kaggle,2011-06-28,0.041256122150487,0.0095706106728948,0.0014949599280953
2026-05-06 17:08:39,VRTX,kaggle,2011-06-29,0.0303568091745236,0.0106065233656399,0.0020363943185657
2026-05-06 17:08:39,VRTX,kaggle,2011-06-30,-0.0053567778236988,0.009899163498233,0.0020718500018119
2026-05-06 17:08:39,VRTX,kaggle,2011-07-01,-0.0055780131980156,0.0053937833777214,0.001306012738496
2026-05-06 17:08:39,VRTX,kaggle,2011-07-05,0.0094777148266655,-0.0054604212570991,0.000515897758305
2026-05-06 17:08:39,VRTX,kaggle,2011-07-06,-0.0387047424969638,0.0008890329530602,0.0003070728853344
2026-05-06 17:08:39,VRTX,kaggle,2011-07-07,-0.000797231458837,-0.0025411903545323,0.0007309593493118
2026-05-06 17:08:39,VRTX,kaggle,2011-07-08,0.0107719347561223,0.0035386385950591,0.0014609128702431
2026-05-06 17:08:39,VRTX,kaggle,2011-07-11,-0.0078941725998875,0.0011437459357696,0.0014659130247309
2026-05-06 17:08:39,VRTX,kaggle,2011-07-12,0.0226775289291325,-0.003703775271912,0.0002974295057356
2026-05-06 17:08:39,VRTX,kaggle,2011-07-13,0.0015561531081917,-0.0047500903851002,-0.0008805571123957
2026-05-06 17:08:39,VRTX,kaggle,2011-07-14,-0.022528642641261,-0.0036241856093467,-0.0011948221363127
2026-05-06 17:08:39,VRTX,kaggle,2011-07-15,0.0069540723502445,-0.0075764631185682,-0.002589990850538
2026-05-06 17:08:39,VRTX,kaggle,2011-07-18,-0.0219021429295098,-0.0008496506145488,-0.0022189104929566
2026-05-06 17:08:39,VRTX,kaggle,2011-07-19,0.0272341836278455,0.0011371329157341,-0.0014728987589478
2026-05-06 17:08:39,VRTX,kaggle,2011-07-20,-0.0141397767458083,-0.0044607115912291,-0.0004483740776777
2026-05-06 17:08:39,VRTX,kaggle,2011-07-21,0.0193226571964908,0.0059353409351785,0.0019381488673388
2026-05-06 17:08:39,VRTX,kaggle,2011-07-22,-0.0037130864472904,0.0014580708981299,0.006699678953737
2026-05-06 17:08:39,VRTX,kaggle,2011-07-25,-0.0300117456460408,-0.0022575519724977,0.0007321196608245
2026-05-06 17:08:39,VRTX,kaggle,2011-07-26,0.0020222138034027,0.0084445943497545,0.0020969365723431
2026-05-06 17:08:39,VRTX,kaggle,2011-07-27,-0.0328960866440556,0.0002070244973846,0.0022906013764441
2026-05-06 17:08:39,VRTX,kaggle,2011-07-28,0.0012521155171891,0.0085141268781097,0.002923441119492
2026-05-06 17:08:39,VRTX,kaggle,2011-07-29,0.0808670509615097,-0.000752408496632,0.0036251582205295
2026-05-06 17:08:39,VRTX,kaggle,2011-08-01,-0.017740107458829,0.0012343665204674,0.0032158568501472
2026-05-06 17:08:39,VRTX,kaggle,2011-08-02,-0.0371024625167042,0.0052224881182965,0.002367325592786
2026-05-06 17:08:39,VRTX,kaggle,2011-08-03,-0.0234454175141503,-0.0070075633814498,0.0017733913846313
2026-05-06 17:08:39,VRTX,kaggle,2011-08-04,-0.0774530851980354,0.0057527079474786,0.0014622318558394
2026-05-06 17:08:39,VRTX,kaggle,2011-08-05,-0.0269291392552734,0.0063244583153977,0.0013916221214458
2026-05-06 17:08:39,VRTX,kaggle,2011-08-08,-0.0697674418604651,0.0039206946980008,0.0010855855653062
2026-05-06 17:08:39,VRTX,kaggle,2011-08-09,0.1112500190734864,0.0079484641760666,0.000521843554452
2026-05-06 17:08:39,VRTX,kaggle,2011-08-10,-0.0600675351589355,-0.0105154865008128,-9.57641750574112e-05
2026-05-06 17:08:39,VRTX,kaggle,2011-08-11,0.038056491121196,0.0003117075020976,0.0002226922661066
2026-05-06 17:08:39,VRTX,kaggle,2011-08-12,0.0258243664783359,0.0066991647151333,0.001129146083258
2026-05-06 17:08:39,VRTX,kaggle,2011-08-15,0.0409080608262844,-0.0012936347539036,0.0013429861282929
2026-05-06 17:08:39,VRTX,kaggle,2011-08-16,-0.0032390740969707,0.022146874044577,0.0015756024513393
2026-05-06 17:08:39,VRTX,kaggle,2011-08-17,0.0106152876968492,-0.0014698470453732,0.0031239173840731
2026-05-06 17:08:39,VRTX,kaggle,2011-08-18,-0.0291532811547092,0.0156207466196063,0.0011854858603328
2026-05-06 17:08:39,VRTX,kaggle,2011-08-19,0.026495931523111,-0.0059174442638513,0.0009206675458699
2026-05-06 17:08:39,VRTX,kaggle,2011-08-22,-0.0217251473384713,0.0001212030792104,0.0011199687141925
2026-05-06 17:08:39,VRTX,kaggle,2011-08-23,0.0329815306749723,0.0149775267285597,0.0006764344871044
2026-05-06 17:08:39,VRTX,kaggle,2011-08-24,-0.009578560394299,-0.0004472282888002,0.0014257235452532
2026-05-06 17:08:39,VRTX,kaggle,2011-08-25,-0.0240704698316712,0.0090001753451769,0.0020376336760818
2026-05-06 17:08:39,VRTX,kaggle,2011-08-26,-0.0033032707857948,0.0022995893368455,0.0010307248448953
2026-05-06 17:08:39,VRTX,kaggle,2011-08-29,-0.028943826937141,-0.0060295630525962,0.0013244210276752
2026-05-06 17:08:39,VRTX,kaggle,2011-08-30,0.0300341222277589,0.0024491115320443,6.107031367719173e-05
2026-05-06 17:08:39,VRTX,kaggle,2011-08-31,0.0,-0.0091351877828587,0.0006094085983932
2026-05-06 17:08:39,VRTX,kaggle,2011-09-01,-0.0035343460524456,0.0038786609604662,-0.0001278624404221
2026-05-06 17:08:39,VRTX,kaggle,2011-09-02,-0.0115273875133653,-0.0033919123875608,0.0006268383003771
2026-05-06 17:08:39,VRTX,kaggle,2011-09-06,0.0219780116367516,-0.0015301221764519,0.0011969897896051
2026-05-06 17:08:39,VRTX,kaggle,2011-09-07,0.0300636151209008,0.0090093974213616,-0.0003238124772906
2026-05-06 17:08:39,VRTX,kaggle,2011-09-08,0.013421412154809,0.0013572058036185,-0.0001725086476653
2026-05-06 17:08:39,VRTX,kaggle,2011-09-09,-0.036998073004501,-0.0032760438710262,-0.0024240612983703
2026-05-06 17:08:39,VRTX,kaggle,2011-09-12,0.0430036530659099,-0.0019991444048169,-0.001573143992573
2026-05-06 17:08:39,VRTX,kaggle,2011-09-13,0.0508581073097202,-0.0044633435836896,0.0004135337658226
2026-05-06 17:08:39,VRTX,kaggle,2011-09-14,0.0067715626127751,0.0060972686878254,0.0028511816635727
2026-05-06 17:08:39,VRTX,kaggle,2011-09-15,-0.0085064354434357,0.0018964313778691,0.0041713481768965
2026-05-06 17:08:39,VRTX,kaggle,2011-09-16,0.0079808765842657,0.0073965332786357,0.0084185656160116
2026-05-06 17:08:39,VRTX,kaggle,2011-09-19,-0.0067300108770217,0.0045839513502565,0.005246689543128
2026-05-06 17:08:39,VRTX,kaggle,2011-09-20,0.0372658214530119,-0.0056339493425643,0.0060968804173171
2026-05-06 17:08:39,VRTX,kaggle,2011-09-21,0.0217099151715385,0.0046037594186862,0.0038779329042881
2026-05-06 17:08:39,VRTX,kaggle,2011-09-22,-0.0727716981887289,-0.0009913840733517,0.0043464661575853
2026-05-06 17:08:39,VRTX,kaggle,2011-09-23,0.0287973662421039,-0.0093017526154965,0.0001597634982317
2026-05-06 17:08:39,VRTX,kaggle,2011-09-26,-0.0364675436785848,-0.0101449318495718,-0.0002314271405339
2026-05-06 17:08:39,VRTX,kaggle,2011-09-27,-0.0241407585800055,0.0013610293005455,-0.0001738057471811
2026-05-06 17:08:39,VRTX,kaggle,2011-09-28,-0.0421384088905957,-0.0008769574286779,0.0004364396445453
2026-05-06 17:08:39,VRTX,kaggle,2011-09-29,-0.0258262276349903,-0.0035576692280125,0.0003247028216719
2026-05-06 17:08:39,VRTX,kaggle,2011-09-30,-0.0011233259704788,0.0001609756401783,0.0011550453491508
2026-05-06 17:08:39,VRTX,kaggle,2011-10-03,-0.0892936906827862,-0.0089858451859665,-0.0002902883570641
2026-05-06 17:08:39,VRTX,kaggle,2011-10-04,0.0691528555443263,0.0052619234235984,0.0007100799120962
2026-05-06 17:08:39,VRTX,kaggle,2011-10-05,0.0422729955568339,-0.0008029739724361,-1.919805072247982e-05
2026-05-06 17:08:39,VRTX,kaggle,2011-10-06,-0.0108598819895642,0.0009344775231428,0.0015984955243766
2026-05-06 17:08:39,VRTX,kaggle,2011-10-07,-0.0042572806824777,0.0100893886822168,0.0025117492768913
2026-05-06 17:08:39,VRTX,kaggle,2011-10-10,-0.0906840437406043,-0.0005969086517736,0.0021631706040352
2026-05-06 17:08:39,VRTX,kaggle,2011-10-11,-0.0113832983471816,0.0155966255109106,0.0029511745087802
2026-05-06 17:08:39,VRTX,kaggle,2011-10-12,0.0072590966205028,-0.0045224380902427,0.001783920568414
2026-05-06 17:08:39,VRTX,kaggle,2011-10-13,0.090457237520352,0.0183760466520507,0.0028533651493489
2026-05-06 17:08:39,VRTX,kaggle,2011-10-14,-0.0136737072518975,0.0147162059084559,0.0031928124371916
2026-05-06 17:08:39,VRTX,kaggle,2011-10-17,-0.0737060701636371,-0.0067215983938657,0.003143181791529
2026-05-06 17:08:39,VRTX,kaggle,2011-10-18,0.0212022566945844,0.0108264536829212,0.0023123582359403
2026-05-06 17:08:39,VRTX,kaggle,2011-10-19,-0.0188080235367015,-0.0080483322764608,0.0025309445336461
2026-05-06 17:08:39,VRTX,kaggle,2011-10-20,0.0525267788531482,0.0257513957179223,0.0030323581304401
2026-05-06 17:08:39,VRTX,kaggle,2011-10-21,-0.0127719280137372,0.0082489249397616,0.0034240819513797
2026-05-06 17:08:39,VRTX,kaggle,2011-10-24,0.0543842010489776,-0.0015208780749081,0.0008208365179598
2026-05-06 17:08:39,VRTX,kaggle,2011-10-25,-0.0154509547014867,-0.0035174189588772,0.0007122891256585
2026-05-06 17:08:39,VRTX,kaggle,2011-10-26,-0.0101546831943796,-0.0144072757656239,0.0007635357324033
2026-05-06 17:08:39,VRTX,kaggle,2011-10-27,-0.0072277352064632,0.0206330834321598,0.0004861373454332
2026-05-06 17:08:39,VRTX,kaggle,2011-10-28,-0.0234852033113506,-0.0003250759463032,-0.0006050341762602
2026-05-06 17:08:39,VRTX,kaggle,2011-10-31,-0.0478595861191264,0.0085855108012184,-0.0011541389394551
2026-05-06 17:08:39,VRTX,kaggle,2011-11-01,-0.0457186503236903,-0.002924639197662,-0.0018151984550058
2026-05-06 17:08:39,VRTX,kaggle,2011-11-02,-0.023292675538682,-0.0001355836104761,-0.0008587739430367
2026-05-06 17:08:39,VRTX,kaggle,2011-11-03,-0.0073170852736771,-0.0026469490149854,0.0027655288577079
2026-05-06 17:08:39,VRTX,kaggle,2011-11-04,0.0,-0.0082122801921197,-0.0010521011427044
2026-05-06 17:08:39,VRTX,kaggle,2011-11-07,-0.0930930862128847,0.0116968305641662,0.0017513161292299
2026-05-06 17:08:39,VRTX,kaggle,2011-11-08,-0.0833835146290534,0.0052188257052204,0.0019420076860114
2026-05-06 17:08:39,VRTX,kaggle,2011-11-09,0.0134646908748559,0.0074294929042917,0.0033099502325057
2026-05-06 17:08:39,VRTX,kaggle,2011-11-10,0.0362929005098295,0.005244287567582,0.0026720310561358
2026-05-06 17:08:39,VRTX,kaggle,2011-11-11,-0.0184490356795867,0.0137314385601686,0.0025088053662329
2026-05-06 17:08:39,VRTX,kaggle,2011-11-14,-0.0433258594917789,0.0042480203836558,0.0054145045578479
2026-05-06 17:08:39,VRTX,kaggle,2011-11-15,-0.0109890081971528,-0.0006326830906765,-0.0001256705727428
2026-05-06 17:08:39,VRTX,kaggle,2011-11-16,-0.0148148324159864,0.0087689717711818,0.0003664474934339
2026-05-06 17:08:39,VRTX,kaggle,2011-11-17,-0.008544087424621,0.0123929483723598,0.0025805695913732
2026-05-06 17:08:39,VRTX,kaggle,2011-11-18,-0.0248190040563209,0.0287142368068123,0.0041733188554644
2026-05-06 17:08:39,VRTX,kaggle,2011-11-21,-0.0258042214902965,0.0166002889421782,0.0088465921580791
2026-05-06 18:09:18,GOOGL,kaggle,2010-02-02,-0.003564507344704,0.0020896068498684,0.0026611243374645
2026-05-06 18:09:18,GOOGL,kaggle,2010-02-03,0.0182633052835397,0.0077227383067593,0.0024685717653483
2026-05-06 18:09:18,GOOGL,kaggle,2010-02-04,-0.0259606197077342,0.0112036921262746,0.0025427639484405
2026-05-06 18:09:18,GOOGL,kaggle,2010-02-05,0.008561471203508,0.0015072833502375,0.0028400833252817
2026-05-06 18:09:18,GOOGL,kaggle,2010-02-08,0.0041032349255494,-2.8230917059164033e-05,0.0035387706011533
2026-05-06 18:09:18,GOOGL,kaggle,2010-02-09,0.0055673014960815,0.0141500707194703,0.0042223813943564
2026-05-06 18:09:18,GOOGL,kaggle,2010-02-10,-0.0037096643479511,0.0107862199008828,0.00459801312536
2026-05-06 18:09:18,GOOGL,kaggle,2010-02-11,0.0036486357289982,0.0053795991916889,0.0047578285448253
2026-05-06 18:09:18,GOOGL,kaggle,2010-02-12,-0.0061149175729708,0.008186078786634,0.0050031626597046
2026-05-06 18:09:18,GOOGL,kaggle,2010-02-16,0.0153437211531786,0.0080838590214563,0.0052254241891205
2026-05-06 18:09:18,GOOGL,kaggle,2010-02-17,-0.0057085653374353,0.0056427206979612,0.0054931109771132
2026-05-06 18:09:18,GOOGL,kaggle,2010-02-18,0.0093087473131723,0.0188374139381787,0.0051887007430195
2026-05-06 18:09:18,GOOGL,kaggle,2010-02-19,-0.0045285534019094,0.0003949626641826,0.0048975548706948
2026-05-06 18:09:18,GOOGL,kaggle,2010-02-22,0.0037723760726087,0.0194777953949088,0.0048388792201876
2026-05-06 18:09:18,GOOGL,kaggle,2010-02-23,-0.0142409625913417,0.0037554157669794,0.0050687589682638
2026-05-06 18:09:18,GOOGL,kaggle,2010-02-24,-0.0067280415326456,0.0044191414789401,0.0049731940962374
2026-05-06 18:09:18,GOOGL,kaggle,2010-02-25,-0.0094831294074644,0.0035434894907747,0.0047896816395223
2026-05-06 18:09:18,GOOGL,kaggle,2010-02-26,0.0007028303050513,0.0140334037673724,0.0047789323143661
2026-05-06 18:09:18,GOOGL,kaggle,2010-03-01,0.0111806721760203,0.0112786490486057,0.0048701171763241
2026-05-06 18:09:18,GOOGL,kaggle,2010-03-02,0.0157127782161135,-1.5730193405927816e-05,0.0047858799807727
2026-05-06 18:09:18,GOOGL,kaggle,2010-03-03,0.007873353782754,0.0059961371343662,0.0050381203182041
2026-05-06 18:09:18,GOOGL,kaggle,2010-03-04,0.0169992260271354,0.019267772603211,0.004583157133311
2026-05-06 18:09:18,GOOGL,kaggle,2010-03-05,0.0173461640033343,0.0077553031938921,0.004042868502438
2026-05-06 18:09:18,GOOGL,kaggle,2010-03-08,-0.0030662673843949,0.0010276825692356,0.004116472788155
2026-05-06 18:09:18,GOOGL,kaggle,2010-03-09,-0.0040712649691373,0.0063232258387028,0.0037577636539936
2026-05-06 18:09:18,GOOGL,kaggle,2010-03-10,0.0290259204514038,0.001537414373601,0.0036539258435368
2026-05-06 18:09:18,GOOGL,kaggle,2010-03-11,0.0081360176119955,0.0102875733322027,0.003519793972373
2026-05-06 18:09:18,GOOGL,kaggle,2010-03-12,-0.0027532468241028,0.0067640891341666,0.0032511032186448
2026-05-06 18:09:18,GOOGL,kaggle,2010-03-15,-0.0282293327250721,-0.0057429590791108,0.002967758802697
2026-05-06 18:09:18,GOOGL,kaggle,2010-03-16,0.0035867959915452,0.0039956941280172,0.0029106349684298
2026-05-06 18:09:18,GOOGL,kaggle,2010-03-17,0.0006369271458479,0.0080918761092457,0.0029755081050097
2026-05-06 18:09:18,GOOGL,kaggle,2010-03-18,0.0014853251770001,-0.0056400608900061,0.0030373474583029
2026-05-06 18:09:18,GOOGL,kaggle,2010-03-19,-0.0112994818599302,0.0070355473182454,0.0029254555702209
2026-05-06 18:09:18,GOOGL,kaggle,2010-03-22,-0.0044642857142856,0.0005942137551114,0.0025429015513509
2026-05-06 18:09:18,GOOGL,kaggle,2010-03-23,-0.015246593023051,0.0031519987456491,0.0027053696103394
2026-05-06 18:09:18,GOOGL,kaggle,2010-03-24,0.0151730043470437,0.0045659307661346,0.0027574871201068
2026-05-06 18:09:18,GOOGL,kaggle,2010-03-25,0.0099581693869055,0.0029099865145133,0.0026880830992013
2026-05-06 18:09:18,GOOGL,kaggle,2010-03-26,-0.0003375415170108,0.0004921042062261,0.0025963247753679
2026-05-06 18:09:18,GOOGL,kaggle,2010-03-29,-0.0004265121975878,-0.0005223196149523,0.0026001832447946
2026-05-06 18:09:18,GOOGL,kaggle,2010-03-30,0.0075740386507314,0.0049636577356181,0.0027940729632973
2026-05-06 18:09:18,GOOGL,kaggle,2010-03-31,0.0007234564173994,0.0055930368562401,0.0029432931914925
2026-05-06 18:09:18,GOOGL,kaggle,2010-04-01,0.0029623712301747,-0.0009456439104423,0.0030284684617072
2026-05-06 18:09:18,GOOGL,kaggle,2010-04-05,0.0038853849495119,0.0052542701030312,0.0030081407167017
2026-05-06 18:09:18,GOOGL,kaggle,2010-04-06,-0.0048860663551238,0.0080276481800004,0.0027675870805978
2026-05-06 18:09:18,GOOGL,kaggle,2010-04-07,-0.0082362596302879,-0.0017452485404363,0.0024488402996212
2026-05-06 18:09:18,GOOGL,kaggle,2010-04-08,0.0070091996760106,-0.0045402441991613,0.0017865366535261
2026-05-06 18:09:18,GOOGL,kaggle,2010-04-09,-0.0022378703141904,0.0024603274282776,0.0011483413400128
2026-05-06 18:09:18,GOOGL,kaggle,2010-04-12,0.0114972321936714,0.0038752909783406,0.0005002610851079
2026-05-06 18:09:18,GOOGL,kaggle,2010-04-13,0.0245142101017554,0.0038020031091711,0.0004551198217086
2026-05-06 18:09:18,GOOGL,kaggle,2010-04-14,0.0038004780706917,-0.002276971127626,0.0008916569640859
2026-05-06 18:09:18,GOOGL,kaggle,2010-04-15,0.010696040802349,0.0005170073398288,0.0013633769704028
2026-05-06 18:09:18,GOOGL,kaggle,2010-04-16,-0.0758441069989853,0.0002522622742618,0.0019120973302051
2026-05-06 18:09:18,GOOGL,kaggle,2010-04-19,-9.088208824870048e-05,0.014531070091095,0.0025842206086963
2026-05-06 18:09:18,GOOGL,kaggle,2010-04-20,0.0089801881208531,-0.0050485009513133,0.0027203746140003
2026-05-06 18:09:18,GOOGL,kaggle,2010-04-21,-0.0013332047293175,0.0040389190609999,0.0027969933580607
2026-05-06 18:09:18,GOOGL,kaggle,2010-04-22,-0.0130615300709227,0.0036302575874658,0.0036980914883315
2026-05-06 18:09:18,GOOGL,kaggle,2010-04-23,-0.0037838819269231,0.003038837731956,0.0040481272153556
2026-05-06 18:09:18,GOOGL,kaggle,2010-04-26,-0.0244958242588375,0.0108287359083679,0.0038129920139908
2026-05-06 18:09:18,GOOGL,kaggle,2010-04-27,-0.0048529041212812,0.0013825156069454,0.0036781900562345
2026-05-06 18:09:18,GOOGL,kaggle,2010-04-28,0.0002457128184181,-0.002759733939146,0.0034557820763438
2026-05-06 18:09:18,GOOGL,kaggle,2010-04-29,0.0053099875929376,0.0133656831814223,0.0035168542526662
2026-05-06 18:09:18,GOOGL,kaggle,2010-04-30,-0.0118421600059507,-0.0019463831377718,0.0034255944192409
2026-05-06 18:09:18,GOOGL,kaggle,2010-05-03,0.009320910401557,0.0073014925867934,0.0031894547864794
2026-05-06 18:32:45,CSCO,kaggle,2010-02-02,0.0127585095190376,0.0057707574547943,0.0025932297576218
2026-05-06 18:32:45,CSCO,kaggle,2010-02-03,0.0021719911410202,0.0072266972715883,0.0012315744534134
2026-05-06 18:32:45,CSCO,kaggle,2010-02-04,0.0039011770168373,0.0009885517284538,0.0011903189588338
2026-05-06 18:32:45,CSCO,kaggle,2010-02-05,0.0233161018603238,0.0072077903215226,0.0021105336491018
2026-05-06 18:32:45,CSCO,kaggle,2010-02-08,-0.0084388504852793,0.0078288364847759,0.0024892350193113
2026-05-06 18:32:45,CSCO,kaggle,2010-02-09,0.0165957187084442,0.0050207016530401,0.0023820372298359
2026-05-06 18:32:45,CSCO,kaggle,2010-02-10,-0.0054415723770564,0.0061616898762886,0.0029683683533221
2026-05-06 18:32:45,CSCO,kaggle,2010-02-11,0.0071548852969831,0.0066497096240594,0.0035745648201555
2026-05-06 18:32:45,CSCO,kaggle,2010-02-12,-0.0071040565869602,-0.0001915699386704,0.0036680668126791
2026-05-06 18:32:45,CSCO,kaggle,2010-02-16,0.0101010003706325,0.0094322684447357,0.0038427838589996
2026-05-06 18:32:45,CSCO,kaggle,2010-02-17,0.002916653951009,0.002729214318896,0.001595493638888
2026-05-06 18:32:45,CSCO,kaggle,2010-02-18,0.0087245947022776,0.0093211817899456,0.0037784806918352
2026-05-06 18:32:45,CSCO,kaggle,2010-02-19,0.0032948896805449,0.0043291063067795,0.0035976869985461
2026-05-06 18:32:45,CSCO,kaggle,2010-02-22,-0.002463110500314,0.0118898193210694,0.0024797457735985
2026-05-06 18:32:45,CSCO,kaggle,2010-02-23,-0.0102880661666325,0.0014254823240607,0.0021044278983026
2026-05-06 18:32:45,CSCO,kaggle,2010-02-24,0.0120582505084017,0.0028177463657813,0.0020713640842586
2026-05-06 18:32:45,CSCO,kaggle,2010-02-25,-0.0004108557444184,0.0091013173617174,0.0011846161214634
2026-05-06 18:32:45,CSCO,kaggle,2010-02-26,0.0,0.0034254234381014,-0.0022712519858032
2026-05-06 18:32:45,CSCO,kaggle,2010-03-01,0.0110974294537746,-0.0083441250418233,-0.0027064431924372
2026-05-06 18:32:45,CSCO,kaggle,2010-03-02,0.0004065133628763,-0.0030127491518756,-0.0019306710455566
2026-05-06 18:32:45,CSCO,kaggle,2010-03-03,0.0093457755600212,-0.0024630154118912,-0.0042852107435464
2026-05-06 18:32:45,CSCO,kaggle,2010-03-04,0.0044283659289794,0.0039621628185403,-0.0018236646428704
2026-05-06 18:32:45,CSCO,kaggle,2010-03-05,0.0104207740914943,0.0047828544844152,-0.0005663950578309
2026-05-06 18:32:45,CSCO,kaggle,2010-03-08,0.0364934593298178,-0.0025212225256224,0.001609856961295
2026-05-06 18:32:45,CSCO,kaggle,2010-03-09,0.0,-0.0011447092804059,-0.0013765050098299
2026-05-06 18:32:45,CSCO,kaggle,2010-03-10,-0.009950184840556,0.0038353957810974,-0.0006627922994084
2026-05-06 18:32:45,CSCO,kaggle,2010-03-11,0.0038654221444569,0.0049438219771429,-0.0003569265827536
2026-05-06 18:32:45,CSCO,kaggle,2010-03-12,-0.0034655431254327,0.0047155129163332,0.0026721863541752
2026-05-06 18:32:45,CSCO,kaggle,2010-03-15,0.007728005000968,0.0062821359993565,0.0004847516538575
2026-05-06 18:32:45,CSCO,kaggle,2010-03-16,0.002684037386081,0.0014696399504758,-0.0006435241084545
2026-05-06 18:32:45,CSCO,kaggle,2010-03-17,0.0042065243577906,-0.0050282738863334,-0.0006269331206567
2026-05-06 18:32:45,CSCO,kaggle,2010-03-18,0.003046455560121,-0.0043507562366508,-0.0001785140775609
2026-05-06 18:32:45,CSCO,kaggle,2010-03-19,-0.0072133839391398,0.0011126787259139,-0.0008964053704403
2026-05-06 18:32:45,CSCO,kaggle,2010-03-22,0.0049713602298913,-0.0030486379851612,-0.001926188590005
2026-05-06 18:32:45,CSCO,kaggle,2010-03-23,0.0136985804260603,0.0010400646905747,-0.000327127170749
2026-05-06 18:32:45,CSCO,kaggle,2010-03-24,-0.007132080745573,0.0002879651136103,-0.0018431860953569
2026-05-06 18:32:45,CSCO,kaggle,2010-03-25,-0.0007561609522407,0.0029955630020424,-0.0005755063612014
2026-05-06 18:32:45,CSCO,kaggle,2010-03-26,0.0015133941625751,0.0008642312875425,-0.0013942227233201
2026-05-06 18:32:45,CSCO,kaggle,2010-03-29,0.0015111793186621,0.001080275106013,-0.0008643312030471
2026-05-06 18:32:45,CSCO,kaggle,2010-03-30,0.0052810029588725,-0.0019143790299065,-0.0022819701116532
2026-05-06 18:32:45,CSCO,kaggle,2010-03-31,-0.0232645005913496,-0.0020147276257256,-0.0020216640550643
2026-05-06 18:32:45,CSCO,kaggle,2010-04-01,-0.0076834712894211,-0.0014252537914766,-0.0021621740888804
2026-05-06 18:32:45,CSCO,kaggle,2010-04-05,0.0131629947190146,-0.0018587982789005,-0.0012611486017704
2026-05-06 18:32:45,CSCO,kaggle,2010-04-06,0.0019105554801215,0.0016972098267804,-0.0002361341030336
2026-05-06 18:32:45,CSCO,kaggle,2010-04-07,0.0045766911661313,0.0030073780930034,0.0005147313931956
2026-05-06 18:32:45,CSCO,kaggle,2010-04-08,-0.0022778840392864,-0.0013107589447151,-0.0004271723446436
2026-05-06 18:32:45,CSCO,kaggle,2010-04-09,0.0121765481911433,0.0027450689479078,0.0010255825472995
2026-05-06 18:32:45,CSCO,kaggle,2010-04-12,-0.0026315674368554,0.0010729548816509,0.001267071114853
2026-05-06 18:32:45,CSCO,kaggle,2010-04-13,-0.003392391641859,0.0041050584480948,0.0010010788682848
2026-05-06 18:32:45,CSCO,kaggle,2010-04-14,0.0166414000688925,0.0081921120041375,0.0018485900945961
2026-05-06 18:32:45,CSCO,kaggle,2010-04-15,0.0122767832592687,0.0018796066156068,0.0011156202526763
2026-05-06 18:32:45,CSCO,kaggle,2010-04-16,-0.0084527581762241,-0.001374285461396,0.0008651776006445
2026-05-06 18:32:45,CSCO,kaggle,2010-04-19,0.0033358100116718,1.7543026134109706e-05,-0.0004620110848918
2026-05-06 18:32:45,CSCO,kaggle,2010-04-20,0.0040635615660016,-0.0016202707496849,-0.0015325199346989
2026-05-06 18:32:45,CSCO,kaggle,2010-04-21,0.0022074858450593,0.0035971803826939,0.0009986981749534
2026-05-06 18:32:45,CSCO,kaggle,2010-04-22,0.0029368547862793,0.0062718611324907,0.0017488654702901
2026-05-06 18:32:45,CSCO,kaggle,2010-04-23,0.0054904692608284,0.0029023456431853,0.00093192019267
2026-05-06 18:32:45,CSCO,kaggle,2010-04-26,0.0036403488885823,-0.0002683591455874,0.0011974838562309
2026-05-06 18:32:45,CSCO,kaggle,2010-04-27,-0.0203119141146567,0.0005555042206165,0.000365453219274
2026-05-06 18:32:45,CSCO,kaggle,2010-04-28,0.0011107251533239,0.0087150356259153,0.000589731731452
2026-05-06 18:32:45,CSCO,kaggle,2010-04-29,0.0181212926970275,0.0072903517957743,0.0003955529537051
2026-05-06 18:32:45,CSCO,kaggle,2010-04-30,-0.0217944194153536,-0.0007462637885189,0.0004292355151847
2026-05-06 18:32:45,CSCO,kaggle,2010-05-03,0.0226513406401382,0.0009489902954297,0.0006561753107234
2026-05-06 19:04:08,SPY,kaggle,2010-02-02,0.012103426777678,0.0034661974331634,0.0007013211725279
2026-05-06 19:04:08,SPY,kaggle,2010-02-03,-0.0049827453890994,0.0062334699125203,0.0007142511894926
2026-05-06 19:04:08,SPY,kaggle,2010-02-04,-0.0308658775665239,-0.00366748894945,0.0007647635648027
2026-05-06 19:04:08,SPY,kaggle,2010-02-05,0.0020669035668638,0.0087644957871639,0.0007858058670535
2026-05-06 19:04:08,SPY,kaggle,2010-02-08,-0.0072192410090313,0.0037999687220254,0.0008541376446373
2026-05-06 19:04:08,SPY,kaggle,2010-02-09,0.0125602213497104,0.0022181747184419,0.0009266014676541
2026-05-06 19:04:08,SPY,kaggle,2010-02-10,-0.0019585812542604,-0.0008579331978109,0.0009828873444348
2026-05-06 19:04:08,SPY,kaggle,2010-02-11,0.0104662657212326,0.0039011687480699,0.0011173038510605
2026-05-06 19:04:08,SPY,kaggle,2010-02-12,-0.0008322976063681,-0.0032097551932213,0.0012684371322393
2026-05-06 19:04:08,SPY,kaggle,2010-02-16,0.0157348846152949,0.0062764562640218,0.0015055171679705
2026-05-06 19:04:08,SPY,kaggle,2010-02-17,0.0047385117785996,0.0056596671615769,0.0015715679619461
2026-05-06 19:04:08,SPY,kaggle,2010-02-18,0.0058951706265686,0.0028070861996984,0.0014755541924387
2026-05-06 19:04:08,SPY,kaggle,2010-02-19,0.0020737149034792,0.0011890029487385,0.0015155072323977
2026-05-06 19:04:08,SPY,kaggle,2010-02-22,0.0001799916553066,0.0073721357718495,0.0015246360562741
2026-05-06 19:04:08,SPY,kaggle,2010-02-23,-0.0121447108585853,0.0022656582754706,0.0015034807147458
2026-05-06 19:04:08,SPY,kaggle,2010-02-24,0.0091977247854095,-0.0028552934445528,0.0014557014219462
2026-05-06 19:04:08,SPY,kaggle,2010-02-25,-0.0013535600639953,0.0084795557857341,0.0014722157502546
2026-05-06 19:04:08,SPY,kaggle,2010-02-26,0.0006325083218789,0.0059553045196908,0.0013992869062349
2026-05-06 19:04:08,SPY,kaggle,2010-03-01,0.0103846988266482,-0.0058021808400472,0.001144254929386
2026-05-06 19:04:08,SPY,kaggle,2010-03-02,0.0027705564419051,0.0013252160639647,0.0010517080081626
2026-05-06 19:04:08,SPY,kaggle,2010-03-03,0.0008913200199258,0.0057265263878886,0.0009253754978999
2026-05-06 19:04:08,SPY,kaggle,2010-03-04,0.0030275719381231,0.0034452298977788,0.000520936679095
2026-05-06 19:04:08,SPY,kaggle,2010-03-05,0.0142933293596902,0.0060288885021979,0.0006582071073353
2026-05-06 19:04:08,SPY,kaggle,2010-03-08,0.0001750253222443,-0.0008521622348226,0.000867179245688
2026-05-06 19:04:08,SPY,kaggle,2010-03-09,0.0016627500392754,-0.0038585743604572,0.0006583200884051
2026-05-06 19:04:08,SPY,kaggle,2010-03-10,0.0044557237489935,0.0032448226843557,0.0005899168318137
2026-05-06 19:04:08,SPY,kaggle,2010-03-11,0.0041749649686237,0.0085087230692216,0.0005156461847946
2026-05-06 19:04:08,SPY,kaggle,2010-03-12,8.663608917136578e-05,-0.0014580975944866,0.0005387342534959
2026-05-06 19:04:08,SPY,kaggle,2010-03-15,0.0002598196737808,0.0005351722024587,0.0006064680637791
2026-05-06 19:04:08,SPY,kaggle,2010-03-16,0.0079661080211039,0.0017877501489781,0.0005564340390264
2026-05-06 19:04:08,SPY,kaggle,2010-03-17,0.0059272810781321,0.0007834974647373,0.000260675093159
2026-05-06 19:04:08,SPY,kaggle,2010-03-18,-0.0005123617367681,0.002477191545571,7.17854272807017e-05
2026-05-06 19:04:08,SPY,kaggle,2010-03-19,-0.009142170936896,0.0035526953150712,0.0006364280125126
2026-05-06 19:04:08,SPY,kaggle,2010-03-22,0.0053461680664086,-0.0013386691472815,0.0002429606538498
2026-05-06 19:04:08,SPY,kaggle,2010-03-23,0.0070332562824881,-0.0003829567379748,0.0003761345287784
2026-05-06 19:04:08,SPY,kaggle,2010-03-24,-0.0048548446166406,0.0022986162128031,0.0003465280751697
2026-05-06 19:04:08,SPY,kaggle,2010-03-25,-0.0016261110746894,-0.0002802737914087,0.0003780115512199
2026-05-06 19:04:08,SPY,kaggle,2010-03-26,-0.0006000831025168,-0.0037133428452124,0.0003770907060243
2026-05-06 19:04:08,SPY,kaggle,2010-03-29,0.0063475540585591,0.0053614176414709,0.0004076568875461
2026-05-06 19:04:08,SPY,kaggle,2010-03-30,0.0006819112790896,-7.631608939307529e-05,0.0003951075486838
2026-05-06 19:04:08,SPY,kaggle,2010-03-31,-0.0034071679785347,-0.0010643705807049,0.0002500695409253
2026-05-06 19:04:08,SPY,kaggle,2010-04-01,0.0068376329210069,0.0011773449072744,0.0001995002530748
2026-05-06 19:04:08,SPY,kaggle,2010-04-05,0.0081493977894966,0.0014027629775156,0.0001598432572791
2026-05-06 19:04:08,SPY,kaggle,2010-04-06,0.0023576858728553,0.0012586246613303,0.000163725359016
2026-05-06 19:04:08,SPY,kaggle,2010-04-07,-0.005712368111105,0.0030366408966995,0.0003413945669308
2026-05-06 19:04:08,SPY,kaggle,2010-04-08,0.0034639745741855,0.0001897189281996,0.0002733388682827
2026-05-06 19:04:08,SPY,kaggle,2010-04-09,0.0065673691229908,-0.0002682973530681,0.0003163784276694
2026-05-06 19:04:08,SPY,kaggle,2010-04-12,0.0015892497462293,0.0035061726224054,0.0003845423925668
2026-05-06 19:04:08,SPY,kaggle,2010-04-13,0.0007516616743852,0.0009210072720912,0.0004139756783843
2026-05-06 19:04:08,SPY,kaggle,2010-04-14,0.0113494165865823,-0.0006522714508223,0.0004339404404163
2026-05-06 19:04:08,SPY,kaggle,2010-04-15,0.0008251379825614,0.0002243077769019,0.0005026399157941
2026-05-06 19:04:08,SPY,kaggle,2010-04-16,-0.0159122787584108,0.0042439218248651,0.0005631581880152
2026-05-06 19:04:08,SPY,kaggle,2010-04-19,0.0037700816516514,0.0015151922467505,0.0005795932374894
2026-05-06 19:04:08,SPY,kaggle,2010-04-20,0.0089308047460805,-0.001435787573611,0.0005149997305124
2026-05-06 19:04:08,SPY,kaggle,2010-04-21,-0.0018199337881136,0.0020704002730851,0.0005455703940242
2026-05-06 19:04:08,SPY,kaggle,2010-04-22,0.0029835319909747,0.0013286564689114,0.0005484945140779
2026-05-06 19:04:08,SPY,kaggle,2010-04-23,0.0065278543830848,0.0013530897631849,0.0005311681888997
2026-05-06 19:04:08,SPY,kaggle,2010-04-26,-0.0037763655996413,-0.0005138699332527,0.0005283161881379
2026-05-06 19:04:08,SPY,kaggle,2010-04-27,-0.0236505575053596,-0.0005866180078822,0.0005490526673384
2026-05-06 19:04:08,SPY,kaggle,2010-04-28,0.0075961670407203,0.0054913295944203,0.0005356894107535
2026-05-06 19:04:08,SPY,kaggle,2010-04-29,0.0123974149018606,0.0013389608655769,0.0004405521322041
2026-05-06 19:04:08,SPY,kaggle,2010-04-30,-0.0169617991180303,-0.0003974681174409,0.0003892522072419
2026-05-06 19:04:08,SPY,kaggle,2010-05-03,0.0129618798684667,0.00140492887461,0.0004908106056973
2026-05-06 20:50:16,MSFT,kaggle,2010-02-02,0.0017599168366451,0.0084822342006076,0.0022259284742176
2026-05-06 20:50:16,MSFT,kaggle,2010-02-03,0.0059732987267273,0.0055305161101551,0.0017319619655609
2026-05-06 20:50:16,MSFT,kaggle,2010-02-04,-0.027593399627524,-0.0041367998508429,0.0019068648107349
2026-05-06 20:50:16,MSFT,kaggle,2010-02-05,0.0064655281677161,0.0017664080958645,0.0018732980825006
2026-05-06 20:50:16,MSFT,kaggle,2010-02-08,-0.0107066787832994,0.0025810996792596,0.0019689376931637
2026-05-06 20:50:16,MSFT,kaggle,2010-02-09,0.0104617937485889,0.0088487273736768,0.0020105657167732
2026-05-06 20:50:16,MSFT,kaggle,2010-02-10,-0.0007140470403512,0.0010723625629561,0.0020761573687195
2026-05-06 20:50:16,MSFT,kaggle,2010-02-11,0.0046445540971165,-0.0008965412024159,0.0023213962558656
2026-05-06 20:50:16,MSFT,kaggle,2010-02-12,-0.0067567755471943,-0.0061187820881951,0.0029005203396081
2026-05-06 20:50:16,MSFT,kaggle,2010-02-16,0.0150375965522675,0.0048091853735772,0.0025581931695342
2026-05-06 20:50:16,MSFT,kaggle,2010-02-17,0.0084656002782643,0.0107156529835466,0.0020338348113
2026-05-06 20:50:16,MSFT,kaggle,2010-02-18,0.0132913311905737,0.0157482846469476,0.0025039219763129
2026-05-06 20:50:16,MSFT,kaggle,2010-02-19,-0.0069036541363888,0.002936243364727,0.0026652668602764
2026-05-06 20:50:16,MSFT,kaggle,2010-02-22,-0.0013903689569302,0.0021311959722477,0.0025439360179007
2026-05-06 20:50:16,MSFT,kaggle,2010-02-23,-0.0139227157989414,-0.0036352763505195,0.0020608089398592
2026-05-06 20:50:16,MSFT,kaggle,2010-02-24,0.0105894542135001,0.0037615256154183,0.0021572783589363
2026-05-06 20:50:16,MSFT,kaggle,2010-02-25,-0.001047809297109,0.0060987617286284,0.0013280676212161
2026-05-06 20:50:16,MSFT,kaggle,2010-02-26,0.0024475417444249,0.0076681289793031,0.000716428970918
2026-05-06 20:50:16,MSFT,kaggle,2010-03-01,0.0122078960773748,-0.0001323279808667,0.0006214841851033
2026-05-06 20:50:16,MSFT,kaggle,2010-03-02,-0.0192970835443663,-0.0005934049724549,0.0011914966162294
2026-05-06 20:50:16,MSFT,kaggle,2010-03-03,0.0,0.008201120976419,0.0012064190814271
2026-05-06 20:50:16,MSFT,kaggle,2010-03-04,0.0059732987267273,0.0027894309566811,0.0022702636197209
2026-05-06 20:50:16,MSFT,kaggle,2010-03-05,-0.0013971012696892,0.0029314162991685,0.0021986374631524
2026-05-06 20:50:16,MSFT,kaggle,2010-03-08,0.001399055892453,-0.0035306470440362,0.0019923027139157
2026-05-06 20:50:16,MSFT,kaggle,2010-03-09,0.0059378302926011,0.003165902055659,0.0006425631581805
2026-05-06 20:50:16,MSFT,kaggle,2010-03-10,0.0059027805832434,-0.0028709380338957,0.0009790415642783
2026-05-06 20:50:16,MSFT,kaggle,2010-03-11,0.0072489125577743,0.0041006907178226,0.0014080066466704
2026-05-06 20:50:16,MSFT,kaggle,2010-03-12,0.0030843095149635,-0.0031059639115857,0.0024293279275298
2026-05-06 20:50:16,MSFT,kaggle,2010-03-15,0.0006833091032072,0.0004912011664862,0.0025033971760421
2026-05-06 20:50:16,MSFT,kaggle,2010-03-16,0.0027313049233688,-0.0005006913752981,0.0013564303517341
2026-05-06 20:50:16,MSFT,kaggle,2010-03-17,0.0088525132483445,0.0041296857050121,0.0017174157546833
2026-05-06 20:50:16,MSFT,kaggle,2010-03-18,-0.0006749426588416,0.0012470754123539,0.0019807443022727
2026-05-06 20:50:16,MSFT,kaggle,2010-03-19,-0.0006754629298006,0.0096871632523177,0.0028306215535849
2026-05-06 20:50:16,MSFT,kaggle,2010-03-22,0.0003379597441792,0.0022146916968248,0.0019231912447139
2026-05-06 20:50:16,MSFT,kaggle,2010-03-23,0.0094594180975808,0.0055769171427871,0.0021171253174543
2026-05-06 20:50:16,MSFT,kaggle,2010-03-24,-0.0076974413887642,0.0010150295950832,0.0016953768208622
2026-05-06 20:50:16,MSFT,kaggle,2010-03-25,0.0121416733552526,0.001650010770727,0.0018251428846269
2026-05-06 20:50:16,MSFT,kaggle,2010-03-26,-0.0116627916961121,-0.0005593863599797,0.0015642943326383
2026-05-06 20:50:16,MSFT,kaggle,2010-03-29,-0.0023600706400652,0.0046811410270581,0.0014200767036527
2026-05-06 20:50:16,MSFT,kaggle,2010-03-30,0.0060831464767681,0.0038715833034919,0.0010368858929723
2026-05-06 20:50:16,MSFT,kaggle,2010-03-31,-0.0161235987522851,0.0025522564193926,0.0011554083321243
2026-05-06 20:50:16,MSFT,kaggle,2010-04-01,-0.004438411200128,0.0049451213862295,0.0013514399761334
2026-05-06 20:50:16,MSFT,kaggle,2010-04-05,0.0037723117601911,0.0011418138003295,0.0019323895685374
2026-05-06 20:50:16,MSFT,kaggle,2010-04-06,0.0017082075940755,-0.0014553725746955,0.0018130470998585
2026-05-06 20:50:16,MSFT,kaggle,2010-04-07,0.0010232157898284,0.0005294391232546,0.0018829992040991
2026-05-06 20:50:16,MSFT,kaggle,2010-04-08,0.0194207729954269,0.0003297561051434,0.0014370449353009
2026-05-06 20:50:16,MSFT,kaggle,2010-04-09,0.014037435669217,-5.7415404785881793e-05,0.0016999576473608
2026-05-06 20:50:16,MSFT,kaggle,2010-04-12,-0.0006592108656257,0.0025317660277335,0.0017003277316689
2026-05-06 20:50:16,MSFT,kaggle,2010-04-13,0.0042876342158217,-0.0010932858291559,0.0018820927944034
2026-05-06 20:50:16,MSFT,kaggle,2010-04-14,0.0121510319413551,0.0030227346308452,0.002644206630066
2026-05-06 20:50:16,MSFT,kaggle,2010-04-15,0.0016223603148697,0.0041509874847166,0.0020160044077783
2026-05-06 20:50:16,MSFT,kaggle,2010-04-16,-0.0064788065274448,0.0024019577786964,0.0019624391570687
2026-05-06 20:50:16,MSFT,kaggle,2010-04-19,0.0120639334304855,0.0020940769012534,0.0020601483993232
2026-05-06 20:50:16,MSFT,kaggle,2010-04-20,0.0103092682147487,0.0044671879675434,0.0018452601507306
2026-05-06 20:50:16,MSFT,kaggle,2010-04-21,-0.0009566545300258,-0.0001363964803227,0.0016762556042522
2026-05-06 20:50:16,MSFT,kaggle,2010-04-22,0.0019150803092402,0.0044584243334196,0.0016051912680268
2026-05-06 20:50:16,MSFT,kaggle,2010-04-23,-0.0136986401254147,0.0049831535911068,0.0015598464524373
2026-05-06 20:50:16,MSFT,kaggle,2010-04-26,0.0048450106690776,0.0050804818218143,0.0016008233651518
2026-05-06 20:50:16,MSFT,kaggle,2010-04-27,-0.0083574485304034,0.0026185749035988,0.0014879296068102
2026-05-06 20:50:16,MSFT,kaggle,2010-04-28,0.0019448773160606,0.0084465546912686,0.0013230901677161
2026-05-06 20:50:16,MSFT,kaggle,2010-04-29,0.002911684019158,0.0020693702359455,0.0012298169312998
2026-05-06 20:50:16,MSFT,kaggle,2010-04-30,-0.0148386801442792,-0.0027600617642755,0.0013631859328597
2026-05-06 20:50:16,MSFT,kaggle,2010-05-03,0.0104780512518425,0.0011490028918582,0.0012719233054667
2026-05-06 21:04:59,MSFT,live,2025-02-03,-0.009974427533307,0.0036265555343428,0.0002692326088435
2026-05-06 21:04:59,MSFT,live,2025-02-04,0.0035284974761524,0.0093274725882473,0.0026890151202678
2026-05-06 21:04:59,MSFT,live,2025-02-05,0.0022311067646494,0.0020886945316324,0.0006316237850114
2026-05-06 21:04:59,MSFT,live,2025-02-06,0.006121493609549,-0.001904898961463,0.0006248778663575
2026-05-06 21:04:59,MSFT,live,2025-02-07,-0.0145976179343327,-0.0003496318307333,0.0005452571203932
2026-05-06 21:04:59,MSFT,live,2025-02-10,0.0060281177303529,0.0025638966763677,1.218623947352171e-05
2026-05-06 21:04:59,MSFT,live,2025-02-11,-0.0018921860579359,0.0052863238243091,0.0003675484331324
2026-05-06 21:04:59,MSFT,live,2025-02-12,-0.0058332808477102,-0.0082134612338555,0.0010659852996468
2026-05-06 21:04:59,MSFT,live,2025-02-13,0.003667126378873,0.0020612233495224,0.0008114310912787
2026-05-06 21:04:59,MSFT,live,2025-02-14,-0.0051395064101413,0.0053406741695964,0.0005427345167845
2026-05-06 21:04:59,MSFT,live,2025-02-18,0.0029625408217892,0.0057599870968784,0.0003462327877059
2026-05-06 21:04:59,MSFT,live,2025-02-19,0.0125232004795987,-0.0041519927136996,-0.0002968072658404
2026-05-06 21:04:59,MSFT,live,2025-02-20,0.0052907175683352,0.0039610265419794,-0.0003340581315569
2026-05-06 21:04:59,MSFT,live,2025-02-21,-0.0190325973282002,0.001092806172864,0.0003809660556726
2026-05-06 21:04:59,MSFT,live,2025-02-24,-0.0103133804408419,0.0014660905333987,-0.0003262968966737
2026-05-06 21:04:59,MSFT,live,2025-02-25,-0.0150989968254703,0.0032353428864585,0.0004093697061762
2026-05-06 21:04:59,MSFT,live,2025-02-26,0.0045992342106173,0.0013166414222725,5.4229574743658304e-05
2026-05-06 21:04:59,MSFT,live,2025-02-27,-0.0180122240147754,0.003820705585987,-5.5503915064036846e-05
2026-05-06 21:04:59,MSFT,live,2025-02-28,0.0113621932860001,-0.0026399117039375,-0.0002721895580179
2026-05-06 21:04:59,MSFT,live,2025-03-03,-0.0214111272298674,-0.0015560476389274,0.0004814839921891
2026-05-06 21:04:59,MSFT,live,2025-03-04,0.0003088656635419,0.00150824073556,0.0003399492125026
2026-05-06 21:04:59,MSFT,live,2025-03-05,0.0319343818018289,0.0091199150271542,0.0004873026628047
2026-05-06 21:04:59,MSFT,live,2025-03-06,-0.0102986874719533,-0.0018168324020503,0.0002673325361683
2026-05-06 21:04:59,MSFT,live,2025-03-07,-0.0090201166312904,0.0006257675245021,0.0007718027336522
2026-05-06 21:04:59,MSFT,live,2025-03-10,-0.033434226732354,0.0027880163832069,0.0010119031649082
2026-05-06 21:04:59,MSFT,live,2025-03-11,0.0007627943381085,0.0061483291101092,0.0012823678553104
2026-05-06 21:04:59,MSFT,live,2025-03-12,0.0074122984308517,0.0004642206181326,-0.0007591795292682
2026-05-06 21:04:59,MSFT,live,2025-03-13,-0.0117410133127935,0.0002795409829969,0.0006975050782784
2026-05-06 21:04:59,MSFT,live,2025-03-14,0.0258466994229227,-0.0001551030352722,0.0046827062033116
2026-05-06 21:04:59,MSFT,live,2025-03-17,0.0003604102693974,-7.510157372482952e-05,0.0004089599242433
2026-05-06 21:04:59,MSFT,live,2025-03-18,-0.0133265781413739,0.0055444873666967,0.0007732100784778
2026-05-06 21:04:59,MSFT,live,2025-03-19,0.0112120204263987,0.0015704688669256,0.0002683765487745
2026-05-06 21:04:59,MSFT,live,2025-03-20,-0.0025269719305426,0.0018101722536298,0.0002772400039248
2026-05-06 21:04:59,MSFT,live,2025-03-21,0.0114260567131023,-0.0013121760358901,0.000234130420722
2026-05-06 21:04:59,MSFT,live,2025-03-24,0.0046515067823045,0.0026983989224372,0.0010002403287217
2026-05-06 21:04:59,MSFT,live,2025-03-25,0.0052915736071266,-0.0008146274225892,0.0002515242667868
2026-05-06 21:04:59,MSFT,live,2025-03-26,-0.0131339314083712,-0.0012175320180317,0.000592328608036
2026-05-06 21:04:59,MSFT,live,2025-03-27,0.0015640952184263,-0.0008096811706738,0.0007814723066985
2026-05-06 21:04:59,MSFT,live,2025-03-28,-0.0301601695828013,0.0028707298220694,0.0005747781833633
2026-05-06 21:04:59,MSFT,live,2025-03-31,-0.0090021159721599,0.0028211720565994,0.0009049415821209
2026-05-06 21:04:59,MSFT,live,2025-04-01,0.0181145336918613,0.0042943180472924,0.0005494395736604
2026-05-06 21:04:59,MSFT,live,2025-04-02,-0.0001308288117871,0.0042234569473246,0.0001886348472908
2026-05-06 21:04:59,MSFT,live,2025-04-03,-0.023630163414979,0.0018094991287,0.0003121480694971
2026-05-06 21:04:59,MSFT,live,2025-04-04,-0.0355658586153128,-0.002818119261679,0.0014107063179835
2026-05-06 21:04:59,MSFT,live,2025-04-07,-0.0055024699927035,0.0024891727596112,0.0009160927729681
2026-05-06 21:04:59,MSFT,live,2025-04-08,-0.0092215817701512,0.0021276920210613,0.0010319678112864
2026-05-06 21:04:59,MSFT,live,2025-04-09,0.1013369353142146,0.0042525653873563,0.0002695356961339
2026-05-06 21:04:59,MSFT,live,2025-04-10,-0.0234064834503852,0.0003840777461851,0.0011361660435795
2026-05-06 21:04:59,MSFT,live,2025-04-11,0.018618130045807,-0.0087645209221738,0.0001597835216671
2026-05-06 21:04:59,MSFT,live,2025-04-14,-0.0016476377815621,0.0059464491109204,0.0014125282177701
2026-05-06 21:04:59,MSFT,live,2025-04-15,-0.0053634024519929,0.0029749971216314,0.0001673850347287
2026-05-06 21:04:59,MSFT,live,2025-04-16,-0.0366059205463962,0.0007021301969223,-0.0005099793779663
2026-05-06 21:04:59,MSFT,live,2025-04-17,-0.0103065083148915,-0.0066629343990004,0.0005315794842317
2026-05-06 21:04:59,MSFT,live,2025-04-21,-0.0235466901563605,0.010676852233384,0.0005382836097851
2026-05-06 21:04:59,MSFT,live,2025-04-22,0.0214413302004412,0.0005113822609128,0.0018556193681433
2026-05-06 21:04:59,MSFT,live,2025-04-23,0.0206368087150274,0.0106366095877318,6.973848212510347e-05
2026-05-06 21:04:59,MSFT,live,2025-04-24,0.0344827671176033,-0.0068750242688441,1.2995791621506214e-05
2026-05-06 21:04:59,MSFT,live,2025-04-25,0.0117480255667754,-0.0045956256061792,0.0004899379564449
2026-05-06 21:04:59,MSFT,live,2025-04-28,-0.0017608666496267,-0.0040216507449558,-0.0002561791916377
2026-05-06 21:04:59,MSFT,live,2025-04-29,0.0073626484465474,0.0069250245424751,0.0004354304401203
2026-05-06 21:04:59,MSFT,live,2025-04-30,0.0030961139177629,-0.0009230839247326,0.000969129265286
2026-05-06 21:04:59,MSFT,live,2025-05-01,0.0762536023323803,-1.2663284773950944e-05,0.0003191046998836
2026-05-06 21:04:59,MSFT,live,2025-05-02,0.0232251874819009,-0.0002290889394342,0.0007060235366225
2026-05-06 21:04:59,MSFT,live,2025-05-05,0.0020447350703538,-0.0129530072470264,0.0003307065344415
2026-05-06 21:04:59,MSFT,live,2025-05-06,-0.0065571132993458,-0.0034833233071519,0.0004008131800219
2026-05-06 21:04:59,MSFT,live,2025-05-07,9.232956359972456e-05,-0.0019579695654504,0.0002773969317786
2026-05-06 21:04:59,MSFT,live,2025-05-08,0.0111225919092849,0.007821968676371,0.0008815070614218
2026-05-06 21:42:46,SPY,live,2025-02-03,-0.0067295461399252,0.0009469125013982,0.0010994662297889
2026-05-06 21:42:46,SPY,live,2025-02-04,0.0067083268462659,0.0034363395924439,0.0033443653956055
2026-05-06 21:42:46,SPY,live,2025-02-05,0.0040546030162418,0.0023520610125637,0.0010978995123878
2026-05-06 21:42:46,SPY,live,2025-02-06,0.0034755111939559,-0.0021914139168105,0.0001712980156298
2026-05-06 21:42:46,SPY,live,2025-02-07,-0.0091534811976793,-0.0012181133470433,0.0004049810813739
2026-05-06 21:42:46,SPY,live,2025-02-10,0.0067911921258039,0.0001289253985317,-3.2539479434490204e-05
2026-05-06 21:42:46,SPY,live,2025-02-11,0.0007605319444403,-0.0008164515684697,0.0007863749051466
2026-05-06 21:42:46,SPY,live,2025-02-12,-0.0032213905817672,0.0022227073940228,0.0016664555296301
2026-05-06 21:42:46,SPY,live,2025-02-13,0.0105574644597792,0.001601432621775,0.0018141390755772
2026-05-06 21:42:46,SPY,live,2025-02-14,-4.925370981989641e-05,0.0030235759143066,0.0011955585796386
2026-05-06 21:42:46,SPY,live,2025-02-18,0.0029358688157778,0.0014410617670837,0.0006954419077374
2026-05-06 21:42:46,SPY,live,2025-02-19,0.0023549433000009,2.226553313741127e-05,-0.0005870550521649
2026-05-06 21:42:46,SPY,live,2025-02-20,-0.0041601619937581,-2.1988327373486088e-06,-6.31128204986453e-05
2026-05-06 21:42:46,SPY,live,2025-02-21,-0.017104282202954,-0.0032584886572756,0.0010890265693888
2026-05-06 21:42:46,SPY,live,2025-02-24,-0.0045505832053858,0.0017874720620717,0.0003895034315064
2026-05-06 21:42:46,SPY,live,2025-02-25,-0.004973053812125,0.0002803035056997,0.0017554468940943
2026-05-06 21:42:46,SPY,live,2025-02-26,0.0005048550487694,0.0007827047785428,0.0005717998719774
2026-05-06 21:42:46,SPY,live,2025-02-27,-0.0159619290791309,0.0013835038603822,0.0004011284327134
2026-05-06 21:42:46,SPY,live,2025-02-28,0.0156055026471153,-0.0021699402216126,-0.0004261806025169
2026-05-06 21:42:46,SPY,live,2025-03-03,-0.0175198744873432,0.0043895489112814,0.0011143123265355
2026-05-06 21:42:46,SPY,live,2025-03-04,-0.0118368934526847,-0.0012424670081857,0.0001918495399877
2026-05-06 21:42:46,SPY,live,2025-03-05,0.0107478082105321,0.0012176562287136,0.0002699471078813
2026-05-06 21:42:46,SPY,live,2025-03-06,-0.0177511028794872,0.0009096671264036,0.0004368399386294
2026-05-06 21:42:46,SPY,live,2025-03-07,0.0056048629971032,0.0002032480286819,0.0004747816128656
2026-05-06 21:42:46,SPY,live,2025-03-10,-0.0266355558695019,0.0013467138300595,0.0012170042609795
2026-05-06 21:42:46,SPY,live,2025-03-11,-0.0083128479772103,0.00267463306429,0.0018732300959527
2026-05-06 21:42:46,SPY,live,2025-03-12,0.0053064410979022,0.0002494046936598,0.0002891642507165
2026-05-06 21:42:46,SPY,live,2025-03-13,-0.0133305294563307,0.0040187478946163,0.0011414701584726
2026-05-06 21:42:46,SPY,live,2025-03-14,0.0206559432929804,-0.0002498218499211,0.0005384692922234
2026-05-06 21:42:46,SPY,live,2025-03-17,0.0077112151096643,0.0057424779959064,0.0014507223386317
2026-05-06 21:42:46,SPY,live,2025-03-18,-0.0108084466550893,0.0005159119597916,0.0014387250412255
2026-05-06 21:42:46,SPY,live,2025-03-19,0.0108908956858035,-0.0025448215237862,0.0004395726136863
2026-05-06 21:42:46,SPY,live,2025-03-20,-0.0028916928112745,0.0035914767411807,0.0006927819922566
2026-05-06 21:42:46,SPY,live,2025-03-21,0.0003298107530131,-0.0053664059315987,0.000985100865364
2026-05-06 21:42:46,SPY,live,2025-03-24,0.01790855519805,0.0039971351251174,0.0019116755574941
2026-05-06 21:42:46,SPY,live,2025-03-25,0.0024038818271738,0.0005533365477957,0.0009358066599816
2026-05-06 21:42:46,SPY,live,2025-03-26,-0.0119383402635633,0.0010179135378747,0.0015924859326332
2026-05-06 21:42:46,SPY,live,2025-03-27,-0.0026557520973764,0.0012216813680698,0.0017882417887449
2026-05-06 21:42:46,SPY,live,2025-03-28,-0.0201382861277217,0.0001762197160274,0.0009184001246467
2026-05-06 21:42:46,SPY,live,2025-03-31,0.0067128835457304,0.003912502731572,0.0016116369515657
2026-05-06 21:42:46,SPY,live,2025-04-01,0.0028244687525555,-0.0003693469544568,0.0012266613775864
2026-05-06 21:42:46,SPY,live,2025-04-02,0.0063283240704119,0.0025730797586192,0.0011699509341269
2026-05-06 21:42:46,SPY,live,2025-04-03,-0.0492809158084789,0.0023821183479592,0.0017012481112033
2026-05-06 21:42:46,SPY,live,2025-04-04,-0.0585427931617072,-0.0028989783206559,0.0026833936572074
2026-05-06 21:42:46,SPY,live,2025-04-07,-0.0017811931006487,0.0036567751951342,0.0018278595525771
2026-05-06 21:42:46,SPY,live,2025-04-08,-0.0156628361156724,0.0032322127978958,0.0017422551754862
2026-05-06 21:42:46,SPY,live,2025-04-09,0.1050193499563612,0.0048313618380951,0.0013761715963482
2026-05-06 21:42:46,SPY,live,2025-04-10,-0.0438189941234766,0.0080690332911902,0.0021085548214614
2026-05-06 21:42:46,SPY,live,2025-04-11,0.0178427055150394,-0.0033436446180228,6.328598828986287e-06
2026-05-06 21:42:46,SPY,live,2025-04-14,0.0097014368837746,0.0049537850916609,0.002326461719349
2026-05-06 21:42:46,SPY,live,2025-04-15,-0.0028008096342629,0.0009029655447197,0.0014932984486222
2026-05-06 21:42:46,SPY,live,2025-04-16,-0.022228032722071,-0.0051391817073085,-0.0002476474037393
2026-05-06 21:42:46,SPY,live,2025-04-17,0.0014268092873082,0.0027633132621577,0.001456998521462
2026-05-06 21:42:46,SPY,live,2025-04-21,-0.0238026436644653,0.0046126626948922,-6.819918053224683e-05
2026-05-06 21:42:46,SPY,live,2025-04-22,0.0260176972864449,-0.0022865794319847,0.0025654307100921
2026-05-06 21:42:46,SPY,live,2025-04-23,0.0154953557489621,0.0143635413789213,0.0013154463376849
2026-05-06 21:42:46,SPY,live,2025-04-24,0.0210490196010606,-0.0140334569236326,0.000582541746553
2026-05-06 21:42:46,SPY,live,2025-04-25,0.0072253777163768,0.0123818898644459,0.0016175068449229
2026-05-06 21:42:46,SPY,live,2025-04-28,0.0003813020506449,-0.006093733182147,-0.0006404050509445
2026-05-06 21:42:46,SPY,live,2025-04-29,0.0062993403781015,0.0057540064984148,0.000849652569741
2026-05-06 21:42:46,SPY,live,2025-04-30,0.0003969240833687,-0.0055034117193128,0.0022244877181947
2026-05-06 21:42:46,SPY,live,2025-05-01,0.0070868036030948,-0.0054601588305944,0.0009837610414251
2026-05-06 21:42:46,SPY,live,2025-05-02,0.0148443518537864,-0.0017876599860471,0.0021063042804598
2026-05-06 21:42:46,SPY,live,2025-05-05,-0.0057345116934651,-0.0010953430107477,0.0015158792957663
2026-05-06 21:42:46,SPY,live,2025-05-06,-0.0083583217142063,0.003819203254255,0.0003266300773248
2026-05-06 21:42:46,SPY,live,2025-05-07,0.0042055478497484,0.001523103578916,0.0014433052856475
2026-05-06 21:42:46,SPY,live,2025-05-08,0.0069676804975136,0.0055803211364386,0.0021937547717243
2026-05-06 21:42:46,SPY,live,2025-05-09,-0.0012740062947557,0.0081879231862707,0.0012748634908348
2026-05-06 21:42:46,SPY,live,2025-05-12,0.0330473983342731,7.97275237394209e-05,0.0015952030662447
2026-05-06 21:42:46,SPY,live,2025-05-13,0.00660394031717,0.0012364196366333,-0.0017094190698117
2026-05-06 21:42:46,SPY,live,2025-05-14,0.0012779543304903,-0.0034357510218628,-0.0032806873787194
2026-05-06 21:42:46,SPY,live,2025-05-15,0.0048843423988216,-0.0132038391711849,-0.0049902442842721
2026-05-06 21:42:46,SPY,live,2025-05-16,0.0063340782442991,0.0059570255380014,-5.949829937890172e-05
2026-05-06 21:42:46,SPY,live,2025-05-19,0.0010938140906693,0.0043728592756479,0.002114383270964
2026-05-06 21:42:46,SPY,live,2025-05-20,-0.0033622318319923,-0.0003335319260133,-0.0030677935574203
2026-05-06 21:42:46,SPY,live,2025-05-21,-0.0168507951595551,0.0050137738371696,-0.005994317587465
2026-05-06 21:42:46,SPY,live,2025-05-22,0.0003947530362726,-0.0071088161646015,-0.010603311471641
2026-05-06 21:42:46,SPY,live,2025-05-23,-0.0068257810183151,0.0052213637238584,0.0030463093426078
2026-05-06 21:42:46,SPY,live,2025-05-27,0.0207906677214673,-0.0022301575612317,-0.0016737927217036
2026-05-06 21:42:46,SPY,live,2025-05-28,-0.005785414477081,0.0003060199841538,-0.0012421985156834
2026-05-06 21:42:46,SPY,live,2025-05-29,0.0039472773407962,-0.0021927200584902,-0.0002920629340223
2026-05-06 21:42:46,SPY,live,2025-05-30,-0.0011183521919033,0.000783805002904,0.0012929289368912
2026-05-06 21:42:46,SPY,live,2025-06-02,0.0056329011368136,-0.0009417423002353,-4.242011345922947e-05
2026-05-06 21:42:46,SPY,live,2025-06-03,0.0057024856312963,0.0004025736735061,0.0014300774782896
2026-05-06 21:42:46,SPY,live,2025-06-04,-0.0002684438644731,-0.0046869707389937,-0.0023504255805164
2026-05-06 21:42:46,SPY,live,2025-06-05,-0.0048327690561892,-2.929123786406761e-05,-0.001347220968455
2026-05-06 21:42:46,SPY,live,2025-06-06,0.0102689798589628,-0.0006261433254529,-0.0013775653205811
2026-05-06 21:42:46,SPY,live,2025-06-09,0.0009012828881442,0.001613846648802,-7.916189497336745e-05
2026-05-06 21:42:46,SPY,live,2025-06-10,0.0056696646688907,-0.0014583894631177,0.0003653454768937
2026-05-06 21:42:46,SPY,live,2025-06-11,-0.0028519145907881,0.0041959580147956,-8.292612619698048e-05
2026-05-06 21:42:46,SPY,live,2025-06-12,0.0039742260971544,-0.0027341837693195,0.0001338321599178
2026-05-06 21:42:46,SPY,live,2025-06-13,-0.0111799621441452,0.0007571938111714,-0.000688885746058
2026-05-06 21:42:46,SPY,live,2025-06-16,0.0095140920864427,-0.0016525469689756,-0.0010316099505871
2026-05-06 21:42:46,SPY,live,2025-06-17,-0.008545134970438,-0.0026186473572741,0.0007647632155567
2026-05-06 21:42:46,SPY,live,2025-06-18,-0.0001506357697342,-0.0009948104776991,0.0010052572470158
2026-05-06 21:42:46,SPY,live,2025-06-20,-0.002348432728309,0.0001703297264078,0.0001255210372619
2026-05-06 21:42:46,SPY,live,2025-06-23,0.0098773759059103,0.0005752625444212,0.0001033709268085
2026-05-06 21:42:46,SPY,live,2025-06-24,0.0110472089930877,0.0014983880099869,0.0001100934750866
2026-05-06 21:42:46,SPY,live,2025-06-25,0.0005603646306042,-0.0025824846540046,-0.0018203381914645
2026-05-06 21:42:46,SPY,live,2025-06-26,0.0078237798744873,0.0019542570138007,0.0006039502914063
2026-05-06 21:42:46,SPY,live,2025-06-27,0.0049683317640052,-0.0009041772274269,0.0008763503283262
2026-05-06 21:42:46,SPY,live,2025-06-30,0.0047812060683398,0.0017804015749901,0.0003818002005573
2026-05-06 21:42:46,SPY,live,2025-07-01,-0.0003235797161743,-0.0024948834261576,9.945876081474124e-05
2026-05-06 21:42:46,SPY,live,2025-07-02,0.0045333761723596,-0.0003472057631504,0.0003687880816869
2026-05-06 21:42:46,SPY,live,2025-07-03,0.0078813851729879,6.86334001459349e-05,0.0008199721924029
2026-05-06 21:42:46,SPY,live,2025-07-07,-0.0074522132118458,0.0018960435166922,0.0018750096205621
2026-05-06 21:42:46,SPY,live,2025-07-08,-0.0005476171019968,0.0005121841612009,0.000697063980624
2026-05-06 21:42:46,SPY,live,2025-07-09,0.0059966267672113,0.0002767950720789,0.0008230671519413
2026-05-06 21:42:46,SPY,live,2025-07-10,0.002820211585405,-0.0005506326432592,-0.0008695440483279
2026-05-06 21:42:46,SPY,live,2025-07-11,-0.0035152275052487,-0.0005818294766096,0.0012083417968824
2026-05-06 21:42:46,SPY,live,2025-07-14,0.0019081170382848,0.0014097072601793,0.0005560640711337
2026-05-06 21:42:46,SPY,live,2025-07-15,-0.0042732651441966,-0.0018797158875353,0.0008633953984826
2026-05-06 21:42:46,SPY,live,2025-07-16,0.0033431911185151,-0.0009258758301837,0.0003347470192238
2026-05-06 21:42:46,SPY,live,2025-07-17,0.0061196899775175,0.0004038367033481,0.0004550877201836
2026-05-06 21:42:46,SPY,live,2025-07-18,-0.0007324129021104,-0.0003582703243808,0.0010214634239673
2026-05-06 21:42:46,SPY,live,2025-07-21,0.0018961751656665,0.0014138735624568,0.0011666442733258
2026-05-06 21:42:46,SPY,live,2025-07-22,0.0001431211632245,0.0002625847017749,7.270541391335428e-05
2026-05-06 21:42:46,SPY,live,2025-07-23,0.0085074432420311,0.0013815211436967,0.0006412129150703
2026-05-06 21:42:46,SPY,live,2025-07-24,0.000331149609356,-0.0003298024858559,0.0002371955779381
2026-05-06 21:42:46,SPY,live,2025-07-25,0.0042243496403191,0.0001325727431029,0.0006818873225711
2026-05-06 21:42:46,SPY,live,2025-07-28,-0.0002511001451916,0.0002762562811171,0.0002093805815093
2026-05-06 21:42:46,SPY,live,2025-07-29,-0.002637648602082,0.000569016153415,0.0010944969253614
2026-05-06 21:42:46,SPY,live,2025-07-30,-0.0012593310110431,-0.0013731790392487,-0.0002737138420343
2026-05-06 21:42:46,SPY,live,2025-07-31,-0.0037512265266995,5.330516192007508e-05,0.0011663357727229
2026-05-06 21:42:46,SPY,live,2025-08-01,-0.0163904669012131,0.0006661075995681,0.0006481620948761
2026-05-06 21:42:46,SPY,live,2025-08-04,0.0151999131931381,-0.0004224412954104,0.0006898361607454
2026-05-06 21:42:46,SPY,live,2025-08-05,-0.0050699660779988,0.0015424566062249,-0.0002478203969076
2026-05-06 21:42:46,SPY,live,2025-08-06,0.0076595814753868,-0.0010845118988436,-7.466989336535335e-05
2026-05-06 21:42:46,SPY,live,2025-08-07,-0.0008375268037759,0.0013909499436396,0.0007090585422702
2026-05-06 21:42:46,SPY,live,2025-08-08,0.0077974753442919,-0.0020694470037629,0.0002084331063088
2026-05-06 21:42:46,SPY,live,2025-08-11,-0.0019774432364148,0.0011204704729903,0.0004690419882535
2026-05-06 21:42:46,SPY,live,2025-08-12,0.0106460176622822,-0.0002613062946617,0.0005654440028592
2026-05-06 21:42:46,SPY,live,2025-08-13,0.0034231474568031,0.0001789880536959,0.0008581695146858
2026-05-06 21:42:46,SPY,live,2025-08-14,9.296545483872264e-05,-0.0012368562276182,0.0003899421426467
2026-05-06 21:42:46,SPY,live,2025-08-15,-0.0023412900802292,0.0014968340643882,0.0003316733054816
2026-05-06 21:42:46,SPY,live,2025-08-18,-0.0002174401336515,-0.0009103508580345,0.0014690265525132
2026-05-06 21:42:46,SPY,live,2025-08-19,-0.0054252252305696,0.0029319026504889,0.0008162297308444
2026-05-06 21:42:46,SPY,live,2025-08-20,-0.0026570836306466,-0.0019333449028327,0.0003007670457009
2026-05-06 21:42:46,SPY,live,2025-08-21,-0.004011725826335,0.0025401882332588,0.0006021295557729
2026-05-06 21:42:46,SPY,live,2025-08-22,0.0153567882140817,-0.0002083678843011,0.0010506678372621
2026-05-06 21:42:46,SPY,live,2025-08-25,-0.0044010616726667,0.0019878256811071,0.0007557463250122
2026-05-06 21:42:46,SPY,live,2025-08-26,0.0041869401421426,-0.0012357541208577,0.0011861035600304
2026-05-06 21:42:46,SPY,live,2025-08-27,0.0022785132820093,-0.0011929579566611,0.0005883565754629
2026-05-06 21:42:46,SPY,live,2025-08-28,0.0035413627321427,0.0002543500690218,0.0005288523389026
2026-05-06 21:42:46,SPY,live,2025-08-29,-0.0059636816039791,-0.0008495924160937,0.0011120815761387
2026-05-06 21:42:46,SPY,live,2025-09-02,-0.0074102001324667,0.000435539697716,0.0009826351888477
2026-05-06 21:42:46,SPY,live,2025-09-03,0.0054194630566009,0.0018730953043113,0.001000618096441
2026-05-06 21:42:46,SPY,live,2025-09-04,0.0083574560594115,-0.0005299943349444,0.0004234806401655
2026-05-06 21:42:46,SPY,live,2025-09-05,-0.0028962430390079,0.0026910805804603,0.0009014285751618
2026-05-06 21:42:46,SPY,live,2025-09-08,0.002456637009248,9.741147450016208e-05,0.0005088907782919
2026-05-06 21:42:46,SPY,live,2025-09-09,0.0023118256108043,0.0012560515871389,0.0007114582695066
2026-05-06 21:42:46,SPY,live,2025-09-10,0.0028907596303364,-0.000384469086962,0.0007374320412054
2026-05-06 21:42:46,SPY,live,2025-09-11,0.0083103598919245,0.0015325255124239,0.0006102244951762
2026-05-06 21:42:46,SPY,live,2025-09-12,-0.000334706509845,-0.0003883017530192,0.0009768406162038
2026-05-06 21:42:46,SPY,live,2025-09-15,0.005323952420932,-0.0006524775607387,0.0016944904346019
2026-05-06 21:42:46,SPY,live,2025-09-16,-0.0013767927852816,-0.0004596431625254,-0.000370068650227
2026-05-06 21:42:46,SPY,live,2025-09-17,-0.0012424352925486,-0.0006234619132068,0.0011643406469374
2026-05-06 21:42:46,SPY,live,2025-09-18,0.0046723517643947,-0.0001649957096586,0.0003646061231847
2026-05-06 21:42:46,SPY,live,2025-09-19,0.0049529681793403,0.0004256726046011,0.0009858866687864
2026-05-06 21:42:46,SPY,live,2025-09-22,0.0047310079680962,0.0012454380552601,0.0004864276852458
2026-05-06 21:44:11,QQQ,live,2025-02-03,-0.0080030134193831,0.0004255440847293,0.0008723069913685
2026-05-06 21:44:11,QQQ,live,2025-02-04,0.0122751621322201,0.0043081679846397,0.0033859168179333
2026-05-06 21:44:11,QQQ,live,2025-02-05,0.0045379971328487,0.0018784477515331,0.0015368813183158
2026-05-06 21:44:11,QQQ,live,2025-02-06,0.0052196795863801,-1.16965805097664e-05,0.0008967702160589
2026-05-06 21:44:11,QQQ,live,2025-02-07,-0.0126132092211947,-0.0041151108382764,0.0006756667280569
2026-05-06 21:44:11,QQQ,live,2025-02-10,0.0121050489484122,0.0008738000469128,0.0003994235885329
2026-05-06 21:44:11,QQQ,live,2025-02-11,-0.0023806340589549,-0.0012863584004256,0.0008286680676974
2026-05-06 21:44:11,QQQ,live,2025-02-12,0.0005868941248814,0.0007105660523024,0.0015723452670499
2026-05-06 21:44:11,QQQ,live,2025-02-13,0.0143858770414726,0.0010862458267319,0.0017446686979383
2026-05-06 21:44:11,QQQ,live,2025-02-14,0.004198682869986,0.0029994461159087,0.0014710228424519
2026-05-06 21:44:11,QQQ,live,2025-02-18,0.0022668461790613,0.002681751902263,0.0008134230738505
2026-05-06 21:44:11,QQQ,live,2025-02-19,0.0002780886314701,-0.0008746486904432,-6.352690979838371e-05
2026-05-06 21:44:11,QQQ,live,2025-02-20,-0.0042443972237575,0.0013881270345011,-7.944705430418253e-06
2026-05-06 21:44:11,QQQ,live,2025-02-21,-0.0207546235748495,-0.0045469629632136,0.0013924905797466
2026-05-06 21:44:11,QQQ,live,2025-02-24,-0.0118043171501885,0.0028912193095775,0.0005918401875533
2026-05-06 21:44:11,QQQ,live,2025-02-25,-0.0125993366177143,-0.0003251459782879,0.0015971515094861
2026-05-06 21:44:11,QQQ,live,2025-02-26,0.0024157443496573,0.0018748781576401,0.0010182608384639
2026-05-06 21:44:11,QQQ,live,2025-02-27,-0.0277713468213318,0.003930744928817,0.0007246434106491
2026-05-06 21:44:11,QQQ,live,2025-02-28,0.0157914972563151,-0.0011203505713078,0.0002920903207268
2026-05-06 21:44:11,QQQ,live,2025-03-03,-0.0218825048380879,0.0042091039754132,0.0013345063198357
2026-05-06 21:44:11,QQQ,live,2025-03-04,-0.0030177809467436,0.0004318606795774,0.000441967655206
2026-05-06 21:44:11,QQQ,live,2025-03-05,0.0130360888498428,0.0019750511744974,0.0006438951822929
2026-05-06 21:44:11,QQQ,live,2025-03-06,-0.0275094949929485,-5.593750282713067e-05,0.0002369038993492
2026-05-06 21:44:11,QQQ,live,2025-03-07,0.0073536618276772,3.978746585953509e-05,0.0005002448451705
2026-05-06 21:44:11,QQQ,live,2025-03-10,-0.0387564392672468,-0.0015775841768375,0.0009758620872162
2026-05-06 21:44:11,QQQ,live,2025-03-11,-0.0023903966278354,0.0037082549430287,0.0024100381415337
2026-05-06 21:44:11,QQQ,live,2025-03-12,0.011280767030684,-0.0007121206444124,0.0003814065130427
2026-05-06 21:44:11,QQQ,live,2025-03-13,-0.0179904072797727,0.0063704067574115,0.0010275918757542
2026-05-06 21:44:11,QQQ,live,2025-03-14,0.0241704567466616,-0.0019469846660811,0.0008219695300795
2026-05-06 21:44:11,QQQ,live,2025-03-17,0.0064836592770303,0.0061130275460155,0.0011879248777404
2026-05-06 21:44:11,QQQ,live,2025-03-18,-0.0170473976701934,0.0010052637607965,0.0014029542217031
2026-05-06 21:44:11,QQQ,live,2025-03-19,0.0133813718148569,-0.0037838913464475,0.000636791344732
2026-05-06 21:44:11,QQQ,live,2025-03-20,-0.0033895231006456,0.005123967448532,0.0010117178317159
2026-05-06 21:44:11,QQQ,live,2025-03-21,0.0032966645669756,-0.0061725063515446,0.0012217962648719
2026-05-06 21:44:11,QQQ,live,2025-03-24,0.0219444237932937,0.0056536646528845,0.0021131373941898
2026-05-06 21:44:11,QQQ,live,2025-03-25,0.0057065723829345,-0.0022318608975779,0.001346246805042
2026-05-06 21:44:11,QQQ,live,2025-03-26,-0.0184006692598704,0.0013944405850087,0.0020893211476504
2026-05-06 21:44:11,QQQ,live,2025-03-27,-0.0056980675634251,0.0014685232127662,0.0019148583523929
2026-05-06 21:44:11,QQQ,live,2025-03-28,-0.0263277646760243,-0.0009468796564704,0.0015243776142597
2026-05-06 21:44:11,QQQ,live,2025-03-31,-4.263610120314176e-05,0.0077070804686003,0.0017775066662579
2026-05-06 21:44:11,QQQ,live,2025-04-01,0.0080610517453656,0.0004795338159816,0.0016093589365482
2026-05-06 21:44:11,QQQ,live,2025-04-02,0.0072984963365447,0.0033189718555738,0.00137933017686
2026-05-06 21:44:11,QQQ,live,2025-04-03,-0.0535335644442017,0.0022087599787119,0.0013616369105875
2026-05-06 21:44:11,QQQ,live,2025-04-04,-0.0621088968488287,-0.0045637840613389,0.002302027773112
2026-05-06 21:44:11,QQQ,live,2025-04-07,0.0024132769628362,0.0051105821990544,0.0018587643280625
2026-05-06 21:44:11,QQQ,live,2025-04-08,-0.0180084877635562,0.0032297890657744,0.0017987985629588
2026-05-06 21:44:11,QQQ,live,2025-04-09,0.120030690356123,0.0055314026937715,0.0010560960508883
2026-05-06 21:44:11,QQQ,live,2025-04-10,-0.0425321771769894,0.0069670047091376,0.0025652896147221
2026-05-06 21:44:11,QQQ,live,2025-04-11,0.0184231653106183,-0.0063471560972533,0.0005224669585004
2026-05-06 21:44:11,QQQ,live,2025-04-14,0.0067781504912858,-0.0014653971708438,0.002110410714522
2026-05-06 21:44:11,QQQ,live,2025-04-15,0.0011147908840389,0.0018210197890339,0.0007137526408769
2026-05-06 21:44:11,QQQ,live,2025-04-16,-0.0301536164011761,-0.0062533166549998,-0.0002879567327909
2026-05-06 21:44:11,QQQ,live,2025-04-17,-0.0001799820722115,0.00316855581478,0.0016713188961148
2026-05-06 21:44:11,QQQ,live,2025-04-21,-0.0247467765360285,0.005762183631328,-9.105796925723551e-05
2026-05-06 21:44:11,QQQ,live,2025-04-22,0.0262521044292527,-0.0039277054861029,0.0030941870063543
2026-05-06 21:44:11,QQQ,live,2025-04-23,0.0226780928377203,0.0156077778297697,0.0009664082899689
2026-05-06 21:44:11,QQQ,live,2025-04-24,0.0281371789085673,-0.0145845218926738,0.0006427956977859
2026-05-06 21:44:11,QQQ,live,2025-04-25,0.0111479030508148,0.0124654662150765,0.0017876101192086
2026-05-06 21:44:11,QQQ,live,2025-04-28,-0.0003173860935313,-0.0056630243279657,0.0003725327842403
2026-05-06 21:44:11,QQQ,live,2025-04-29,0.0066044536960572,0.0080597483864558,0.001276203431189
2026-05-06 21:44:11,QQQ,live,2025-04-30,-0.0001262646943923,-0.0048765538510201,0.0024496866390109
2026-05-06 21:44:11,QQQ,live,2025-05-01,0.0130608234116824,-0.0053075842960203,0.0013841580366715
2026-05-06 21:44:11,QQQ,live,2025-05-02,0.0148438424111347,-0.0016077702358174,0.002011242089793
2026-05-06 21:44:11,QQQ,live,2025-05-05,-0.0059325053541787,-0.0042535926033667,0.00137047492899
2026-05-06 21:44:11,QQQ,live,2025-05-06,-0.0093016953978578,0.0039320341242799,0.0006286675343289
2026-05-06 21:44:11,QQQ,live,2025-05-07,0.003925955359544,0.003009006265467,0.0007350763189606
2026-05-06 21:44:11,QQQ,live,2025-05-08,0.0103249347561404,0.0039483606544982,0.0015669907443225
2026-05-06 21:44:11,QQQ,live,2025-05-09,-0.0006553953652443,0.0088276554854836,0.0005468055605888
2026-05-06 21:44:11,QQQ,live,2025-05-12,0.0407401549082224,-0.000494207407064,0.0011542451102286
2026-05-06 21:44:11,QQQ,live,2025-05-13,0.015240806358721,-0.0025911666608643,-0.0014047843869775
2026-05-06 21:44:11,QQQ,live,2025-05-14,0.0059930519993791,0.0003668078994212,-0.0033827712759375
2026-05-06 21:44:11,QQQ,live,2025-05-15,0.0010990743062913,-0.0138766543227683,-0.0051203505136072
2026-05-06 21:44:11,QQQ,live,2025-05-16,0.0043522568946561,-0.0006493244634375,0.0002063296851702
2026-05-06 21:44:11,QQQ,live,2025-05-19,0.0009589263411915,0.0041105613949412,0.0021646418608725
2026-05-06 21:44:11,QQQ,live,2025-05-20,-0.0033332886874025,2.2971117331004607e-05,-0.0031671195756644
2026-05-06 21:44:11,QQQ,live,2025-05-21,-0.0138967231452203,0.0075645819827827,-0.0056418511085212
2026-05-06 21:44:11,QQQ,live,2025-05-22,0.0018712142444674,-0.0061954607089566,-0.0016606289427727
2026-05-06 21:44:11,QQQ,live,2025-05-23,-0.0092607402661998,0.0045890566360247,0.0025832022074609
2026-05-06 21:44:11,QQQ,live,2025-05-27,0.0235251554310949,-0.0016817074007985,-0.0008962570573203
2026-05-06 21:44:11,QQQ,live,2025-05-28,-0.0044318247471238,0.0020517009851325,-0.0008832300663925
2026-05-06 21:44:11,QQQ,live,2025-05-29,0.0019657559916732,-0.0020309697343338,-0.0007904781377874
2026-05-06 21:44:11,QQQ,live,2025-05-30,-0.0015772340403696,0.0007633147140748,0.0014145078603178
2026-05-06 21:44:11,QQQ,live,2025-06-02,0.0078981556044521,-0.0012018475855503,-4.605605499818921e-05
2026-05-06 21:44:11,QQQ,live,2025-06-03,0.0078170395214898,1.975768904820849e-05,0.0008526325691491
2026-05-06 21:44:11,QQQ,live,2025-06-04,0.0027878496326794,-0.0036557620044006,-0.0014363334048539
2026-05-06 21:44:11,QQQ,live,2025-06-05,-0.0075268786024924,-0.0011910202217735,-0.0010931303258985
2026-05-06 21:44:11,QQQ,live,2025-06-06,0.0097753338566635,-0.0006582851650043,-0.000744238437619
2026-05-06 21:44:11,QQQ,live,2025-06-09,0.0014720407166994,0.0031236272303995,-1.42335775308311e-05
2026-05-06 21:44:11,QQQ,live,2025-06-10,0.006613926446056,-0.0017435490309315,0.0004023791116196
2026-05-06 21:44:11,QQQ,live,2025-06-11,-0.0033695600261574,0.0045575457609794,7.411796832457185e-05
2026-05-06 21:44:11,QQQ,live,2025-06-12,0.0023477747804223,-0.0016913134839455,0.0001119261723943
2026-05-06 21:44:11,QQQ,live,2025-06-13,-0.0125548089168058,0.0002901018989977,-0.0005669940146617
2026-05-06 21:44:11,QQQ,live,2025-06-16,0.0139099498459227,-0.0003898717101327,-0.0005145705654285
2026-05-06 21:44:11,QQQ,live,2025-06-17,-0.0097512075511853,-0.0012954665711029,0.0005568044725805
2026-05-06 21:44:11,QQQ,live,2025-06-18,-0.0001701695551827,-0.0004668135631888,0.0007871424895711
2026-05-06 21:44:11,QQQ,live,2025-06-20,-0.0040831412803056,3.616058855397035e-05,0.0001691795769147
2026-05-06 21:44:11,QQQ,live,2025-06-23,0.0102824166321691,0.0010578966210432,7.721374277025461e-05
2026-05-06 21:44:11,QQQ,live,2025-06-24,0.0152919974234673,0.0030458358385064,-6.787676829844713e-05
2026-05-06 21:44:11,QQQ,live,2025-06-25,0.0025564521959329,-0.0024822288739668,-0.0004448652616702
2026-05-06 21:44:11,QQQ,live,2025-06-26,0.0093502464011128,0.0015445414195304,0.0004973475006408
2026-05-06 21:44:11,QQQ,live,2025-06-27,0.003423783332735,-0.0024267190800706,0.0008143507875502
2026-05-06 21:44:11,QQQ,live,2025-06-30,0.0064769226865766,0.0017740348189737,0.0008637948194518
2026-05-06 21:44:11,QQQ,live,2025-07-01,-0.0084293265001109,-0.00173778946032,0.0005747096147388
2026-05-06 21:44:11,QQQ,live,2025-07-02,0.0069651555187406,0.0002482748765174,0.0006118106539361
2026-05-06 21:44:11,QQQ,live,2025-07-03,0.0098403711922283,-0.000694135938519,0.0008506500162184
2026-05-06 21:44:11,QQQ,live,2025-07-07,-0.0075328807701394,0.0022597561267045,0.0014529367908835
2026-05-06 21:44:11,QQQ,live,2025-07-08,0.0005615358382493,0.0002133276675205,0.0007569922017864
2026-05-06 21:44:11,QQQ,live,2025-07-09,0.0070789228245018,0.0009702070147915,0.0010018774773925
2026-05-06 21:44:11,QQQ,live,2025-07-10,-0.001438123940997,0.0011024911398964,1.2896896805614231e-05
2026-05-06 21:44:11,QQQ,live,2025-07-11,-0.0022505116729369,-0.001403130260527,0.001157097518444
2026-05-06 21:44:11,QQQ,live,2025-07-14,0.0036269588131085,0.0029995922881868,0.0009268735302612
2026-05-06 21:44:11,QQQ,live,2025-07-15,0.0009167073914724,-0.0017320557833074,0.0010226080194115
2026-05-06 21:44:11,QQQ,live,2025-07-16,0.0010239276654802,3.754423410173803e-05,0.000610101618804
2026-05-06 21:44:11,QQQ,live,2025-07-17,0.0080927915684321,-5.387222374677561e-05,0.0006632762961089
2026-05-06 21:44:11,QQQ,live,2025-07-18,-0.0009612364892568,-0.000905102949555,0.0009535117424093
2026-05-06 21:44:11,QQQ,live,2025-07-21,0.0051847562642817,0.0010418444423516,0.0013167052529752
2026-05-06 21:44:11,QQQ,live,2025-07-22,-0.0051758215673384,0.0003051907466085,0.00055454618996
2026-05-06 21:44:11,QQQ,live,2025-07-23,0.0045613704566533,0.0017436176428323,0.0007572147296741
2026-05-06 21:44:11,QQQ,live,2025-07-24,0.0021283693114093,-3.601240474872833e-05,0.000472494517453
2026-05-06 21:44:11,QQQ,live,2025-07-25,0.0024070577535559,0.0002807559978852,0.0007869219407439
2026-05-06 21:44:11,QQQ,live,2025-07-28,0.0031250141967433,-5.011229217144367e-06,0.0005164389731362
2026-05-06 21:44:11,QQQ,live,2025-07-29,-0.0015488514141033,0.0006704383562641,0.0010764957405626
2026-05-06 21:44:11,QQQ,live,2025-07-30,0.0013399059679111,-0.0004042766086298,1.9720348063856363e-05
2026-05-06 21:44:11,QQQ,live,2025-07-31,-0.005299173469577,-0.0006817476613816,0.0011665772181004
2026-05-06 21:44:11,QQQ,live,2025-08-01,-0.0196987317841567,0.0018606181331236,0.0008152804803103
2026-05-06 21:44:11,QQQ,live,2025-08-04,0.0184514244183764,0.0002877868569926,0.0009225660469383
2026-05-06 21:44:11,QQQ,live,2025-08-05,-0.0067894060200985,0.0016768516523561,0.0002948941546492
2026-05-06 21:44:11,QQQ,live,2025-08-06,0.0125832307783988,-0.0001832630003636,0.0003290754684712
2026-05-06 21:44:11,QQQ,live,2025-08-07,0.0033843434297078,0.0012519804531539,0.0008002251852303
2026-05-06 21:44:11,QQQ,live,2025-08-08,0.0093280983942403,-0.0011102145081968,0.0005670247483067
2026-05-06 21:44:11,QQQ,live,2025-08-11,-0.0029588631653203,-0.0003831227277175,0.0007871591951698
2026-05-06 21:44:11,QQQ,live,2025-08-12,0.012568801217258,0.0007836100052024,0.0007655775407329
2026-05-06 21:44:11,QQQ,live,2025-08-13,0.0004999798804039,0.0003812425683508,0.0013624461134895
2026-05-06 21:44:11,QQQ,live,2025-08-14,-0.0007753521412967,-0.0011851770381978,0.0006073907716199
2026-05-06 21:44:11,QQQ,live,2025-08-15,-0.0043973179149715,0.0014588638040903,0.0005984480376355
2026-05-06 21:44:11,QQQ,live,2025-08-18,-0.0003985507015702,-0.0020421806498792,0.0013590346788987
2026-05-06 21:44:11,QQQ,live,2025-08-19,-0.0135674849979672,0.0036078294229826,0.0009078807779587
2026-05-06 21:44:11,QQQ,live,2025-08-20,-0.0059374259826039,-0.0024007062253747,0.0006824786541983
2026-05-06 21:44:11,QQQ,live,2025-08-21,-0.0046296551899586,0.0045809420067582,0.0010877331951633
2026-05-06 21:44:11,QQQ,live,2025-08-22,0.0154273593558158,0.0008870672996603,0.0011216473067179
2026-05-06 21:44:11,QQQ,live,2025-08-25,-0.0028848106482866,0.002412732267185,0.0009073144756257
2026-05-06 21:44:11,QQQ,live,2025-08-26,0.0040153373620261,-0.0001509862206092,0.001048527774401
2026-05-06 21:44:11,QQQ,live,2025-08-27,0.001536867433014,-0.0013551484177278,0.0009935981361195
2026-05-06 21:44:11,QQQ,live,2025-08-28,0.0062599211647955,-0.0001447163623255,0.0007671538623981
2026-05-06 21:44:11,QQQ,live,2025-08-29,-0.0115753870449382,-0.0003897002617817,0.0011252246331423
2026-05-06 21:44:11,QQQ,live,2025-09-02,-0.0083803196739463,-0.001155307632237,0.0009406083263456
2026-05-06 21:44:11,QQQ,live,2025-09-03,0.0078676817973766,0.0028485062484664,0.0013646117877215
2026-05-06 21:44:11,QQQ,live,2025-09-04,0.0090513380563592,-5.0262411151943574e-05,0.0009096643188968
2026-05-06 21:44:11,QQQ,live,2025-09-05,0.0014429637916091,0.0024628984557933,0.0009346022270619
2026-05-06 21:44:11,QQQ,live,2025-09-08,0.0048778874455228,0.0002269913135366,0.0007980862865224
2026-05-06 21:44:11,QQQ,live,2025-09-09,0.0028332800126658,0.0008191588504291,0.0006471183151006
2026-05-06 21:44:11,QQQ,live,2025-09-10,0.0003272515481658,-0.0003061748041526,0.0007134775514714
2026-05-06 21:44:11,QQQ,live,2025-09-11,0.0058205556033805,0.0020756400065992,0.0005656697321683
2026-05-06 21:44:11,QQQ,live,2025-09-12,0.0044170622178238,-0.0007271710508829,0.0010534138418734
2026-05-06 21:44:11,QQQ,live,2025-09-15,0.0085570824071732,-0.0001652435272995,0.0017712346743792
2026-05-06 21:44:11,QQQ,live,2025-09-16,-0.0008451865317253,-0.0007135641402097,0.0003766530717257
2026-05-06 21:44:11,QQQ,live,2025-09-17,-0.0019959461391949,-0.0001911121356873,0.0013931242283433
2026-05-06 21:44:11,QQQ,live,2025-09-18,0.0090170088691499,-0.0002702435104315,0.0007345948251895
2026-05-06 21:44:11,QQQ,live,2025-09-19,0.0067693390576313,0.0008056762468833,0.0011172299273312
2026-05-06 21:44:11,QQQ,live,2025-09-22,0.0059200144898174,0.0018084458903312,0.0009970152750611
2026-05-06 22:33:01,GOOGL,live,2024-05-16,0.0096807803912961,0.0024577666748993,0.0028356742113828
2026-05-06 22:33:01,GOOGL,live,2024-05-17,0.0107931916022707,-0.0090373640343845,0.0001367577351629
2026-05-06 22:33:01,GOOGL,live,2024-05-20,0.004884877981601,0.0001103187107384,-0.0004904029192402
2026-05-06 22:33:01,GOOGL,live,2024-05-21,0.0052567114378474,-0.0033987512992649,-0.0008930908516049
2026-05-06 22:33:01,GOOGL,live,2024-05-22,-0.0082653728989574,0.0063694979687713,-0.0009662715019658
2026-05-06 22:33:01,GOOGL,live,2024-05-23,-0.0160449394726515,-0.0133432970324381,-0.0022018831223249
2026-05-06 22:33:01,GOOGL,live,2024-05-24,0.0082972091761563,-0.0014505472105241,-0.0004375248681753
2026-05-06 22:33:01,GOOGL,live,2024-05-28,0.0080576662651417,0.0015028666694631,0.0004451486747711
2026-05-06 22:33:01,GOOGL,live,2024-05-29,-0.002834520023311,-0.0014923253588851,-0.000400501769036
2026-05-06 22:33:01,GOOGL,live,2024-05-30,-0.0215462991129584,-0.0028272185530914,-0.00061725161504
2026-05-06 22:33:01,GOOGL,live,2024-05-31,0.0022660350135037,0.0032376358283339,0.0001626170123927
2026-05-06 22:33:01,GOOGL,live,2024-06-03,0.0038840411830196,0.0053195053041053,0.0014103455469012
2026-05-06 22:33:01,GOOGL,live,2024-06-04,0.0035802747729178,0.0022603963119842,0.0005301008932292
2026-05-06 22:33:01,GOOGL,live,2024-06-05,0.0093216806202545,-0.0065203403437565,0.0010700504062697
2026-05-06 22:33:01,GOOGL,live,2024-06-06,0.0075251034123942,-0.0012954082344511,0.0020092958584427
2026-05-06 22:33:01,GOOGL,live,2024-06-07,-0.0128443441785599,0.0039708203515082,0.0022843698970973
2026-05-06 22:33:01,GOOGL,live,2024-06-10,0.0043037335503646,-0.0085206442497419,0.0021844499278813
2026-05-06 22:33:01,GOOGL,live,2024-06-11,0.0091995498613863,0.0030112072455938,0.0031092595309019
2026-05-06 22:33:01,GOOGL,live,2024-06-12,0.0066243166321551,-4.453176514786737e-05,0.0021791264880448
2026-05-06 22:33:01,GOOGL,live,2024-06-13,-0.0147926477752166,0.000706442517657,0.0005570562789216
2026-05-06 22:33:01,GOOGL,live,2024-06-14,0.0093057234906328,-0.0022790008939504,7.780303712934256e-05
2026-05-06 22:33:01,GOOGL,live,2024-06-17,0.0025454779042626,0.0004476775677575,0.0003257686039432
2026-05-06 22:33:01,GOOGL,live,2024-06-18,-0.0121305503126645,-0.0015687053061096,-1.1540832929313185e-05
2026-05-06 22:33:01,GOOGL,live,2024-06-20,0.006910662367916,-0.0008681303550254,-0.000400137505494
2026-05-06 22:33:01,GOOGL,live,2024-06-21,0.0188884034742053,0.0042495401438195,0.0012203690130263
2026-05-06 22:33:01,GOOGL,live,2024-06-24,-0.0022824620339645,0.0004791305183475,0.0009420556598342
2026-05-06 22:33:01,GOOGL,live,2024-06-25,0.0268386099252542,0.0005400126547392,0.0019404735649004
2026-05-06 22:33:01,GOOGL,live,2024-06-26,-0.0008150837847009,0.0007587547551789,0.0015739039517939
2026-05-06 22:33:01,GOOGL,live,2024-06-27,0.0083205363332425,-0.0017157971510126,0.0013113168533891
2026-05-06 22:33:01,GOOGL,live,2024-06-28,-0.0175827185100755,-0.0019135477493065,0.0008589257486164
2026-05-06 22:33:01,GOOGL,live,2024-07-01,0.0046117830956855,-0.0006816883925939,0.0005180679145269
2026-05-06 22:33:01,GOOGL,live,2024-07-02,0.0122955748258701,1.0471757298823872e-05,1.0023475624620914e-05
2026-05-06 22:33:01,GOOGL,live,2024-07-03,0.0031311926065893,-0.0003851251934936,-0.0001635634107515
2026-05-06 22:33:01,GOOGL,live,2024-07-05,0.0257237529438005,-0.0032568612618241,-0.0002249832032248
2026-05-06 22:33:01,GOOGL,live,2024-07-08,-0.0082372093109506,0.0007380359206296,0.0007359215524047
2026-05-06 22:33:01,GOOGL,live,2024-07-09,-0.0002644538929555,0.0005520437857726,0.0011188036296516
2026-05-06 22:33:01,GOOGL,live,2024-07-10,0.0116414074717863,-0.001032944612321,-0.0005198154831305
2026-05-06 22:33:01,GOOGL,live,2024-07-11,-0.0293439395713868,0.00149117893066,-0.0006381556158885
2026-05-06 22:33:01,GOOGL,live,2024-07-12,-0.0026944262881004,-0.0029270342209479,0.0003597160102799
2026-05-06 22:33:01,GOOGL,live,2024-07-15,0.0078888116479998,0.0018963689902039,0.0019532390870153
2026-05-06 22:33:01,GOOGL,live,2024-07-16,-0.0139924261859603,-0.0018032112435386,0.0004892210708931
2026-05-06 22:33:01,GOOGL,live,2024-07-17,-0.0157676581528397,2.416627861784879e-05,0.0003300459356978
2026-05-06 22:33:01,GOOGL,live,2024-07-18,-0.0183957260290346,0.0042602542566871,0.0001012546708807
2026-05-06 22:33:01,GOOGL,live,2024-07-19,-0.0001687294439366,-0.0010006965401787,-0.0003258751239627
2026-05-06 22:33:01,GOOGL,live,2024-07-22,0.0225710904624616,0.0063607714977679,-0.0001735897967591
2026-05-06 22:33:01,GOOGL,live,2024-07-23,0.0006604701349581,0.0002404450474394,0.0009058024152182
2026-05-06 22:33:01,GOOGL,live,2024-07-24,-0.0503877954536424,-0.0003657255435064,-0.0002347350819036
2026-05-06 22:33:01,GOOGL,live,2024-07-25,-0.0309910840835071,-0.0020894299757015,-0.0006265585543587
2026-05-06 22:33:01,GOOGL,live,2024-07-26,-0.0016738817852338,-3.277191617594372e-05,-0.0002954568481072
2026-05-06 22:33:01,GOOGL,live,2024-07-29,0.015149731924023,0.0090667649563918,0.0010778101859614
2026-05-06 22:33:01,GOOGL,live,2024-07-30,0.0044828216667478,4.541830986739821e-05,4.043924855068326e-05
2026-05-06 22:33:01,GOOGL,live,2024-07-31,0.00734053492604,0.0001756293762007,0.0009270394220948
2026-05-06 22:33:01,GOOGL,live,2024-08-01,-0.0045469334984548,0.0057835164894842,0.002121411729604
2026-05-06 22:33:01,GOOGL,live,2024-08-02,-0.0240103161178452,0.0021172681326573,0.0012019575806334
2026-05-06 22:33:01,GOOGL,live,2024-08-05,-0.0444618880122332,0.0033131962385109,0.0009304846171289
2026-05-06 22:33:01,GOOGL,live,2024-08-06,-0.0060282143979273,0.0002530361796364,0.001443947199732
2026-05-06 22:33:01,GOOGL,live,2024-08-07,0.0041063190733312,0.0028386194206564,0.0004877626779489
2026-05-06 22:33:01,GOOGL,live,2024-08-08,0.0194413233678467,0.0068199649744298,0.001468157977797
2026-05-06 22:33:01,GOOGL,live,2024-08-09,0.0101216444862592,0.0021016161599345,0.0016933692386373
2026-05-06 22:33:01,GOOGL,live,2024-08-12,-0.008431574637242,0.0037086645783313,0.0036185323260724
2026-05-06 22:33:01,GOOGL,live,2024-08-13,0.0115225608763005,0.0042207026724982,0.0025462575722485
2026-05-06 22:33:01,GOOGL,live,2024-08-14,-0.0230872196229946,0.0079434470539122,0.0022268507163971
2026-05-06 22:33:01,GOOGL,live,2024-08-15,0.0057990656986288,0.007456999183333,0.0020807362161576
2026-05-06 22:33:01,GOOGL,live,2024-08-16,0.0102914950234542,-0.003350454871947,0.0010247498285025
2026-05-06 22:33:01,GOOGL,live,2024-08-19,0.0227661075255838,-5.157978122467398e-05,0.0019582440145313
2026-05-06 22:33:01,GOOGL,live,2024-08-20,0.0030599919968872,0.0004698119715523,0.0011410691076889
2026-05-06 22:33:01,GOOGL,live,2024-08-21,-0.0079554420970813,-7.525197387875122e-07,0.000641721766442
2026-05-06 22:33:01,GOOGL,live,2024-08-22,-0.0123606186230132,0.0034302792082465,0.0032993094064295
2026-05-06 22:33:01,GOOGL,live,2024-08-23,0.0111109651731584,0.0069835530761907,0.0010458950418978
2026-05-06 22:33:01,GOOGL,live,2024-08-26,0.0032606037122688,0.0085288840277447,0.0003490359522402
2026-05-06 22:33:01,GOOGL,live,2024-08-27,-0.0089070216552126,0.0011723041601536,0.0018214352894574
2026-05-06 22:33:01,GOOGL,live,2024-08-28,-0.0111125264025733,-0.0010885348927735,0.0022181060630828
2026-05-06 22:33:01,GOOGL,live,2024-08-29,-0.0065703204620087,-0.003594913050801,0.0020602783188223
2026-05-06 22:33:01,GOOGL,live,2024-08-30,0.0098899337957572,0.0082338869412455,-3.623380325734615e-05
2026-05-06 22:33:01,GOOGL,live,2024-09-03,-0.03684654086039,0.0021526179820993,-0.0017668803920969
2026-05-06 22:33:01,GOOGL,live,2024-09-04,-0.0057829389579967,0.0027023675941075,-0.000343658379279
2026-05-06 22:33:01,GOOGL,live,2024-09-05,0.0050494404528083,0.0081572773086016,0.0056908754631876
2026-05-06 22:33:01,GOOGL,live,2024-09-06,-0.0401933554655581,0.0063900153747953,0.0036021885462105
2026-05-06 22:33:01,GOOGL,live,2024-09-09,-0.0133358789313579,0.002443991352077,0.0009028388303704
2026-05-06 22:33:01,GOOGL,live,2024-09-10,-0.0003363294067382,-0.0023458988800138,-0.0006771888583898
2026-05-06 22:33:01,GOOGL,live,2024-09-11,0.0168168631330183,0.0023244771728364,-0.0013452497078105
2026-05-06 22:33:01,GOOGL,live,2024-09-12,0.0233528553857056,0.0049519771310252,-0.0021249116398394
2026-05-06 22:33:01,GOOGL,live,2024-09-13,0.0179067340241041,0.0041616011762227,-0.0011559611884877
2026-05-06 22:33:01,GOOGL,live,2024-09-16,0.0038105070032783,-0.0018389179247034,0.0018764388514682
2026-05-06 22:33:01,GOOGL,live,2024-09-17,0.0079717273700699,0.0032613095845382,0.0048083108849823
2026-05-06 22:33:01,GOOGL,live,2024-09-18,0.0030754485249848,-0.0014367080212395,0.0017100712284445
2026-05-06 22:33:01,GOOGL,live,2024-09-19,0.0145798923805866,0.0014498209500927,0.0010031984420493
2026-05-06 22:33:01,GOOGL,live,2024-09-20,0.0089428300993847,-0.0057507258182741,0.0002312657306902
2026-05-06 22:33:01,GOOGL,live,2024-09-23,-0.0106362589323063,-0.003475582823633,0.0005717027233913
2026-05-06 22:33:01,GOOGL,live,2024-09-24,0.0027185394720172,0.0062495154148497,0.0017313620774075
2026-05-06 22:33:01,GOOGL,live,2024-09-25,-0.0049293724858801,-0.0003797015712466,0.0014573549851775
2026-05-06 22:33:01,GOOGL,live,2024-09-26,0.0076782961549504,0.0047804202794395,0.0038924170657992
2026-05-06 22:33:01,GOOGL,live,2024-09-27,0.0074971874701452,0.0025840512711223,0.0021471704822033
2026-05-06 22:33:01,GOOGL,live,2024-09-30,0.011588852093979,0.0045433306617265,0.001501515158452
2026-05-06 22:33:01,GOOGL,live,2024-10-01,0.0068737645443928,0.0016725951179092,0.0006725740386173
2026-05-06 22:33:01,GOOGL,live,2024-10-02,-0.00676700954184,-0.0031956206925097,0.0011113034561276
2026-05-06 22:33:01,GOOGL,live,2024-10-03,0.0,0.0003674221113155,0.0017588108312338
2026-05-06 22:33:01,GOOGL,live,2024-10-04,0.0072350473421296,0.0026213184271888,0.0015940740704536
2026-05-06 22:33:01,GOOGL,live,2024-10-07,-0.0244224816580826,-0.0008487389749325,-0.0002582019660621
2026-05-06 22:33:01,GOOGL,live,2024-10-08,0.0085900472817959,-0.0004895814581288,-0.0005351061699911
2026-05-06 22:33:01,GOOGL,live,2024-10-09,-0.0153301908811874,0.0010674633218607,-0.0002720340853556
2026-05-06 22:33:01,GOOGL,live,2024-10-10,0.0013591858348847,-0.0003766125069084,-0.000629071262665
2026-05-06 22:33:01,GOOGL,live,2024-10-11,0.0071569317182222,0.0006775389282837,-0.0015858219703659
2026-05-06 22:33:01,GOOGL,live,2024-10-14,0.0105365633527394,-0.0033035560250252,-0.0025609154254198
2026-05-06 22:33:01,GOOGL,live,2024-10-15,0.0030310504040982,0.0028983325990961,0.0010190400062128
2026-05-06 22:33:01,GOOGL,live,2024-10-16,-0.0018130417873344,0.001094693140105,-0.0014738488243892
2026-05-06 22:33:01,GOOGL,live,2024-10-17,-0.013502224817414,-0.0025234335169309,-0.0010615309001877
2026-05-06 22:33:01,GOOGL,live,2024-10-18,0.0030074957090273,0.0024509455871516,0.0038248966448009
2026-05-06 22:33:01,GOOGL,live,2024-10-21,0.0039776856679822,0.0002989362309471,0.0021173413842916
2026-05-06 22:33:01,GOOGL,live,2024-10-22,0.0065214265890756,-0.0018264935677242,0.0015961448661983
2026-05-06 22:33:01,GOOGL,live,2024-10-23,-0.014290907894612,0.0023613639457189,0.0008933125063776
2026-05-06 22:33:01,GOOGL,live,2024-10-24,-0.0003685406046611,-0.0020507405371703,0.0004936105688102
2026-05-06 22:33:01,GOOGL,live,2024-10-25,0.0156710609809189,0.0020394115385531,0.0004685556632466
2026-05-06 22:33:01,GOOGL,live,2024-10-28,0.0087734652657376,0.0018573326951588,0.000876526988577
2026-05-06 22:33:01,GOOGL,live,2024-10-29,0.0177543372581219,-0.0014737104311445,0.0006967955850996
2026-05-06 22:33:01,GOOGL,live,2024-10-30,0.0281708089946521,0.001090906634642,0.0006485624471679
2026-05-06 22:33:01,GOOGL,live,2024-10-31,-0.0192022743602789,-0.0042412448195769,1.1269934475421906e-05
2026-05-06 22:33:01,GOOGL,live,2024-11-01,0.0010520669078677,-0.0004140632988401,0.0003433097735978
2026-05-06 22:33:01,GOOGL,live,2024-11-04,-0.0119679665584675,0.0001040888459746,0.0016528309788554
2026-05-06 22:33:01,GOOGL,live,2024-11-05,0.0029543055201142,-0.0011467552234655,0.0012653251178562
2026-05-06 22:33:01,GOOGL,live,2024-11-06,0.0398844940870488,0.0017211930255331,0.0017326910747215
2026-05-06 22:33:01,GOOGL,live,2024-11-07,0.0240213665463793,0.0006264289432476,0.0009780712425708
2026-05-06 22:33:01,GOOGL,live,2024-11-08,-0.0132780624136179,-0.0015252918364855,0.0005506445886567
2026-05-06 22:33:01,GOOGL,live,2024-11-11,0.0112139515600662,-0.001818588281501,-6.785464938730001e-05
2026-05-06 22:33:01,GOOGL,live,2024-11-12,0.0070417045978072,-0.0024090260172672,-0.0001708877971395
2026-05-06 22:33:01,GOOGL,live,2024-11-13,-0.0150863054192686,0.0022523705373124,0.0003077356377616
2026-05-06 22:33:01,GOOGL,live,2024-11-14,-0.0184481115066328,-0.0021462932275055,-0.0002827133284881
2026-05-06 22:33:01,GOOGL,live,2024-11-15,-0.0175986775687529,-0.0044293241929927,-0.0004004951333627
2026-05-06 22:33:01,GOOGL,live,2024-11-18,0.0162906324926126,0.0031000364625669,0.0017533050850033
2026-05-06 22:33:01,GOOGL,live,2024-11-19,0.0160866696356603,-0.0005011843592483,-2.2673862986266613e-05
2026-05-06 22:33:01,GOOGL,live,2024-11-20,-0.0120143016035065,0.0021727049615307,0.0014130817726254
2026-05-06 22:33:01,GOOGL,live,2024-11-21,-0.0474485929390998,0.0006215302414027,0.0002434474881738
2026-05-06 22:33:01,GOOGL,live,2024-11-22,-0.017121092298754,0.0016134780463188,-0.0004100195365026
2026-05-06 22:33:01,GOOGL,live,2024-11-25,0.0175407008213797,0.0066989697687045,-0.0009350018808618
2026-05-06 22:33:01,GOOGL,live,2024-11-26,0.0087682850347614,3.399462235904741e-05,-0.0008195035625249
2026-05-06 22:33:01,GOOGL,live,2024-11-27,0.0006504646993135,-0.0050833341076825,-0.0003687270218506
2026-05-06 22:33:01,GOOGL,live,2024-11-29,-0.0016545778346241,-0.0036022020770188,0.0004982754471711
2026-05-06 22:33:01,GOOGL,live,2024-12-02,0.0150340588570696,0.0026594756280744,-0.0004064509412273
2026-05-06 22:33:01,GOOGL,live,2024-12-03,-0.0008746901244227,0.0038058493024687,-0.000330256181769
2026-05-06 22:33:01,GOOGL,live,2024-12-04,0.0176840474903015,0.0007307700829201,0.0001605900470167
2026-05-06 22:33:01,GOOGL,live,2024-12-05,-0.0099214022440961,-0.0028505501578925,0.0019064154475927
2026-05-06 22:33:01,GOOGL,live,2024-12-06,0.0119903893405171,0.001370519265771,0.0012930491939187
2026-05-06 22:33:01,GOOGL,live,2024-12-09,0.0049280318143143,-0.0029348613814033,0.0007051923312246
2026-05-06 22:33:01,GOOGL,live,2024-12-10,0.0558817408044765,-0.0023217271152726,0.0006055302801541
2026-05-06 22:33:01,GOOGL,live,2024-12-11,0.0552466150169854,-0.0037989709915373,-3.6256504245102406e-05
2026-05-06 22:33:01,GOOGL,live,2024-12-12,-0.0176048835457107,-0.0038517190890058,-6.740202661603689e-05
2026-05-06 22:33:01,GOOGL,live,2024-12-13,-0.0111481043806466,0.004630016224671,0.0028055072762072
2026-05-06 22:33:01,GOOGL,live,2024-12-16,0.0360341044111438,-0.000947302581005,0.0024573421105742
2026-05-06 22:33:01,GOOGL,live,2024-12-17,-0.0063053238755943,-0.0003978057449062,0.0035896738991141
2026-05-06 22:33:01,GOOGL,live,2024-12-18,-0.035922661157039,-0.0039656334198881,0.0023181503638625
2026-05-06 22:33:01,GOOGL,live,2024-12-19,0.000583718865242,-0.0032554546506693,0.0009731071768328
2026-05-06 22:33:01,GOOGL,live,2024-12-20,0.0153839811009488,-0.0041499859080547,0.0002076988457702
2026-05-06 22:33:01,GOOGL,live,2024-12-23,0.0168225427759329,0.0052093716748099,0.0011173718376085
2026-05-06 22:33:01,GOOGL,live,2024-12-24,0.0076040985544605,0.0032512849322964,-0.0008302928181365
2026-05-06 22:33:01,GOOGL,live,2024-12-26,-0.0026005384143977,0.0007723244567007,-0.001031398656778
2026-05-06 22:33:01,GOOGL,live,2024-12-27,-0.0145194485421499,-0.0010477051832227,0.0004526523407548
2026-05-06 22:33:01,GOOGL,live,2024-12-30,-0.0078853496954373,-0.0023146491065613,0.0008103030850179
2026-05-06 22:33:01,GOOGL,live,2024-12-31,-0.010144339714142,0.0028217366556502,-0.0001056037144735
2026-05-06 22:33:01,GOOGL,live,2025-01-02,0.0006866212509235,-0.0078212853816266,-0.0029389108531177
2026-05-06 22:33:01,GOOGL,live,2025-01-03,0.0124584923277264,-0.0077848449398563,-0.003550955094397
2026-05-06 23:30:39,MIRM,live,2024-05-16,-0.0096038324656385,0.0017642105857798,-0.0020059924572706
2026-05-06 23:30:39,MIRM,live,2024-05-17,-0.027474759805082,-0.0036823748664045,-0.0004970989539287
2026-05-06 23:30:39,MIRM,live,2024-05-20,0.0511009371761983,0.0053296942457623,-0.0001479383208788
2026-05-06 23:30:39,MIRM,live,2024-05-21,0.0193676558594129,-0.0021515142767943,0.0004099807119928
2026-05-06 23:30:39,MIRM,live,2024-05-22,0.0166730664041294,-0.0051895355715562,0.0002538011758588
2026-05-06 23:30:39,MIRM,live,2024-05-23,-0.0286041197422155,0.0020759794257613,0.0001466497196815
2026-05-06 23:30:39,MIRM,live,2024-05-24,-0.0361209305495178,-0.0039028609045187,-0.0012119624298065
2026-05-06 23:30:39,MIRM,live,2024-05-28,0.0085540121526468,0.0020665453167588,-0.0023544940631836
2026-05-06 23:30:39,MIRM,live,2024-05-29,-0.0222132931875993,0.0036988902682644,-0.0026259429287165
2026-05-06 23:30:39,MIRM,live,2024-05-30,0.0095002667609547,0.0062227120258335,-0.0031177289783954
2026-05-06 23:30:39,MIRM,live,2024-05-31,-0.0167757708041277,0.0134787687033985,-0.0036822417750954
2026-05-06 23:30:39,MIRM,live,2024-06-03,0.0549313215607938,-0.0023552361706733,-0.003572357352823
2026-05-06 23:30:39,MIRM,live,2024-06-04,0.0173570227785577,0.0128395769548659,-0.0032970132306218
2026-05-06 23:30:39,MIRM,live,2024-06-05,0.0197750408463983,-0.0129045053621105,-0.0033488986082375
2026-05-06 23:30:39,MIRM,live,2024-06-06,-0.0509505776220569,-0.0016101065589788,-0.0039938110858201
2026-05-06 23:30:39,MIRM,live,2024-06-07,0.0044070758968894,-0.0034625918443731,-0.0037694454658776
2026-05-06 23:30:39,MIRM,live,2024-06-10,0.0191463720813456,-0.0021376545555293,-0.0037790616042912
2026-05-06 23:30:39,MIRM,live,2024-06-11,0.0254403735924997,-0.0031686550088243,-0.0031216093339025
2026-05-06 23:30:39,MIRM,live,2024-06-12,0.0305343211360575,-0.0033748700969654,-0.0028297123499214
2026-05-06 23:30:39,MIRM,live,2024-06-13,-0.011851840549045,-0.0035504967990356,-0.0020370855927467
2026-05-06 23:30:39,MIRM,live,2024-06-14,-0.0284857653743879,0.0010446880495,-0.0017937559168785
2026-05-06 23:30:39,MIRM,live,2024-06-17,0.273148144400714,0.0055008569159091,-0.0011747903190553
2026-05-06 23:30:39,MIRM,live,2024-06-18,-0.1136363636363636,-0.0041639772546281,-0.0004776380374096
2026-05-06 23:30:39,MIRM,live,2024-06-20,0.0646153637486646,-0.0163582615846724,-0.0009235878824256
2026-05-06 23:30:39,MIRM,live,2024-06-21,0.0292228601556945,0.0048720860840305,-0.0017683336045593
2026-05-06 23:30:39,MIRM,live,2024-06-24,0.0873634728147765,-0.0176406267993181,-0.0013353212270885
2026-05-06 23:30:39,MIRM,live,2024-06-25,-0.0490674077286535,-0.0026670647320589,-0.0023386115208268
2026-05-06 23:30:39,MIRM,live,2024-06-26,-0.0084489675453746,-0.0124873274929667,-0.0026750126853585
2026-05-06 23:30:39,MIRM,live,2024-06-27,0.0076080339426787,0.0141934484502498,-0.0028352413792163
2026-05-06 23:30:39,MIRM,live,2024-06-28,0.0326184837344813,-0.000619667347047,-0.0030070412904024
2026-05-06 23:30:39,MIRM,live,2024-07-01,-0.0008774138783802,0.0008205595085106,-0.0036750130821019
2026-05-06 23:30:39,MIRM,live,2024-07-02,-0.0140515089104338,0.0177967302046495,-0.0042900997214019
2026-05-06 23:30:39,MIRM,live,2024-07-03,0.0059382648790746,-0.010611781337448,-0.0024332155007869
2026-05-06 23:30:39,MIRM,live,2024-07-05,0.0162337432031003,0.005336069519476,-0.0013523492962121
2026-05-06 23:30:39,MIRM,live,2024-07-08,0.0429857545488852,0.0008385947163626,-0.0009870452340692
2026-05-06 23:30:39,MIRM,live,2024-07-09,0.019214665264297,-0.0041849991452879,-0.0020323379430919
2026-05-06 23:30:39,MIRM,live,2024-07-10,-0.018579244085395,-0.0087729781332031,-0.0035446262918412
2026-05-06 23:30:39,MIRM,live,2024-07-11,0.0484410291526995,-0.0315565379669726,-0.0041724038310348
2026-05-06 23:30:39,MIRM,live,2024-07-12,0.0472649704330572,0.0086662127224638,-0.0053011672571301
2026-05-06 23:30:39,MIRM,live,2024-07-15,0.0010142220314444,-0.0300645599268361,-0.0058161695487797
2026-05-06 23:30:39,MIRM,live,2024-07-16,0.0131712376847261,-0.0084404238659047,-0.0063681453466415
2026-05-06 23:30:39,MIRM,live,2024-07-17,-0.0407500267028808,-0.0012861795814368,-0.0049940436147153
2026-05-06 23:30:39,MIRM,live,2024-07-18,-0.0260620283512444,-0.0020508773502465,-0.004649088717997
2026-05-06 23:30:39,MIRM,live,2024-07-19,0.0567300724425017,-0.0053063434392398,-0.0052608526311814
2026-05-06 23:30:39,MIRM,live,2024-07-22,0.0010128412035972,0.0261881473238558,-0.0075647770427167
2026-05-06 23:30:39,MIRM,live,2024-07-23,0.0169492032464588,-0.0194798670319448,-0.0090026697143912
2026-05-06 23:30:39,MIRM,live,2024-07-24,-0.0281094787728707,0.0145302832690375,-0.0098629910498857
2026-05-06 23:30:39,MIRM,live,2024-07-25,0.0332735921989977,-0.015073343946282,-0.0107925273478031
2026-05-06 23:30:39,MIRM,live,2024-07-26,0.0733218473491728,5.423717306878451e-06,-0.012195786461234
2026-05-06 23:30:39,MIRM,live,2024-07-29,-0.0295407925202707,-0.02295914795743,-0.0148128038272261
2026-05-06 23:30:39,MIRM,live,2024-07-30,-0.0416171232283316,-0.0113892538173666,-0.0164387207478284
2026-05-06 23:30:39,MIRM,live,2024-07-31,0.0062034740628504,-0.0150400949844925,-0.0082499682903289
2026-05-06 23:30:39,MIRM,live,2024-08-01,-0.0103575382699749,-0.0020169245983256,-0.0082704052329063
2026-05-06 23:30:39,MIRM,live,2024-08-02,-0.0186892594078673,-0.0049300096506444,-0.0063846968114376
2026-05-06 23:30:39,MIRM,live,2024-08-05,-0.0223463952322678,-0.0014893598146679,-0.0049875858239829
2026-05-06 23:30:39,MIRM,live,2024-08-06,0.0168831565163352,0.0099805070221424,-0.002892552409321
2026-05-06 23:30:39,MIRM,live,2024-08-07,-0.0048531911622188,0.0029401528334415,-0.0038332645781338
2026-05-06 23:30:39,MIRM,live,2024-08-08,0.0233572861600703,0.0068967069597744,-0.0046923086047172
2026-05-06 23:30:39,MIRM,live,2024-08-09,0.0037622656106706,0.0036229774219415,-0.0047181821428239
2026-05-06 23:30:39,MIRM,live,2024-08-12,0.1179410586385305,-0.0169873238949915,-0.0042546172626316
2026-05-06 23:30:39,MIRM,live,2024-08-13,-0.0815825075758912,-0.0039698021143973,-0.0048438981175422
2026-05-06 23:30:39,MIRM,live,2024-08-14,0.0097347657433317,-0.0153272454347901,-0.0059866397641599
2026-05-06 23:30:39,MIRM,live,2024-08-15,0.0009640178166305,-0.0012726041131911,-0.0064906189218163
2026-05-06 23:30:39,MIRM,live,2024-08-16,-0.0199855054359208,-0.0115443592341934,-0.0063321208581328
2026-05-06 23:30:39,MIRM,live,2024-08-19,0.0277641534872941,-0.0065486598812543,-0.0054296231828629
2026-05-06 23:30:39,MIRM,live,2024-08-20,-0.0200812841457795,0.0064435469398533,-0.005283327307552
2026-05-06 23:30:39,MIRM,live,2024-08-21,0.0060990482986813,0.0074725241961608,-0.0057567763142287
2026-05-06 23:30:39,MIRM,live,2024-08-22,-0.0063046102242577,0.0032991380169735,-0.004007791634649
2026-05-06 23:30:39,MIRM,live,2024-08-23,0.0034162857787283,0.0055398005004739,-0.0023873515892773
2026-05-06 23:30:39,MIRM,live,2024-08-26,0.0476654413930472,0.0085901495017376,-0.0021873947698622
2026-05-06 23:30:39,MIRM,live,2024-08-27,0.0271587307153247,-0.0080198381847302,-0.0025116424076259
2026-05-06 23:30:39,MIRM,live,2024-08-28,-0.0085875947596663,0.0025469808373775,-0.0041546304710209
2026-05-06 23:30:39,MIRM,live,2024-08-29,-0.0430818198236787,-0.0062793905726149,-0.0052186949178576
2026-05-06 23:30:39,MIRM,live,2024-08-30,0.026917605536854,-0.014014174654534,-0.0037983292713761
2026-05-06 23:30:39,MIRM,live,2024-09-03,-0.0417536351560229,3.1835568301898185e-05,-0.0036916269455105
2026-05-06 23:30:39,MIRM,live,2024-09-04,0.0118614826308462,-0.0125113718667472,-0.0036098884884268
2026-05-06 23:30:39,MIRM,live,2024-09-05,-0.0035884620554884,0.0212461149408967,-0.004106568172574
2026-05-06 23:30:39,MIRM,live,2024-09-06,-0.0127251518505906,-0.0031568106585854,-0.0023977539967745
2026-05-06 23:30:39,MIRM,live,2024-09-09,-0.0021887197209555,0.007109122277982,-1.1976866517215967e-05
2026-05-06 23:30:39,MIRM,live,2024-09-10,0.018035625164098,0.0085133657000532,-0.0002598309074528
2026-05-06 23:30:39,MIRM,live,2024-09-11,0.00335167316529,0.000777478767161,-0.0014922770205885
2026-05-06 23:30:39,MIRM,live,2024-09-12,-0.0186112808908788,0.0002426812559009,-0.0017161048017442
2026-05-06 23:30:39,MIRM,live,2024-09-13,-0.0002431834663437,0.0089188006926815,-0.0024049405474215
2026-05-06 23:30:39,MIRM,live,2024-09-16,-0.0170233652996685,-0.0068487946959609,-0.0036290097050368
2026-05-06 23:30:39,MIRM,live,2024-09-17,-0.003216161783942,-0.0004330486276253,-0.0048852344043552
2026-05-06 23:30:39,MIRM,live,2024-09-18,-0.0593199140069355,-0.0084629087840145,-0.0051143313758075
2026-05-06 23:30:39,MIRM,live,2024-09-19,0.0382584931362628,0.0014294379488204,-0.005542476195842
2026-05-06 23:30:39,MIRM,live,2024-09-20,-0.0099110395113464,0.0108859913741179,-0.0050174803473055
2026-05-06 23:30:39,MIRM,live,2024-09-23,-0.0007699892197592,-0.0016319034782634,-0.0042791655287146
2026-05-06 23:30:39,MIRM,live,2024-09-24,0.0012843369295811,0.0060273035175404,-0.0012054161634296
2026-05-06 23:30:39,MIRM,live,2024-09-25,0.0002565966225738,0.0044772835594553,-0.0020324618089944
2026-05-06 23:30:39,MIRM,live,2024-09-26,-0.0074378277261656,-0.0037309182053153,-0.0021884778980165
2026-05-06 23:30:39,MIRM,live,2024-09-27,0.0038759097732443,0.0035671895687118,-0.0023459738586097
2026-05-06 23:30:39,MIRM,live,2024-09-30,0.003861043288813,0.0028456702344715,-0.0029264064505696
2026-05-06 23:30:39,MIRM,live,2024-10-01,0.0287179213303785,0.0011285348832827,-0.0025663929991424
2026-05-06 23:30:39,MIRM,live,2024-10-02,0.0341476266963018,-0.0089201050608034,-0.00323486328125
2026-05-06 23:30:39,MIRM,live,2024-10-03,-0.0453121473140587,0.0032056632491488,-0.0035024173557758
2026-05-06 23:30:39,MIRM,live,2024-10-04,-0.0088362101344399,-0.0084875890928156,-0.0037707902956753
2026-05-06 23:30:39,MIRM,live,2024-10-07,-0.012990278740116,0.0071780223288344,-0.0032678297720849
2026-05-06 23:30:39,MIRM,live,2024-10-08,0.0041290283203125,0.0043675713553035,-0.0012838032562285
2026-05-06 23:30:39,MIRM,live,2024-10-09,-0.0272423895514745,0.0081415522517165,-7.118587382137775e-05
2026-05-06 23:30:39,MIRM,live,2024-10-10,0.0166446788246499,0.0115848447076203,-0.0002089855261147
2026-05-06 23:30:39,MIRM,live,2024-10-11,0.0423596956212568,0.0067133377437095,-0.0011817852500826
2026-05-06 23:30:39,MIRM,live,2024-10-14,-0.0084766927802075,0.0018477323316738,-0.0007646064623259
2026-05-06 23:30:39,MIRM,live,2024-10-15,-0.0015087093940252,-0.0011543117641949,-0.0015770352911204
2026-05-06 23:30:39,MIRM,live,2024-10-16,0.0017627725116615,0.0011894972017781,-0.0013628804590553
2026-05-06 23:30:39,MIRM,live,2024-10-17,-0.0115635771389731,-0.0054041385072614,-0.0014071241021156
2026-05-06 23:30:39,MIRM,live,2024-10-18,0.0035605134978387,0.0036857801125279,-0.0016490765847265
2026-05-06 23:30:39,MIRM,live,2024-10-21,-0.0027876485784017,-0.0063642637223108,-0.0013891495764255
2026-05-06 23:30:39,MIRM,live,2024-10-22,0.0083863238589885,0.0073429548808916,-0.0005156461265869
2026-05-06 23:30:39,MIRM,live,2024-10-23,-0.0317540858502997,-0.0031672885511565,-0.0001054430031217
2026-05-06 23:30:39,MIRM,live,2024-10-24,0.0244664884488736,0.0074649930051694,-0.0003141485503874
2026-05-06 23:30:39,MIRM,live,2024-10-25,-0.0119410877391987,0.013581843388573,-0.0003300484968349
2026-05-06 23:30:39,MIRM,live,2024-10-28,0.0167138476749866,-0.0012215724658889,-0.0008139800629578
2026-05-06 23:30:39,MIRM,live,2024-10-29,-0.0121395936045067,0.0076893658935683,-0.0014704682398587
2026-05-06 23:30:39,MIRM,live,2024-10-30,0.0030721691670707,0.0015446423043309,-0.0029728217050433
2026-05-06 23:30:39,MIRM,live,2024-10-31,-0.0183767538309082,-0.0009955977972671,-0.0021198214963078
2026-05-06 23:30:39,MIRM,live,2024-11-01,0.0504420823605655,-0.0009579201424638,-0.0022378042340278
2026-05-06 23:30:39,MIRM,live,2024-11-04,0.0012376048309927,0.0013733893355869,-0.0024192782584577
2026-05-06 23:30:39,MIRM,live,2024-11-05,0.0066749184838346,-0.0037478028217896,-0.0025533286388963
2026-05-06 23:30:39,MIRM,live,2024-11-06,0.0090864175047384,-0.0016013998504597,-0.0027832719497382
2026-05-06 23:30:39,MIRM,live,2024-11-07,-0.0002433273666603,-0.0039441165917997,-0.0031357856933027
2026-05-06 23:30:39,MIRM,live,2024-11-08,0.0223952806216729,-0.000179217176286,-0.0030374631751328
2026-05-06 23:30:39,MIRM,live,2024-11-11,-0.0092856997535342,-0.0035977524531537,-0.002542273607105
2026-05-06 23:30:39,MIRM,live,2024-11-12,0.0161018543407238,0.0022750098686292,-0.0012380430707708
2026-05-06 23:30:39,MIRM,live,2024-11-13,0.0387890122279637,0.0069622951116692,-0.0002993967500515
2026-05-06 23:30:39,MIRM,live,2024-11-14,0.0532786942200385,-0.0002418419248759,-0.0012864703312516
2026-05-06 23:30:39,MIRM,live,2024-11-15,-0.0380457930261954,-0.0007204737013863,-0.0020036457572132
2026-05-06 23:30:39,MIRM,live,2024-11-18,-0.0692135242933638,-0.0045341028731456,-0.0026536919176578
2026-05-06 23:30:39,MIRM,live,2024-11-19,0.0161758091081933,0.0018925624973158,-0.0030577180441468
2026-05-06 23:30:39,MIRM,live,2024-11-20,0.0380137436046723,0.0079749297462601,-0.0038758371956646
2026-05-06 23:30:39,MIRM,live,2024-11-21,-0.0048065710934648,-0.0011382951779504,-0.0032135494984686
2026-05-06 23:30:39,MIRM,live,2024-11-22,0.0287488503486701,0.0072618508221574,-0.001869739498943
2026-05-06 23:30:39,MIRM,live,2024-11-25,-0.010283905414269,-0.0053994993869357,-0.0018159605097025
2026-05-06 23:30:39,MIRM,live,2024-11-26,0.0198780451550888,0.0014638397922135,-0.0018747220747172
2026-05-06 23:30:39,MIRM,live,2024-11-27,0.0332225902393432,-0.0073106279413875,-0.0019025146029889
2026-05-06 23:30:39,MIRM,live,2024-11-29,-0.0092175839466422,-0.0016609163861535,-0.0022109933197498
2026-05-06 23:30:39,MIRM,live,2024-12-02,-0.0002164027686348,-0.0038036260906466,-0.0022104419767856
2026-05-06 23:30:39,MIRM,live,2024-12-03,-0.0135252112612572,-0.004127998848188,-0.0023277013096958
2026-05-06 23:30:39,MIRM,live,2024-12-04,-0.0025227128678105,-0.0017956617019247,-0.0024584324564784
2026-05-06 23:30:39,MIRM,live,2024-12-05,-0.0235319917769659,0.0034911887652697,-0.0033250469714403
2026-05-06 23:30:39,MIRM,live,2024-12-06,0.0060810052654849,-0.0051009233844572,-0.0030018503312021
2026-05-06 23:30:39,MIRM,live,2024-12-09,-0.0304454186568507,0.0127164663385803,-0.0033384086564183
2026-05-06 23:30:39,MIRM,live,2024-12-10,0.0182405235691649,0.0077233641317609,-0.0033420950639992
2026-05-06 23:30:39,MIRM,live,2024-12-11,-0.0111110630549584,0.0071299229092877,-0.0040221982635557
2026-05-06 23:30:39,MIRM,live,2024-12-12,-0.030497633855547,-0.0010221980613755,-0.0045658973976969
2026-05-06 23:30:39,MIRM,live,2024-12-13,0.0037842916752981,-0.0032129823335562,-0.0051818042993545
2026-05-06 23:30:39,MIRM,live,2024-12-16,-0.00117811589723,0.0005205968188921,-0.0040046800859272
2026-05-06 23:30:39,MIRM,live,2024-12-17,0.0061335725400826,-0.0052557820912924,-0.0039860852994024
2026-05-06 23:30:39,MIRM,live,2024-12-18,-0.0480657204786716,0.0057336700664054,-0.0041317269206047
2026-05-06 23:30:39,MIRM,live,2024-12-19,0.0130542515742204,-0.0058690475398703,-0.0042441776022315
2026-05-06 23:30:39,MIRM,live,2024-12-20,0.0092389312800809,-0.0023213090249452,-0.0044972007162868
2026-05-06 23:30:39,MIRM,live,2024-12-23,0.0052999573500103,-0.0048711283573367,-0.0042572910897433
2026-05-06 23:30:39,MIRM,live,2024-12-24,0.0105439403674962,0.0017359430774936,-0.0045074205845594
2026-05-06 23:30:39,MIRM,live,2024-12-26,-0.0033198813309774,0.0008962171678176,-0.00373295112513
2026-05-06 23:30:39,MIRM,live,2024-12-27,-0.0111824273056455,0.003116733599051,-0.0020744919311255
2026-05-06 23:30:39,MIRM,live,2024-12-30,-0.0091434325206603,-6.712969560091625e-05,-0.0008059727842919
2026-05-06 23:30:39,MIRM,live,2024-12-31,0.0041281730860975,0.0033425788362122,-0.0021437215618789
2026-05-06 23:30:39,MIRM,live,2025-01-02,0.0166868794889578,0.0091859890990039,-0.0046562394127249
2026-05-06 23:30:39,MIRM,live,2025-01-03,0.0180779806132806,-0.0049605880898975,-0.0045048310421407
2026-05-06 23:30:39,MIRM,live,2025-01-06,0.006775722446187,0.0051643648785248,-0.0035567765589803
2026-05-06 23:30:39,MIRM,live,2025-01-07,-0.0239034294650615,-0.001396806297953,-0.0035458875354379
2026-05-06 23:30:39,MIRM,live,2025-01-08,-0.0014265661277205,-0.0032950188623612,-0.0028624802362173
2026-05-06 23:30:39,MIRM,live,2025-01-10,-0.0161904834565662,0.0031304039970902,-0.0028405338525772
2026-05-06 23:30:39,MIRM,live,2025-01-13,0.064859640004099,0.0040599796441551,-0.0018342172261327
2026-05-07 00:15:06,FXE,live,2024-05-16,-0.0012936814065063,0.0004857739069314,-0.0003970118705183
2026-05-07 00:15:06,FXE,live,2024-05-17,0.0006974940264357,-0.0018521257268598,-0.0006330133182927
2026-05-07 00:15:06,FXE,live,2024-05-20,-0.0012944543118627,-0.0012650517672483,-0.0010310466168448
2026-05-07 00:15:06,FXE,live,2024-05-21,-9.961246305578708e-05,8.561888231031638e-05,-0.0013976943446323
2026-05-07 00:15:06,FXE,live,2024-05-22,-0.003390359673482,-0.0002291617744067,-0.000795004540123
2026-05-07 00:15:06,FXE,live,2024-05-23,-0.0007001987092704,-8.276616780300715e-06,-0.0010658825049176
2026-05-07 00:15:06,FXE,live,2024-05-24,0.0038044806517312,0.0006568174698122,-0.0004954551113769
2026-05-07 00:15:06,FXE,live,2024-05-28,0.0010971887620401,-3.157702961371022e-05,-0.0006688212743028
2026-05-07 00:15:06,FXE,live,2024-05-29,-0.0054797753898546,-0.0002977161809551,-0.0006516909925267
2026-05-07 00:15:06,FXE,live,2024-05-30,0.0027048994656824,-0.0004343566991556,-0.0006929748924449
2026-05-07 00:15:06,FXE,live,2024-05-31,0.0019983053020282,0.0010126772247618,-0.0005991056095808
2026-05-07 00:15:06,FXE,live,2024-06-03,0.0046854507004148,0.0002085530009784,-0.0005979196866974
2026-05-07 00:15:06,FXE,live,2024-06-04,-0.0015910282468468,-0.0006403035364556,-0.0005908265011385
2026-05-07 00:15:06,FXE,live,2024-06-05,-0.0008964864915732,-0.000276037739964,-0.0006738302763551
2026-05-07 00:15:06,FXE,live,2024-06-06,0.0014955886246212,0.0005980194425079,-0.000773417414166
2026-05-07 00:15:06,FXE,live,2024-06-07,-0.0076648224809298,0.0004641384030054,-0.0008656723657622
2026-05-07 00:15:06,FXE,live,2024-06-10,-0.0033103974630938,-0.0008033900420037,-0.0007829790702089
2026-05-07 00:15:06,FXE,live,2024-06-11,-0.002012765168569,-0.0001309738250238,-0.0008086535381153
2026-05-07 00:15:06,FXE,live,2024-06-12,0.0060509461601863,0.0003064372910307,-0.0005138604901731
2026-05-07 00:15:06,FXE,live,2024-06-13,-0.0059142864053128,9.477192282047732e-05,-0.0006525026401504
2026-05-07 00:15:06,FXE,live,2024-06-14,-0.0031257942630703,-0.0002374787170643,-0.0007129420991986
2026-05-07 00:15:06,FXE,live,2024-06-17,0.0025284436083699,-0.0001957680944219,-0.0008002744289115
2026-05-07 00:15:06,FXE,live,2024-06-18,0.0007068593801271,0.0007702238554868,-0.00080471416004
2026-05-07 00:15:06,FXE,live,2024-06-20,-0.0030250980633593,-0.0010881898915052,-0.0006822180002927
2026-05-07 00:15:06,FXE,live,2024-06-21,-0.001112505076673,-0.0009178042769424,-0.00058951578103
2026-05-07 00:15:06,FXE,live,2024-06-24,0.0042524344376828,0.0011897155644691,-0.0005534989759325
2026-05-07 00:15:06,FXE,live,2024-06-25,-0.0018146873006132,0.0014968645464754,-0.0004391325637698
2026-05-07 00:15:06,FXE,live,2024-06-26,-0.0034340794212096,0.0003326168874122,-0.0004147753352299
2026-05-07 00:15:06,FXE,live,2024-06-27,0.0021282928335946,-0.0011107109383395,-0.0004618791863322
2026-05-07 00:15:06,FXE,live,2024-06-28,0.0008090299908087,-0.0002352386251277,-0.0005523787112906
2026-05-07 00:15:06,FXE,live,2024-07-01,0.0029256188356892,-0.0005122513073149,-0.0006939801387488
2026-05-07 00:15:06,FXE,live,2024-07-02,0.0006057918738291,-0.0008753309049782,-0.0007694220403209
2026-05-07 00:15:06,FXE,live,2024-07-03,0.0048423001247961,0.0001219876418861,-0.0007511351723223
2026-05-07 00:15:06,FXE,live,2024-07-05,0.0044167718707517,-0.0002815252273976,-0.0007231476483866
2026-05-07 00:15:06,FXE,live,2024-07-08,-0.0014991779606193,-0.0001803890052286,-0.0005064964061602
2026-05-07 00:15:06,FXE,live,2024-07-09,-0.0007006251948564,-0.0011559436922255,-0.0004949775757268
2026-05-07 00:15:06,FXE,live,2024-07-10,0.0014023889800114,-0.0008006847958533,-0.000520012108609
2026-05-07 00:15:06,FXE,live,2024-07-11,0.0031009411586027,0.0006850449987357,-0.0004734846297651
2026-05-07 00:15:06,FXE,live,2024-07-12,0.0038890463683047,7.189412655318266e-05,-9.305920684710144e-05
2026-05-07 00:15:06,FXE,live,2024-07-15,-9.917996518249428e-05,0.0002191491442311,-0.0002119584241881
2026-05-07 00:15:06,FXE,live,2024-07-16,0.0001986119002674,-0.0009206233952508,-0.0002912449417635
2026-05-07 00:15:06,FXE,live,2024-07-17,0.003377047918825,0.000577548151754,-0.0004499353235587
2026-05-07 00:15:06,FXE,live,2024-07-18,-0.0038605579075584,-0.0005417481999405,-0.0006218509515747
2026-05-07 00:15:06,FXE,live,2024-07-19,-0.0012917882220174,-0.0012824202365093,-0.0007587508298456
2026-05-07 00:15:06,FXE,live,2024-07-22,0.0006965197357211,-0.0001761305954499,-0.0009392463834956
2026-05-07 00:15:06,FXE,live,2024-07-23,-0.0028837282982182,0.0006531467639758,-0.0005103795556351
2026-05-07 00:15:06,FXE,live,2024-07-24,-0.0012963746977567,0.0010590424591371,-0.0005444581620395
2026-05-07 00:15:06,FXE,live,2024-07-25,0.0013978302151107,-0.0006568123676958,-0.000585890491493
2026-05-07 00:15:06,FXE,live,2024-07-26,0.000299366736765,0.0004906672324185,-0.0007644185097888
2026-05-07 00:15:06,FXE,live,2024-07-29,-0.0028910700346584,0.0004114485920345,-0.0006076645804569
2026-05-07 00:15:06,FXE,live,2024-07-30,-0.0012995369571697,-0.0006342716934994,-0.0006304729031398
2026-05-07 00:15:06,FXE,live,2024-07-31,0.0012013615534967,0.0006106550336988,-0.00080184743274
2026-05-07 00:15:06,FXE,live,2024-08-01,-0.0029949685650256,0.0004169110008127,-0.0008899075910449
2026-05-07 00:15:06,FXE,live,2024-08-02,0.0116537410361925,-0.0001929531758894,-0.0007812320254743
2026-05-07 00:15:06,FXE,live,2024-08-05,0.0042702771527385,-0.0001414676938973,-0.0008445075945928
2026-05-07 00:15:06,FXE,live,2024-08-06,-0.0025710740019259,-0.0005677285910183,-0.0009797716047614
2026-05-07 00:15:06,FXE,live,2024-08-07,-0.0002976466171833,-0.0002853518437709,-0.0009126114891842
2026-05-07 00:15:06,FXE,live,2024-08-08,-0.0006939954541176,0.0006134082723955,-0.0007068694103509
2026-05-07 00:15:06,FXE,live,2024-08-09,0.000198422119511,0.0001310057642299,-0.0007498878985643
2026-05-07 00:15:06,FXE,live,2024-08-12,0.0013891424422924,-0.0014630551405231,-0.0006802356801927
2026-05-07 00:15:06,FXE,live,2024-08-13,0.0061427217711955,-0.0009256667807388,-0.0006370415212586
2026-05-07 00:15:06,FXE,live,2024-08-14,0.0017726188952118,0.0006237547905996,-0.000599582795985
2026-05-07 00:15:06,FXE,live,2024-08-15,-0.0039319109154349,-4.543683430632856e-05,-0.000622828840278
2026-05-07 00:15:06,FXE,live,2024-08-16,0.0049342898323454,-0.0006542472443091,-0.0006711276946589
2026-05-07 00:15:06,FXE,live,2024-08-19,0.0055975396283236,0.0004119396882419,-0.0005488720489665
2026-05-07 00:15:06,FXE,live,2024-08-20,0.0033203177828504,-0.001425416626565,-0.0004207843448966
2026-05-07 00:15:06,FXE,live,2024-08-21,0.002628017204789,-0.0010534565288582,-0.0003744375426322
2026-05-07 00:15:06,FXE,live,2024-08-22,-0.0040775381026286,0.0009959473784727,-0.0003818990662693
2026-05-07 00:15:06,FXE,live,2024-08-23,0.0079932595739,0.0012469437466555,-0.0004433061694726
2026-05-07 00:15:06,FXE,live,2024-08-26,-0.0029010247895084,0.0005958625464139,-0.0005055418005213
2026-05-07 00:15:06,FXE,live,2024-08-27,0.0025215516151837,-0.0017704446773581,-0.000586092704907
2026-05-07 00:15:06,FXE,live,2024-08-28,-0.0064816053204603,-0.0008544780015043,-0.0007445614319294
2026-05-07 00:15:06,FXE,live,2024-08-29,-0.0034081167541346,0.0002248917388017,-0.0006883742753416
2026-05-07 00:15:06,FXE,live,2024-08-30,-0.0015630245048674,0.0008107971050085,-0.000766082201153
2026-05-07 00:15:06,FXE,live,2024-09-03,-0.0008332887948275,0.0012221250621856,-0.0008645004127174
2026-05-07 00:15:06,FXE,live,2024-09-04,0.0034340776044543,-0.0012796758574126,-0.0007919567869976
2026-05-07 00:15:06,FXE,live,2024-09-05,0.002151065110213,-0.0005475197153598,-0.0008443135302513
2026-05-07 00:15:06,FXE,live,2024-09-06,-0.0012683797231403,-2.8620168538120533e-05,-0.0009640492498874
2026-05-07 00:15:06,FXE,live,2024-09-09,-0.0042984995993676,0.000387458753118,-0.0009865504689514
2026-05-07 00:15:06,FXE,live,2024-09-10,-0.0010795689069829,0.0012926942759876,-0.0007832496194168
2026-05-07 00:15:06,FXE,live,2024-09-11,-0.0005890344846051,0.0002271648005137,-0.000672886846587
2026-05-07 00:15:06,FXE,live,2024-09-12,0.0045206534305377,0.0008027405802179,-0.0005820181686431
2026-05-07 00:15:06,FXE,live,2024-09-13,0.0006851253117521,-0.0009892257274446,-0.0004901592619717
2026-05-07 00:15:06,FXE,live,2024-09-16,0.0054748960772015,-0.0003557520431614,-0.0004938106285408
2026-05-07 00:15:06,FXE,live,2024-09-17,-0.0019446138101638,0.00127771482592,-0.0009861475555226
2026-05-07 00:15:06,FXE,live,2024-09-18,-0.0006819522948152,-0.0005039221984484,-0.0009320095414295
2026-05-07 00:15:06,FXE,live,2024-09-19,0.0052646028522984,-0.0005187777472427,-0.000914760865271
2026-05-07 00:15:06,FXE,live,2024-09-20,0.0,-0.0014364230551984,-0.0008098486578091
2026-05-07 00:15:06,FXE,live,2024-09-23,-0.0042672335423115,-0.0013164747006678,-0.000732795218937
2026-05-07 00:15:06,FXE,live,2024-09-24,0.0059412283959627,0.0003495492237348,-0.0007042087381705
2026-05-07 00:15:06,FXE,live,2024-09-25,-0.0045506856782998,0.0004680052267971,-0.000654864241369
2026-05-07 00:15:06,FXE,live,2024-09-26,0.0044743471168171,0.001025908426884,-0.0005806089611724
2026-05-07 00:15:06,FXE,live,2024-09-27,-0.0011620151592893,-0.0015035023797767,-0.0002530058845877
2026-05-07 00:15:06,FXE,live,2024-09-30,-0.002714472829184,-0.0005874370480363,-0.0003047658829018
2026-05-07 00:15:06,FXE,live,2024-10-01,-0.0062028148245787,0.0003274908180977,-0.0002837721258401
2026-05-07 00:15:06,FXE,live,2024-10-02,-0.0008815763085767,0.0002569616390335,-0.0003476763376966
2026-05-07 00:15:06,FXE,live,2024-10-03,-0.0023538061550381,0.0014069573511816,-0.0003669314319267
2026-05-07 00:15:06,FXE,live,2024-10-04,-0.004325238616707,-0.0003000016009612,-0.0002735577290877
2026-05-07 00:15:06,FXE,live,2024-10-07,-0.0005925170024289,-0.0010248626796171,-0.000478679779917
2026-05-07 00:15:06,FXE,live,2024-10-08,0.0006918200796011,0.0003188027721555,-0.000772934523411
2026-05-07 00:15:06,FXE,live,2024-10-09,-0.003553985122796,0.001019010429872,-0.0009964108467102
2026-05-07 00:15:06,FXE,live,2024-10-10,-0.0002970937350704,-0.000351925826862,-0.0006894748657941
2026-05-07 00:15:06,FXE,live,2024-10-11,0.0001983006228223,0.0010683987367139,-0.0006396778626367
2026-05-07 00:15:06,FXE,live,2024-10-14,-0.0024769988845593,0.0001051715850133,-0.000607743859291
2026-05-07 00:15:06,FXE,live,2024-10-15,-0.0017878585025158,-0.0003458224863001,-0.0006403219886124
2026-05-07 00:15:06,FXE,live,2024-10-16,-0.002388080887407,-0.000562462233572,-0.0008063876302912
2026-05-07 00:15:06,FXE,live,2024-10-17,-0.0027926606089165,0.0001446775861103,-0.0009900401346385
2026-05-07 00:15:06,FXE,live,2024-10-18,0.0034005291710996,0.0003270656792859,-0.0009629867272451
2026-05-07 00:15:06,FXE,live,2024-10-21,-0.0043859527097354,-0.0005430898305911,-0.0006716650677844
2026-05-07 00:15:06,FXE,live,2024-10-22,-0.0020024466844785,-0.0001713957267679,-0.0005968374898657
2026-05-07 00:15:06,FXE,live,2024-10-23,-0.0006016982419537,-0.0001147611111714,-0.0004995763301849
2026-05-07 00:15:06,FXE,live,2024-10-24,0.0038141653410985,-0.0003165619717793,-0.000474730040878
2026-05-07 00:15:06,FXE,live,2024-10-25,-0.0027998445676518,0.0002207461252138,-0.0004695346578955
2026-05-07 00:15:06,FXE,live,2024-10-28,0.0018049925428214,-0.0014192765951835,-0.0004444358637556
2026-05-07 00:15:06,FXE,live,2024-10-29,0.0002002278717352,0.0001971952746613,-0.0003559353062883
2026-05-07 00:15:06,FXE,live,2024-10-30,0.0042033228224398,0.0001932753972566,-0.0002931683557108
2026-05-07 00:15:06,FXE,live,2024-10-31,0.0016942419802827,-0.0002445911716088,-0.0002978538395836
2026-05-07 00:15:06,FXE,live,2024-11-01,-0.0036871341695671,-0.0002937776895552,-0.0003031879896298
2026-05-07 00:15:06,FXE,live,2024-11-04,0.0038009637201288,-0.0001898500631745,-8.489139145240188e-05
2026-05-07 00:15:06,FXE,live,2024-11-05,0.0047823836131111,0.0003955324152361,-0.0001920695649459
2026-05-07 00:15:06,FXE,live,2024-11-06,-0.0175525283564196,-0.0004889193771253,-0.0002295000012964
2026-05-07 00:15:06,FXE,live,2024-11-07,0.0061574535096906,-0.0012529750227818,-0.0005066415760666
2026-05-07 00:15:06,FXE,live,2024-11-08,-0.0080257398946157,0.0002911077266147,-0.0007644068682566
2026-05-07 00:15:06,FXE,live,2024-11-11,-0.0056631818264015,0.0003618754468172,-0.0007727850461378
2026-05-07 00:15:06,FXE,live,2024-11-12,-0.0029497512507923,-0.0009096051932835,-0.0005225394852459
2026-05-07 00:15:06,FXE,live,2024-11-13,-0.0055084844130919,-0.000205466690258,-0.0006639010971412
2026-05-07 00:15:06,FXE,live,2024-11-14,-0.0040004697280666,0.0014269889876799,-0.0006064291810616
2026-05-07 00:15:06,FXE,live,2024-11-15,0.0008242894668641,0.0003532305465673,-0.0004361954052001
2026-05-07 00:15:06,FXE,live,2024-11-18,0.0065855391666256,-0.0001487623161453,-0.0005212301621213
2026-05-07 00:15:06,FXE,live,2024-11-19,-0.0001023964650271,0.0006630887885828,-0.0006014384562149
2026-05-07 00:15:06,FXE,live,2024-11-20,-0.0049073822511975,-0.0004656938465098,-0.0005231648683547
2026-05-07 00:15:06,FXE,live,2024-11-21,-0.0058563596899343,0.0001384181213722,-0.0006481106393039
2026-05-07 00:15:06,FXE,live,2024-11-22,-0.0059942968980933,0.0023680876417297,-0.0007723304443061
2026-05-07 00:15:06,FXE,live,2024-11-25,0.0077978895453907,-0.0014553537894655,-0.0007735424442216
2026-05-07 00:15:06,FXE,live,2024-11-26,-0.0013412205674158,-0.0006442826270558,-0.0007874622242525
2026-05-07 00:15:06,FXE,live,2024-11-27,0.0081611267981358,-0.0005195184476484,-0.000737729598768
2026-05-07 00:15:06,FXE,live,2024-11-29,0.000204879040065,-0.0005320803139185,-0.0006999720353633
2026-05-07 00:15:06,FXE,live,2024-12-02,-0.006063272530373,0.0008876187333207,-0.0008351932046934
2026-05-07 00:15:06,FXE,live,2024-12-03,0.0008257826744253,-0.0009639788392491,-0.0006174220470711
2026-05-07 00:15:06,FXE,live,2024-12-04,0.0004126303799596,-0.0013384544740062,-0.0005134075181558
2026-05-07 00:15:06,FXE,live,2024-12-05,0.0065977692406382,-0.0019433957005159,-0.0004241516580805
2026-05-07 00:15:06,FXE,live,2024-12-06,-0.0015361126596614,-0.0012389523550356,-0.0003584122750908
2026-05-07 00:15:06,FXE,live,2024-12-09,-0.001333520238126,0.0016347370115157,-0.0001317600253969
2026-05-07 00:15:06,FXE,live,2024-12-10,-0.0022595078956939,0.0010188972469115,-5.289528053253889e-05
2026-05-07 00:15:06,FXE,live,2024-12-11,-0.0028825825444214,0.0013421283232962,3.4574419260025024e-05
2026-05-07 00:15:06,FXE,live,2024-12-12,-0.0029939405363205,-0.0019746232367707,2.729578409343958e-05
2026-05-07 00:15:06,FXE,live,2024-12-13,0.0031065853654632,-0.0009590218714651,-7.91262136772275e-05
2026-05-07 00:15:06,FXE,live,2024-12-16,0.0013419753417416,-0.0003842438681804,-6.885483162477612e-05
2026-05-07 00:15:06,FXE,live,2024-12-17,-0.0016496016842655,0.0002900580437804,-0.0003994446014985
2026-05-07 00:15:06,FXE,live,2024-12-18,-0.0120816810525279,0.0024081993926984,-0.0008766396204009
2026-05-07 00:15:06,FXE,live,2024-12-19,0.0004179518099058,-0.0009206826198582,0.0003970398101955
2026-05-07 00:15:06,FXE,live,2024-12-20,0.0062690000596017,-8.324026862824569e-05,-0.0009483904577791
2026-05-07 00:15:06,FXE,live,2024-12-23,-0.0023880758489166,-0.0016789348910201,-0.0008784282254055
2026-05-07 00:15:06,FXE,live,2024-12-24,-0.0015612144327138,-0.0011842464778595,-0.0008144980529323
2026-05-07 00:15:06,FXE,live,2024-12-26,0.003231576464783,0.0024458611646321,-0.0007845364743843
2026-05-07 00:15:06,FXE,live,2024-12-27,0.0005195663849464,0.0023430027452453,-0.0004566212883219
2026-05-07 00:15:06,FXE,live,2024-12-30,-0.0025964026048795,0.0006847462740107,-0.0003756528021767
2026-05-07 00:15:06,FXE,live,2024-12-31,-0.0039564931429585,-0.003519845138534,-0.0005908892489969
2026-05-07 00:15:06,FXE,live,2025-01-02,-0.0089715090007194,-0.0015423358702904,-0.0008474021451547
2026-05-07 00:15:06,FXE,live,2025-01-03,0.0043308831586967,0.0006756382404552,-0.0011817464837804
2026-05-07 00:15:06,FXE,live,2025-01-06,0.0083089371082758,0.0006908053080009,-0.0008885184070095
2026-05-07 00:15:06,FXE,live,2025-01-07,-0.0042767534000544,0.0012006357011014,-0.0004441036144271
2026-05-07 00:15:06,FXE,live,2025-01-08,-0.00251393804392,-0.0014876217831184,-0.0001824604114517
2026-05-07 00:15:06,FXE,live,2025-01-10,-0.0071416406066783,0.0001365328021754,-0.0002974603557959
2026-05-07 00:15:06,FXE,live,2025-01-13,-0.0023271816746465,0.0004017855472195,-0.0004020798951387
2026-05-07 01:14:19,CSCO,live,2024-05-16,-0.0267767666708884,0.0010771252067654,-0.0006629982963204
2026-05-07 01:14:19,CSCO,live,2024-05-17,-0.0035166135668274,-0.0005832413261507,-0.0010221675038337
2026-05-07 01:14:19,CSCO,live,2024-05-20,-0.0215902987812225,-0.0003844149606882,-0.0009275620686821
2026-05-07 01:14:19,CSCO,live,2024-05-21,-0.0040314694794953,-0.0001695724414205,-0.0012688499409705
2026-05-07 01:14:19,CSCO,live,2024-05-22,0.0104388880177921,0.0020977593148249,-0.0004199704853817
2026-05-07 01:14:19,CSCO,live,2024-05-23,-0.0174993806882712,0.0013459927954152,-0.000894543598406
2026-05-07 01:14:19,CSCO,live,2024-05-24,-0.0038627067395606,0.0030396960112139,-0.0002801744267344
2026-05-07 01:14:19,CSCO,live,2024-05-28,-0.0030161601097736,0.0045459563696505,-0.0007401659968309
2026-05-07 01:14:19,CSCO,live,2024-05-29,-0.0043212647360061,0.0014008931517547,-0.0007154979393817
2026-05-07 01:14:19,CSCO,live,2024-05-30,0.0008678816952243,0.0019182632698533,-0.0008398398640565
2026-05-07 01:14:19,CSCO,live,2024-05-31,0.0082395134594146,0.0020517640903788,-0.0009800461120903
2026-05-07 01:14:19,CSCO,live,2024-06-03,0.0032257007654459,0.0006968489072485,-0.0008970671333372
2026-05-07 01:14:19,CSCO,live,2024-06-04,0.0165060165385877,0.0015693383136877,-0.0008245740900747
2026-05-07 01:14:19,CSCO,live,2024-06-05,-0.0295234291172377,0.0016127169270494,-0.0010565205011516
2026-05-07 01:14:19,CSCO,live,2024-06-06,0.0045632586014536,-0.0025985340898281,-0.0010806189384311
2026-05-07 01:14:19,CSCO,live,2024-06-07,-0.008435977831223,-0.0003596559724687,-0.0010830458486452
2026-05-07 01:14:19,CSCO,live,2024-06-10,0.0002178213845354,-0.006150134968354,-0.001221417915076
2026-05-07 01:14:19,CSCO,live,2024-06-11,-0.0017446463685097,0.0034194615267155,-0.0013039272744208
2026-05-07 01:14:19,CSCO,live,2024-06-12,-0.0032773242307966,-0.0023200933673893,-0.0010243796277791
2026-05-07 01:14:19,CSCO,live,2024-06-13,-0.0021919788219442,-0.0008820292951956,-0.001403979724273
2026-05-07 01:14:19,CSCO,live,2024-06-14,0.0035149412820951,0.0001370909781282,-0.0014089455362409
2026-05-07 01:14:19,CSCO,live,2024-06-17,0.0002189363582454,-0.0028833084190082,-0.0013926527462899
2026-05-07 01:14:19,CSCO,live,2024-06-18,0.0061281723756987,0.0005394979250782,-0.0011208725627511
2026-05-07 01:14:19,CSCO,live,2024-06-20,0.0163150675264993,8.967166466873383e-05,-0.0010693969670683
2026-05-07 01:14:19,CSCO,live,2024-06-21,0.0122002873844324,0.0013751861827792,-0.0009515970596112
2026-05-07 01:14:19,CSCO,live,2024-06-24,-0.0002115676234385,0.0020055445725091,-0.000507098797243
2026-05-07 01:14:19,CSCO,live,2024-06-25,0.002115358766326,0.0005251444585598,-0.0006533391424454
2026-05-07 01:14:19,CSCO,live,2024-06-26,-0.0109751867997766,-0.001086478036679,-0.0007007826934568
2026-05-07 01:14:19,CSCO,live,2024-06-27,0.0125907692054307,0.0005841294756786,-0.0006491824169643
2026-05-07 01:14:19,CSCO,live,2024-06-28,0.0012642779798592,-0.0021932164878998,-0.0007085361285135
2026-05-07 01:14:19,CSCO,live,2024-07-01,0.0002105033381869,0.0039584988063756,0.0001843121717683
2026-05-07 01:14:19,CSCO,live,2024-07-02,-0.0050505939123539,0.0009853161690694,-0.0005352273001335
2026-05-07 01:14:19,CSCO,live,2024-07-03,-0.0040184249865521,-0.0002142096418378,-0.0002432896581012
2026-05-07 01:14:19,CSCO,live,2024-07-05,-0.0008567790196439,0.0002453307570174,-0.0008810099679976
2026-05-07 01:14:19,CSCO,live,2024-07-08,-0.0126472380616823,0.0002838304064932,-0.0010672998614609
2026-05-07 01:14:19,CSCO,live,2024-07-09,-0.0056448464341488,0.0012602063025486,-0.0004717747506219
2026-05-07 01:14:19,CSCO,live,2024-07-10,0.0102619327328894,0.00300999041416,-0.0008624119800515
2026-05-07 01:14:19,CSCO,live,2024-07-11,0.0105899301645,0.002896297179831,-0.0008561955764889
2026-05-07 01:14:19,CSCO,live,2024-07-12,0.0132593863404215,0.0038167712003328,-0.0008529361221008
2026-05-07 01:14:19,CSCO,live,2024-07-15,0.0004219405023515,0.0009634666890528,-0.0010181119432672
2026-05-07 01:14:19,CSCO,live,2024-07-16,0.0004220988774188,-0.0016642280788889,-0.0011805046815425
2026-05-07 01:14:19,CSCO,live,2024-07-17,0.023196818145754,-0.0024215845725125,-0.0012119045713916
2026-05-07 01:14:19,CSCO,live,2024-07-18,-0.0098927522615273,-2.963545789235985e-05,-0.0013436330482363
2026-05-07 01:14:19,CSCO,live,2024-07-19,-0.0149874779411075,-0.0024861593898028,-0.0004343206528574
2026-05-07 01:14:19,CSCO,live,2024-07-22,-0.0105663521992184,0.0004452624030603,-0.0014548948965966
2026-05-07 01:14:19,CSCO,live,2024-07-23,-0.00982496247688,-0.0016977952385805,-0.0012899162247776
2026-05-07 01:14:19,CSCO,live,2024-07-24,0.0105694580969095,0.0008736841169239,-0.0015640859492123
2026-05-07 01:14:19,CSCO,live,2024-07-25,0.0083244930858914,0.0003634491592152,-0.001538865850307
2026-05-07 01:14:19,CSCO,live,2024-07-26,0.0135479334678949,-0.0008755983032778,-0.0015064167091622
2026-05-07 01:14:19,CSCO,live,2024-07-29,0.0022973541595479,-0.0007794927605229,-0.0015123359626159
2026-05-07 01:14:19,CSCO,live,2024-07-30,0.0031256581688008,-0.0022152972026572,-0.0015238858759403
2026-05-07 01:14:19,CSCO,live,2024-07-31,0.0064395601484275,0.0004587233973739,-0.0013959392672404
2026-05-07 01:14:19,CSCO,live,2024-08-01,-0.0218782680827984,-0.0015446910258798,-0.0014564155135303
2026-05-07 01:14:19,CSCO,live,2024-08-02,-0.0154041397963405,-0.0027488409448792,-0.0014754203148186
2026-05-07 01:14:19,CSCO,live,2024-08-05,-0.0411486769170424,0.0032856237696734,-0.0012837937101721
2026-05-07 01:14:19,CSCO,live,2024-08-06,0.009387611588183,0.0050423914568112,-0.0010341147426515
2026-05-07 01:14:19,CSCO,live,2024-08-07,-0.0008857180176014,0.0071197629960581,-0.001039259834215
2026-05-07 01:14:19,CSCO,live,2024-08-08,0.0157357852973318,0.0034702502796827,-0.0009259649086743
2026-05-07 01:14:19,CSCO,live,2024-08-09,-0.0078550124284428,-0.001258864771382,-0.0014014758635312
2026-05-07 01:14:19,CSCO,live,2024-08-12,-0.0134155489379949,-0.00330324019598,-0.001253563677892
2026-05-07 01:14:19,CSCO,live,2024-08-13,0.0113686924111344,0.000352493529568,-0.0013072130968794
2026-05-07 01:14:19,CSCO,live,2024-08-14,0.0015428321947079,-0.0030980451382269,-0.0012836274690926
2026-05-07 01:14:19,CSCO,live,2024-08-15,0.0680017749050909,-0.0032781121679307,-0.0013775797560811
2026-05-07 01:14:19,CSCO,live,2024-08-16,0.0191633488613656,-0.0029046935370513,-0.0013732307124882
2026-05-07 01:14:19,CSCO,live,2024-08-19,0.0105136136195422,-0.0033860355519536,-0.0010832010302692
2026-05-07 01:14:19,CSCO,live,2024-08-20,0.0052020340523306,0.0002509322076088,-0.001294724876061
2026-05-07 01:14:19,CSCO,live,2024-08-21,0.0041799934980875,-0.0041602990681491,-0.0014647836796939
2026-05-07 01:14:19,CSCO,live,2024-08-22,-0.0045588583475408,-0.0024711312167572,-0.0013366439379751
2026-05-07 01:14:19,CSCO,live,2024-08-23,0.010354266725479,-0.0072330765734658,-0.0012133028358221
2026-05-07 01:14:19,CSCO,live,2024-08-26,0.0009854704765346,-0.0007049763201671,-0.0009706649580039
2026-05-07 01:14:19,CSCO,live,2024-08-27,-0.0015751533661693,-0.0029587953972854,-0.0011017087381333
2026-05-07 01:14:19,CSCO,live,2024-08-28,-0.0169592393508426,0.0036841321789945,-0.0013083184603601
2026-05-07 01:14:19,CSCO,live,2024-08-29,0.0108325548775358,0.0011404723845501,-0.0005521834827959
2026-05-07 01:14:19,CSCO,live,2024-08-30,0.0029767879196005,0.0020806617761874,-0.0003983432543464
2026-05-07 01:14:19,CSCO,live,2024-09-03,-0.0094973548186335,-2.732304496539696e-05,-0.0004710436915047
2026-05-07 01:14:19,CSCO,live,2024-09-04,-0.0071914340034839,0.0055648097188527,-0.0005290020490065
2026-05-07 01:14:19,CSCO,live,2024-09-05,-0.0114687747819112,0.0097538308299776,-0.0008009226876311
2026-05-07 01:14:19,CSCO,live,2024-09-06,-0.0128230536227864,0.0036137900692372,-0.0007384461932815
2026-05-07 01:14:19,CSCO,live,2024-09-09,0.0041236106953215,0.0092813398961505,-0.0008399481303058
2026-05-07 01:14:19,CSCO,live,2024-09-10,0.0018481680401554,0.000977815966502,-0.0008717606542631
2026-05-07 01:14:19,CSCO,live,2024-09-11,0.0065585608546518,-0.0001816860014001,-0.0012337591033428
2026-05-07 01:14:19,CSCO,live,2024-09-12,0.0101813033892717,0.0019273464417448,-0.0015487743075937
2026-05-07 01:14:19,CSCO,live,2024-09-13,0.0038297797814363,0.0011512853435158,-0.0010612009791657
2026-05-07 01:14:19,CSCO,live,2024-09-16,0.024698916529273,-0.0036304699738505,-0.0015003636945039
2026-05-07 01:14:19,CSCO,live,2024-09-17,-0.0082304864227551,-0.0067556785260512,-0.001230249647051
2026-05-07 01:14:19,CSCO,live,2024-09-18,-0.0007904171547219,-0.009511651176823,-0.0029065164271742
2026-05-07 01:14:19,CSCO,live,2024-09-19,0.0172039310796126,-0.0055821701338919,-0.0028811614029109
2026-05-07 01:14:19,CSCO,live,2024-09-20,0.0103032477157054,-0.0076613077266883,-0.0030986424535512
2026-05-07 01:14:19,CSCO,live,2024-09-23,0.0042332619353828,0.0006024569762817,-0.0024667233228683
2026-05-07 01:14:19,CSCO,live,2024-09-24,0.0063229727242666,-0.0016915957852713,-0.0023668776266276
2026-05-07 01:14:19,CSCO,live,2024-09-25,0.0024752633031173,-0.0037113145212044,-0.0026052184402942
2026-05-07 01:14:19,CSCO,live,2024-09-26,0.0037986538589935,-0.0029439752378921,-0.0025008355733007
2026-05-07 01:14:19,CSCO,live,2024-09-27,0.0032166482018962,-0.002354916886246,-0.001864245859906
2026-05-07 01:14:19,CSCO,live,2024-09-30,0.003772220201381,-0.001464495893564,-0.0014441541861742
2026-05-07 01:14:19,CSCO,live,2024-10-01,-0.009019170877323,-9.008266025788554e-05,-0.0011406303383409
2026-05-07 01:14:19,CSCO,live,2024-10-02,0.0053495907287262,0.0010063056526027,-0.0009361825068481
2026-05-07 01:14:19,CSCO,live,2024-10-03,-0.0036107579479746,0.0045527726124753,-0.0008158517302945
2026-05-07 01:14:19,CSCO,live,2024-10-04,0.0061034094267891,0.0025423364464558,-0.0007002865895628
2026-05-07 01:14:19,CSCO,live,2024-10-07,-0.0045497878520259,0.0014575091294832,-0.0009456627885811
2026-05-07 01:14:19,CSCO,live,2024-10-08,0.0041896634529918,0.0043943651547542,-0.0007756581762805
2026-05-07 01:14:19,CSCO,live,2024-10-09,0.0157405953723202,0.0014909673284323,-0.0007426398224197
2026-05-07 01:14:19,CSCO,live,2024-10-10,-0.0003733781111365,0.0006328411982788,-0.0006742940749973
2026-05-07 01:14:19,CSCO,live,2024-10-11,0.0132609820335534,0.0005724496554926,-0.0014344998635351
2026-05-07 01:14:19,CSCO,live,2024-10-14,0.0003687750078742,-0.0023495303331344,-0.0013997432542964
2026-05-07 01:14:19,CSCO,live,2024-10-15,-0.0035011236276065,-0.0040747143960591,-0.0012963723856955
2026-05-07 01:14:19,CSCO,live,2024-10-16,0.0425296393543337,-0.0002222581014819,-0.0015183049254119
2026-05-07 01:14:19,CSCO,live,2024-10-17,0.0003547025980772,-0.0011497797219647,-0.0015337781514972
2026-05-07 01:14:19,CSCO,live,2024-10-18,0.0063830140867848,-0.0043517798803155,-0.0017076446674764
2026-05-07 01:14:19,CSCO,live,2024-10-21,-0.0029949963303821,-0.0030919151066594,-0.0021279184147715
2026-05-07 01:14:19,CSCO,live,2024-10-22,0.0001765533638133,-0.0023213843493546,-0.0020863960962742
2026-05-07 01:14:19,CSCO,live,2024-10-23,-0.005653602090593,-0.0022782938371748,-0.0021461739670485
2026-05-07 01:14:19,CSCO,live,2024-10-24,-0.0056858173213933,-0.0023518287943551,-0.0021231940481811
2026-05-07 01:14:19,CSCO,live,2024-10-25,-0.003931365612549,-0.0010954264524932,-0.0020357249304652
2026-05-07 01:14:19,CSCO,live,2024-10-28,-0.0082526816425518,0.0011389365090124,-0.0020827658008784
2026-05-07 01:14:19,CSCO,live,2024-10-29,0.0072359298799542,0.0015507318480622,-0.0014389145653694
2026-05-07 01:14:19,CSCO,live,2024-10-30,-0.0016163703924759,0.0035558719705119,-0.0016726944595575
2026-05-07 01:14:19,CSCO,live,2024-10-31,-0.0147508282954919,0.0006743967227902,-0.0018360998947173
2026-05-07 01:14:19,CSCO,live,2024-11-01,0.0133284466478662,-0.0018054268084232,-0.0016357151325792
2026-05-07 01:14:19,CSCO,live,2024-11-04,0.0059459605460803,0.0024585686654482,-0.0015194171573966
2026-05-07 01:14:19,CSCO,live,2024-11-05,0.0059107442269625,0.0009043786023547,-0.0015598942991346
2026-05-07 01:14:19,CSCO,live,2024-11-06,0.0304486915376149,-0.0012968639121605,-0.0015461877919733
2026-05-07 01:14:19,CSCO,live,2024-11-07,0.0036288261653314,0.0016285910712108,-0.0016500854399055
2026-05-07 01:14:19,CSCO,live,2024-11-08,-0.0003442523645642,-0.0064309817573248,-0.0017294629942625
2026-05-07 01:14:19,CSCO,live,2024-11-11,0.0098173982590024,-0.0021615844469929,-0.0017821479123085
2026-05-07 01:14:19,CSCO,live,2024-11-12,0.0013644291400507,-0.0027315988683222,-0.0016629081219434
2026-05-07 01:14:19,CSCO,live,2024-11-13,0.0080055114525272,-0.0032714399548056,-0.0020335025619715
2026-05-07 01:14:19,CSCO,live,2024-11-14,-0.0212910592375322,-0.0048870505768736,-0.0019259268883615
2026-05-07 01:14:19,CSCO,live,2024-11-15,-0.0079419304467505,-0.002499139449564,-0.0020921078976243
2026-05-07 01:14:19,CSCO,live,2024-11-18,-0.0026105431552919,0.0014260777588793,-0.0018994323909282
2026-05-07 01:14:19,CSCO,live,2024-11-19,-0.0052347518562119,-0.0024845966814756,-0.0020768758840858
2026-05-07 01:14:19,CSCO,live,2024-11-20,0.0085950832252572,0.0008983025616942,-0.0020587563049048
2026-05-07 01:14:19,CSCO,live,2024-11-21,0.0010435183614518,0.0008233640917144,-0.0016865562647581
2026-05-07 01:14:19,CSCO,live,2024-11-22,0.0171994171734286,-0.0005689889663958,-0.0016860635951161
2026-05-07 01:14:19,CSCO,live,2024-11-25,0.0032451242577176,0.0047883010578656,-0.0013126381672918
2026-05-07 01:14:19,CSCO,live,2024-11-26,0.0144704077743644,-0.0004986361587424,-0.001390007790178
2026-05-07 01:14:19,CSCO,live,2024-11-27,-0.0050343301677884,-0.0017483079558284,-0.0015222914516925
2026-05-07 01:14:19,CSCO,live,2024-11-29,-0.0013493074542398,-3.223641016469474e-05,-0.0009998565074056
2026-05-07 01:14:19,CSCO,live,2024-12-02,0.0037156423989119,0.0002547634832647,-0.0011561086867004
2026-05-07 01:14:19,CSCO,live,2024-12-03,0.0008413804229503,0.0003724553789744,-0.0010902066715061
2026-05-07 01:14:19,CSCO,live,2024-12-04,0.0023537117758736,0.0011767441752454,-0.0012816153466701
2026-05-07 01:14:19,CSCO,live,2024-12-05,0.0067091279341116,-0.001297327480883,-0.001295437105
2026-05-07 01:14:19,CSCO,live,2024-12-06,-0.0021660058859371,-0.0013730591829338,-0.0014531246852129
2026-05-07 01:14:19,CSCO,live,2024-12-09,-0.0156954288732648,-0.0051825666912959,-0.001611711224541
2026-05-07 01:14:19,CSCO,live,2024-12-10,-0.0039015155174949,-0.0013541291155507,-0.0016857963055372
2026-05-07 01:14:19,CSCO,live,2024-12-11,-0.0022138915480764,-0.0005119789148536,-0.0019954417366534
2026-05-07 01:14:19,CSCO,live,2024-12-12,0.0044375399692848,-0.0022518080840186,-0.0016976175829768
2026-05-07 01:14:19,CSCO,live,2024-12-13,-0.0039082794362668,0.0020720792652447,-0.0014776575844734
2026-05-07 01:14:19,CSCO,live,2024-12-16,-0.0046059112635723,0.0014831016945693,-0.0018659711349755
2026-05-07 01:14:19,CSCO,live,2024-12-17,0.0029135200862131,0.0038906911874631,-0.0015901089645922
2026-05-07 01:14:19,CSCO,live,2024-12-18,-0.0169174016046648,-0.0003230191080771,-0.0015685141552239
2026-05-07 01:14:19,CSCO,live,2024-12-19,0.001738267502201,0.0020740620080542,-0.0015780082903802
2026-05-07 01:14:19,CSCO,live,2024-12-20,0.0154434128505223,0.0013910528611479,-0.0011436976492404
2026-05-07 01:14:19,CSCO,live,2024-12-23,0.0078605692006732,-0.0011614317078793,-0.0011777750914916
2026-05-07 01:14:19,CSCO,live,2024-12-24,0.0147507252437675,-0.0007457666571684,-0.0014304383657872
2026-05-07 01:14:19,CSCO,live,2024-12-26,0.0021720921939367,-0.0023572485648009,-0.0014052258338779
2026-05-07 01:14:19,CSCO,live,2024-12-27,-0.0061687399818561,-0.0035339891189517,-0.0015182492788881
2026-05-07 01:14:19,CSCO,live,2024-12-30,-0.0070458029611667,-0.0024814835594005,-0.000895180972293
2026-05-07 01:14:19,CSCO,live,2024-12-31,0.000168931674221,-0.0024619280968765,-0.0013935323804616
2026-05-07 01:14:19,CSCO,live,2025-01-02,-0.0016892318501615,-0.001213659524951,-0.0015019145794212
2026-05-07 01:14:19,CSCO,live,2025-01-03,0.0027256954030201,0.0002511491916824,-0.0014561559073626
2026-05-07 01:14:19,CSCO,live,2025-01-06,-0.001528973405287,0.0013087218799237,-0.0015853629447519
2026-05-07 01:14:19,CSCO,live,2025-01-07,0.0027225155808667,0.0008242475666794,-0.0014063303824514
2026-05-07 01:14:19,CSCO,live,2025-01-08,0.0045816044375284,-0.0013135966096051,-0.0014632558450102
2026-05-07 01:14:19,CSCO,live,2025-01-10,-0.0077701805039011,-0.0011982649223488,-0.001174789853394
2026-05-07 01:14:19,CSCO,live,2025-01-13,0.0003404213654067,0.0010935450584162,-0.0011743605136871
2026-05-07 01:18:14,FXE,kaggle,2010-02-02,0.0023732601496733,0.0005669175350369,0.0004751386586576
2026-05-07 01:18:14,FXE,kaggle,2010-02-03,-0.0048069891338332,0.0033539794355858,-0.0004225669545121
2026-05-07 01:18:14,FXE,kaggle,2010-02-04,-0.011174414077819,0.0002410118447961,-9.64561477303505e-05
2026-05-07 01:18:14,FXE,kaggle,2010-02-05,-0.0055410450957501,-0.0010746367628771,-0.0002313691948074
2026-05-07 01:18:14,FXE,kaggle,2010-02-08,-0.0002199324093785,0.0015727640597412,-0.0006274211336858
2026-05-07 01:18:14,FXE,kaggle,2010-02-09,0.0084330072336307,0.0039672625131242,-0.0004542976093944
2026-05-07 01:18:14,FXE,kaggle,2010-02-10,-0.0033450167217549,-0.000412252661023,-0.0003270278102718
2026-05-07 01:18:14,FXE,kaggle,2010-02-11,-0.0034291640819721,0.0029646716347067,5.766403046436608e-05
2026-05-07 01:18:14,FXE,kaggle,2010-02-12,-0.0052712588037707,-0.0020026082250336,0.0001740991137921
2026-05-07 01:18:14,FXE,kaggle,2010-02-16,0.0113344270277895,-0.000902334563481,0.0001905180688481
2026-05-07 01:18:14,FXE,kaggle,2010-02-17,-0.0115711832873567,0.0013124473740824,-9.240016515832394e-05
2026-05-07 01:18:14,FXE,kaggle,2010-02-18,0.0002944579883386,0.0059786997647322,0.0003998081665486
2026-05-07 01:18:14,FXE,kaggle,2010-02-19,-0.0015457582284978,0.0015876249374814,0.0002217860892415
2026-05-07 01:18:14,FXE,kaggle,2010-02-22,0.0003686181644502,0.0048226440102138,0.0006240048678591
2026-05-07 01:18:14,FXE,kaggle,2010-02-23,-0.007000714588111,0.0013239072765628,-0.0003638413618318
2026-05-07 01:18:14,FXE,kaggle,2010-02-24,0.0022263677310412,-0.0002684770086136,-0.0006639529019594
2026-05-07 01:18:14,FXE,kaggle,2010-02-25,0.0016290352886465,0.0003488553067308,-0.0005762244109064
2026-05-07 01:18:14,FXE,kaggle,2010-02-26,0.0042877342554559,0.003625337864653,-0.0009311820031143
2026-05-07 01:18:14,FXE,kaggle,2010-03-01,-0.0039013526351483,-0.0008447580032724,-0.0008498251554556
2026-05-07 01:18:14,FXE,kaggle,2010-03-02,0.0036949451148198,0.0020230199207744,-9.291921742260456e-05
2026-05-07 01:18:14,FXE,kaggle,2010-03-03,0.0061109301097617,0.0014387615878217,4.8098969273269176e-05
2026-05-07 01:18:14,FXE,kaggle,2010-03-04,-0.0073911053929576,0.0009478449331234,0.0008650423260405
2026-05-07 01:18:14,FXE,kaggle,2010-03-05,0.0019905947631664,0.0017713966367622,-0.0004435839073266
2026-05-07 01:18:14,FXE,kaggle,2010-03-08,0.0006621759654599,0.0006987171200323,-0.0008071871125139
2026-05-07 01:18:14,FXE,kaggle,2010-03-09,-0.002132303574506,0.0025232091306383,-0.0007587677682749
2026-05-07 01:18:14,FXE,kaggle,2010-03-10,0.0037579727478107,0.0025313789691573,-0.0003330326289869
2026-05-07 01:18:14,FXE,kaggle,2010-03-11,0.0019086367971374,0.0003333561813992,-0.0003182518994435
2026-05-07 01:18:14,FXE,kaggle,2010-03-12,0.0060082601838276,-0.000385180649239,-0.0002840485540218
2026-05-07 01:18:14,FXE,kaggle,2010-03-15,-0.0062636605334041,0.003354037899723,-0.0001570640015415
2026-05-07 01:18:14,FXE,kaggle,2010-03-16,0.0075490967521727,-0.0022722924871867,-0.0010544114047661
2026-05-07 01:18:14,FXE,kaggle,2010-03-17,-0.0026187575991477,-0.0005705314208014,-0.0010007841046899
2026-05-07 01:18:14,FXE,kaggle,2010-03-18,-0.0095543545530029,0.0011727602075333,-0.0002889675088226
2026-05-07 01:18:14,FXE,kaggle,2010-03-19,-0.005449230313213,0.0043083726986911,0.0005004631821066
2026-05-07 01:18:14,FXE,kaggle,2010-03-22,0.0011106853101219,-0.0024880475416791,-1.285423059016466e-05
2026-05-07 01:18:14,FXE,kaggle,2010-03-23,-0.0039938504408526,0.003506393091129,-0.0005834272014908
2026-05-07 01:18:14,FXE,kaggle,2010-03-24,-0.0128461851270597,0.0007716440395067,-0.0010138471843674
2026-05-07 01:18:14,FXE,kaggle,2010-03-25,-0.0031593061624203,0.0009161474495988,-0.0004736063419841
2026-05-07 01:18:14,FXE,kaggle,2010-03-26,0.0096589098855233,-0.0009219151047101,-0.0003909740480594
2026-05-07 01:18:14,FXE,kaggle,2010-03-29,0.004932762683526,0.0007551237262677,-0.0004165592254139
2026-05-07 01:18:14,FXE,kaggle,2010-03-30,-0.0046854443801506,0.0012980578142342,-0.0011223609326407
2026-05-07 01:18:14,FXE,kaggle,2010-03-31,0.0067249038643855,-0.0006422123661799,0.0001506806584075
2026-05-07 01:18:14,FXE,kaggle,2010-04-01,0.0057893476139807,-0.0024759059637324,-0.0007489928975701
2026-05-07 01:18:14,FXE,kaggle,2010-04-05,-0.0076009063615224,0.0022572007323829,-0.0005418970249593
2026-05-07 01:18:14,FXE,kaggle,2010-04-06,-0.0055770376548756,0.0022803250653088,-0.0004350334347691
2026-05-07 01:18:14,FXE,kaggle,2010-04-07,-0.0038136134235359,-0.0002016561367721,0.0001453591976314
2026-05-07 01:18:14,FXE,kaggle,2010-04-08,-0.0004503644951507,0.0029209947572741,-0.0004637993406504
2026-05-07 01:18:14,FXE,kaggle,2010-04-09,0.0106638489778696,0.0038652048150771,-0.0004360089660622
2026-05-07 01:18:14,FXE,kaggle,2010-04-12,0.0066874266922227,-0.0020315401390252,-0.0004524650576058
2026-05-07 01:18:14,FXE,kaggle,2010-04-13,0.0002214258949138,0.0009914088596997,-2.6603374863043427e-05
2026-05-07 01:18:14,FXE,kaggle,2010-04-14,0.0052395154796598,-0.0005823341510881,-0.0004689693450927
2026-05-07 01:18:14,FXE,kaggle,2010-04-15,-0.00550579939274,-0.002174699993528,-0.0004123963881283
2026-05-07 01:18:14,FXE,kaggle,2010-04-16,-0.0051671731153362,0.0003383796011517,0.0004343989421613
2026-05-07 01:18:14,FXE,kaggle,2010-04-19,-0.0019292851330577,0.0035481418451697,-0.0001465711247874
2026-05-07 01:18:14,FXE,kaggle,2010-04-20,-0.003048014423192,0.0014766497146764,-3.3426331356167793e-06
2026-05-07 01:18:14,FXE,kaggle,2010-04-21,-0.0033557955745644,0.0039538509917077,7.063797966111451e-05
2026-05-07 01:18:14,FXE,kaggle,2010-04-22,-0.0065095036058238,0.000222113522047,-0.0004303522000554
2026-05-07 01:18:14,FXE,kaggle,2010-04-23,0.0044434127377219,0.0003262865196715,-0.0006008414784446
2026-05-07 01:18:14,FXE,kaggle,2010-04-26,-0.0005247961909887,0.0029256636676368,-0.0009008635533973
2026-05-07 01:18:14,FXE,kaggle,2010-04-27,-0.0140285846448966,0.0003081003337267,-0.000559130043257
2026-05-07 01:18:14,FXE,kaggle,2010-04-28,0.0015218155533542,-0.0013953559330196,-0.0014787997351959
2026-05-07 01:18:14,FXE,kaggle,2010-04-29,0.0033427214547168,0.0002429420032056,-0.0010040221968665
2026-05-07 01:18:14,FXE,kaggle,2010-04-30,0.0053001961794683,0.001543054418229,-0.000306416186504
2026-05-07 01:18:14,FXE,kaggle,2010-05-03,-0.0087369407605719,-0.001798954747077,-0.0005954815424047
2026-05-07 01:20:40,AMD,kaggle,2010-02-02,-0.0087719513150458,0.0112013021881363,0.011266897432506
2026-05-07 01:20:40,AMD,kaggle,2010-02-03,-0.0126422132189149,0.0289999862530145,0.0095274783670902
2026-05-07 01:20:40,AMD,kaggle,2010-02-04,-0.0793853892575608,-0.0155652821136036,0.0020051193423569
2026-05-07 01:20:40,AMD,kaggle,2010-02-05,0.0222531079469785,0.0006127646122019,0.0107132345438003
2026-05-07 01:20:40,AMD,kaggle,2010-02-08,0.0095238330026721,0.0155424966804668,0.0046164016239345
2026-05-07 01:20:40,AMD,kaggle,2010-02-09,0.0161724911489513,-0.0120994514918151,0.0064198696054518
2026-05-07 01:20:40,AMD,kaggle,2010-02-10,0.0132625868883946,0.0255486526235417,0.0122911455109715
2026-05-07 01:20:40,AMD,kaggle,2010-02-11,0.0261780483766285,-0.0220084505504657,0.0119964340701699
2026-05-07 01:20:40,AMD,kaggle,2010-02-12,0.0038264964779737,0.0424433148380729,0.0108788916841149
2026-05-07 01:20:40,AMD,kaggle,2010-02-16,0.0241423807904057,-0.0044885608896307,0.0105344615876674
2026-05-07 01:20:40,AMD,kaggle,2010-02-17,-0.0037221693652138,0.023180546310608,0.0094705717638134
2026-05-07 01:20:40,AMD,kaggle,2010-02-18,-0.0099626309298087,-0.0018855326323526,0.0104230288416147
2026-05-07 01:20:40,AMD,kaggle,2010-02-19,-0.0025157209316162,0.0130984246589002,0.013250027783215
2026-05-07 01:20:40,AMD,kaggle,2010-02-22,-0.0037830685524083,0.016953844932207,0.0129719907417893
2026-05-07 01:20:40,AMD,kaggle,2010-02-23,-0.0139240673653799,-0.0098218282564215,0.0138985803350806
2026-05-07 01:20:40,AMD,kaggle,2010-02-24,0.0333761527798504,0.0093905730692589,0.0191370341926813
2026-05-07 01:20:40,AMD,kaggle,2010-02-25,-0.0198758162059945,0.0359217410278747,0.0179264079779386
2026-05-07 01:20:40,AMD,kaggle,2010-02-26,0.0025348518713501,-0.0072951239254554,0.0010800960008054
2026-05-07 01:20:40,AMD,kaggle,2010-03-01,0.0379266999395724,0.0155724675192905,0.0130217848345637
2026-05-07 01:20:40,AMD,kaggle,2010-03-02,0.0207064647386183,-0.0044748186560986,0.0110227344557642
2026-05-07 01:20:40,AMD,kaggle,2010-03-03,-0.0035799203534011,0.0154865440492851,0.0057006091810762
2026-05-07 01:20:40,AMD,kaggle,2010-03-04,0.0179640253506037,0.0093891449358237,0.0123377880081534
2026-05-07 01:20:40,AMD,kaggle,2010-03-05,0.012941136079676,0.003054245202142,0.0131117096170783
2026-05-07 01:20:40,AMD,kaggle,2010-03-08,0.0034844004462,0.0200200862272295,0.032756682485342
2026-05-07 01:20:40,AMD,kaggle,2010-03-09,-0.0011574338523683,-0.0031268981408198,0.0036271333228796
2026-05-07 01:20:40,AMD,kaggle,2010-03-10,0.0336037031294773,0.028541512029956,0.0073914644308388
2026-05-07 01:20:40,AMD,kaggle,2010-03-11,0.0033631987348206,-0.0023615380159301,0.008369649760425
2026-05-07 01:20:40,AMD,kaggle,2010-03-12,-0.0022345815101193,0.0157152286780236,0.0170984417200088
2026-05-07 01:20:40,AMD,kaggle,2010-03-15,-0.0011198464210622,0.0044402005425064,0.0137758487835526
2026-05-07 01:20:40,AMD,kaggle,2010-03-16,0.0538116074137697,0.0025620882369602,-0.0038361763581633
2026-05-07 01:20:40,AMD,kaggle,2010-03-17,0.028723454119234,0.0029982377547423,0.0111453244462609
2026-05-07 01:20:40,AMD,kaggle,2010-03-18,-0.0289555047323744,0.0151203753600651,0.0153385363519191
2026-05-07 01:20:40,AMD,kaggle,2010-03-19,-0.0298190283714544,0.0158498206901475,0.02340018004179
2026-05-07 01:20:40,AMD,kaggle,2010-03-22,0.0219539813915208,0.0029835370728639,0.0046863076277077
2026-05-07 01:20:40,AMD,kaggle,2010-03-23,0.0150375277484897,0.0109929603592401,0.0063763498328626
2026-05-07 01:20:40,AMD,kaggle,2010-03-24,-0.0232804520073229,0.0103754278977216,0.0048897587694227
2026-05-07 01:20:40,AMD,kaggle,2010-03-25,-0.0216684527826833,0.0012073528905606,0.0044124503619968
2026-05-07 01:20:40,AMD,kaggle,2010-03-26,-0.0011073394798682,-0.0031899823548397,0.0026137584354728
2026-05-07 01:20:40,AMD,kaggle,2010-03-29,0.0099777377323866,-0.0029163543259693,0.0052999989129602
2026-05-07 01:20:40,AMD,kaggle,2010-03-30,0.0175632060500849,0.0135985582644686,0.0030839536339044
2026-05-07 01:20:40,AMD,kaggle,2010-03-31,0.0,0.0014263006860197,0.0083098802715539
2026-05-07 01:20:40,AMD,kaggle,2010-04-01,0.0107874242564529,0.0049223959546965,0.0092779258266091
2026-05-07 01:20:40,AMD,kaggle,2010-04-05,0.0170757576698266,0.0011593412782076,0.0083144139498472
2026-05-07 01:20:40,AMD,kaggle,2010-04-06,-0.0188876554611764,0.0154810133344865,0.0089070042595267
2026-05-07 01:20:40,AMD,kaggle,2010-04-07,0.0331550217427534,0.0004802082291847,0.0091265374794602
2026-05-07 01:20:40,AMD,kaggle,2010-04-08,-0.0248446971955658,0.0089285616216381,0.0036651759874075
2026-05-07 01:20:40,AMD,kaggle,2010-04-09,-0.0127388412512934,0.0051440789149274,0.0115450881421566
2026-05-07 01:20:40,AMD,kaggle,2010-04-12,0.0129032132363426,0.0160593908041407,0.0057382867671549
2026-05-07 01:20:40,AMD,kaggle,2010-04-13,0.0148620320794981,-0.0088603631442798,0.0008867727592587
2026-05-07 01:20:40,AMD,kaggle,2010-04-14,0.0345188189562115,0.0061090906956124,0.0049044173210859
2026-05-07 01:20:40,AMD,kaggle,2010-04-15,0.0273002522463658,0.0080668387813908,0.0082705123350024
2026-05-07 01:20:40,AMD,kaggle,2010-04-16,-0.0344487630956569,0.0179463906564625,0.0051242532208561
2026-05-07 01:20:40,AMD,kaggle,2010-04-19,-0.0234455133611125,-0.0132833319988947,0.0067954906262457
2026-05-07 01:20:40,AMD,kaggle,2010-04-20,0.0198330412913105,0.014382111007754,0.008576039224863
2026-05-07 01:20:40,AMD,kaggle,2010-04-21,0.0010234672199604,0.0137123944456561,0.0080916313454508
2026-05-07 01:20:40,AMD,kaggle,2010-04-22,0.0081799515225293,0.007973460935067,0.0039391228929162
2026-05-07 01:20:40,AMD,kaggle,2010-04-23,-0.0101419301498342,0.0052208830772872,0.0093247191980481
2026-05-07 01:20:40,AMD,kaggle,2010-04-26,0.021516396846543,-0.0059768464952129,0.0091846324503421
2026-05-07 01:20:40,AMD,kaggle,2010-04-27,-0.0391173854440605,0.0120289332631699,0.0057118968106806
2026-05-07 01:20:40,AMD,kaggle,2010-04-28,-0.0031314961597189,-0.0083658716764166,-0.0020405815448611
2026-05-07 01:20:40,AMD,kaggle,2010-04-29,0.0178010547537867,0.0218454074845799,0.0049119172617793
2026-05-07 01:20:40,AMD,kaggle,2010-04-30,-0.0668724850151962,0.0031399268637544,0.0148225976154208
2026-05-07 01:20:40,AMD,kaggle,2010-05-03,0.0242558185701318,0.0008614240182476,0.0120379161089658
2026-05-07 01:35:41,QQQ,kaggle,2010-02-02,0.0090153310096541,0.0059011015670402,0.0013925491366535
2026-05-07 01:35:41,QQQ,kaggle,2010-02-03,0.0054982326547512,0.0069015974243612,0.0013248677132651
2026-05-07 01:35:41,QQQ,kaggle,2010-02-04,-0.0289359871365868,-0.0003469675797155,0.0012889421777799
2026-05-07 01:35:41,QQQ,kaggle,2010-02-05,0.0084467531528311,0.0020260022389488,0.0013815683778375
2026-05-07 01:35:41,QQQ,kaggle,2010-02-08,-0.0072126890784719,0.0068035073688491,0.0014722306514158
2026-05-07 01:35:41,QQQ,kaggle,2010-02-09,0.0103117520573619,0.007812915567372,0.0015238239429891
2026-05-07 01:35:41,QQQ,kaggle,2010-02-10,-0.0020876861821773,0.006936702050829,0.0016080422792583
2026-05-07 01:35:41,QQQ,kaggle,2010-02-11,0.0151091981465643,0.0024872032530201,0.0020524249412119
2026-05-07 01:35:41,QQQ,kaggle,2010-02-12,0.0020609149613359,0.0031976547505676,0.0020529576577246
2026-05-07 01:35:41,QQQ,kaggle,2010-02-16,0.0127971068274801,0.0042320097831087,0.0024686425458639
2026-05-07 01:35:41,QQQ,kaggle,2010-02-17,0.0056407942626677,0.0078466492235244,0.0022140140645205
2026-05-07 01:35:41,QQQ,kaggle,2010-02-18,0.0062822252908696,0.0084991010087061,0.0023481529206037
2026-05-07 01:35:41,QQQ,kaggle,2010-02-19,-0.0004458560478646,0.0035143463262134,0.0026071420870721
2026-05-07 01:35:41,QQQ,kaggle,2010-02-22,-0.002007587528706,0.0131583676090118,0.0023325458168983
2026-05-07 01:35:41,QQQ,kaggle,2010-02-23,-0.0129638312314557,-0.0020872160103428,0.0022184082772582
2026-05-07 01:35:41,QQQ,kaggle,2010-02-24,0.0101902347032236,0.0031902063609522,0.0025697760283946
2026-05-07 01:35:41,QQQ,kaggle,2010-02-25,-0.0002242128691688,0.0092103986383312,0.0027629048563539
2026-05-07 01:35:41,QQQ,kaggle,2010-02-26,0.0035874406476705,0.0094532979207295,0.0018195454031229
2026-05-07 01:35:41,QQQ,kaggle,2010-03-01,0.0145219291835005,-0.0039204321625359,0.0016172719188034
2026-05-07 01:35:41,QQQ,kaggle,2010-03-02,0.0030830079303869,-0.0016524225329708,0.001830292167142
2026-05-07 01:35:41,QQQ,kaggle,2010-03-03,0.0010976781097258,0.003254121166972,0.0006254079053178
2026-05-07 01:35:41,QQQ,kaggle,2010-03-04,0.0032895072565415,0.0075973783254585,0.0017992581706494
2026-05-07 01:35:41,QQQ,kaggle,2010-03-05,0.0150819371958248,0.0111478405867314,0.0013571346644312
2026-05-07 01:35:41,QQQ,kaggle,2010-03-08,0.0019379878391325,-0.0028300515248964,0.0026506339199841
2026-05-07 01:35:41,QQQ,kaggle,2010-03-09,0.0055878388792511,0.0007971655674296,8.818032074486837e-05
2026-05-07 01:35:41,QQQ,kaggle,2010-03-10,0.00812133460104,0.0027443197445885,-5.761427019024268e-05
2026-05-07 01:35:41,QQQ,kaggle,2010-03-11,0.0038159913538917,0.004312782167409,-0.000328146823449
2026-05-07 01:35:41,QQQ,kaggle,2010-03-12,0.0002112383643673,0.0011639701690757,0.001934400643222
2026-05-07 01:35:41,QQQ,kaggle,2010-03-15,-0.0025337611980211,0.0013785321539328,0.0005816279444843
2026-05-07 01:35:41,QQQ,kaggle,2010-03-16,0.0063505340051097,0.0012535654798281,-0.0004658279067371
2026-05-07 01:35:41,QQQ,kaggle,2010-03-17,0.0027344815085081,0.0018132952218163,-0.0006450564833357
2026-05-07 01:35:41,QQQ,kaggle,2010-03-18,0.0033564855937755,-0.0007396394717063,-0.0004565809795167
2026-05-07 01:35:41,QQQ,kaggle,2010-03-19,-0.0071085122218652,0.002350291588597,0.0016671768389642
2026-05-07 01:35:41,QQQ,kaggle,2010-03-22,0.0090544635771929,-0.0015584403524377,-0.0003419228887651
2026-05-07 01:35:41,QQQ,kaggle,2010-03-23,0.0068865159362327,0.0003870932254002,-2.56225248449482e-05
2026-05-07 01:35:41,QQQ,kaggle,2010-03-24,-0.0047668298909083,-0.0011917924464819,-0.0001873942674137
2026-05-07 01:35:41,QQQ,kaggle,2010-03-25,-0.0014577195784449,0.0010601295044643,-0.0001419235777575
2026-05-07 01:35:41,QQQ,kaggle,2010-03-26,0.0010427369398331,-0.0024736282212557,-0.0001573754125274
2026-05-07 01:35:41,QQQ,kaggle,2010-03-29,0.0047916571299235,0.0032763387710496,-0.0003641557123046
2026-05-07 01:35:41,QQQ,kaggle,2010-03-30,0.0033174341474333,0.0016437765040206,-0.0005191979580558
2026-05-07 01:35:41,QQQ,kaggle,2010-03-31,-0.0047530387505135,-0.001126609020319,-0.0007440289482474
2026-05-07 01:35:41,QQQ,kaggle,2010-04-01,0.0,0.0013483350994896,-0.0008349977433681
2026-05-07 01:35:41,QQQ,kaggle,2010-04-05,0.0093438696919687,-0.001275779758478,-0.0006078538717702
2026-05-07 01:35:41,QQQ,kaggle,2010-04-06,0.0028800532378232,0.0028939952929029,-0.0003910364757757
2026-05-07 01:35:41,QQQ,kaggle,2010-04-07,-0.0024615165514824,0.001462816037296,0.0001185885848826
2026-05-07 01:35:41,QQQ,kaggle,2010-04-08,0.0022619907039995,-0.0003602949351444,-0.0003074208798352
2026-05-07 01:35:41,QQQ,kaggle,2010-04-09,0.0059498787616618,0.0010579881845002,-0.0001225651067215
2026-05-07 01:35:41,QQQ,kaggle,2010-04-12,0.0008158457377778,0.0018782618371539,-7.346945494646206e-05
2026-05-07 01:35:41,QQQ,kaggle,2010-04-13,0.0050947626157489,0.0023660425656251,5.958670953987166e-05
2026-05-07 01:35:41,QQQ,kaggle,2010-04-14,0.0119626957874821,-0.0009342126597288,0.0001159127787104
2026-05-07 01:35:41,QQQ,kaggle,2010-04-15,0.0044079587532703,0.0007321787371062,0.0002529288467485
2026-05-07 01:35:41,QQQ,kaggle,2010-04-16,-0.0119689263122714,0.0028337912078595,0.0002940272388514
2026-05-07 01:35:41,QQQ,kaggle,2010-04-19,-0.000605668888274,0.0024402867232113,0.0003719083615578
2026-05-07 01:35:41,QQQ,kaggle,2010-04-20,0.0050505050505049,0.0002684882090699,0.0003098532033618
2026-05-07 01:35:41,QQQ,kaggle,2010-04-21,0.0056281161667712,0.0032395320238791,0.0002704584039747
2026-05-07 01:35:41,QQQ,kaggle,2010-04-22,0.0055966940001208,0.0025719202407284,0.0001892996078822
2026-05-07 01:35:41,QQQ,kaggle,2010-04-23,0.0041741021415304,0.0007629137697529,0.000184111384442
2026-05-07 01:35:41,QQQ,kaggle,2010-04-26,-0.0021773675644267,-0.0015230567181283,0.0002680433972273
2026-05-07 01:35:41,QQQ,kaggle,2010-04-27,-0.0212259412430676,-0.000692712833497,0.0003259559452999
2026-05-07 01:35:41,QQQ,kaggle,2010-04-28,0.0006080011999209,0.0069786202369845,0.0001762989268172
2026-05-07 01:35:41,QQQ,kaggle,2010-04-29,0.0174194982571924,0.0047272708069909,0.0001689423515927
2026-05-07 01:35:41,QQQ,kaggle,2010-04-30,-0.0197092947002136,-0.0014315537639599,0.0001421924389433
2026-05-07 01:35:41,QQQ,kaggle,2010-05-03,0.0140129691955459,-1.5251163933857788e-05,0.0004157040675636
2026-05-07 02:24:48,NFLX,kaggle,2010-02-02,0.0134359940866881,-0.0205833356219704,0.0051326737739145
2026-05-07 02:24:48,NFLX,kaggle,2010-02-03,0.0016168518706802,0.0015905038761933,0.0030268759001046
2026-05-07 02:24:48,NFLX,kaggle,2010-02-04,-0.0259887554798554,-0.0045908031807273,0.0011859385995194
2026-05-07 02:24:48,NFLX,kaggle,2010-02-05,0.0082863456958808,-0.0040512528698257,0.0010618219384923
2026-05-07 02:24:48,NFLX,kaggle,2010-02-08,0.0009862159099625,0.0167551867369345,-0.0022212325129657
2026-05-07 02:24:48,NFLX,kaggle,2010-02-09,0.0201970685804755,-0.0204008318284558,0.0025899575557559
2026-05-07 02:24:48,NFLX,kaggle,2010-02-10,-0.0103010026688912,0.0073604389693967,0.002587063005194
2026-05-07 02:24:48,NFLX,kaggle,2010-02-11,0.0304114942680977,-0.0025185456013172,0.0041233310475945
2026-05-07 02:24:48,NFLX,kaggle,2010-02-12,-0.0028409740440291,-0.003335457120673,0.0052304537966847
2026-05-07 02:24:48,NFLX,kaggle,2010-02-16,0.0265907746361082,0.001426008939432,0.0044688181951642
2026-05-07 02:24:48,NFLX,kaggle,2010-02-17,-0.0053962584267325,0.0282686261104513,0.0054908264428377
2026-05-07 02:24:48,NFLX,kaggle,2010-02-18,0.0246472842775355,-0.0003370748428693,0.0041744280606508
2026-05-07 02:24:48,NFLX,kaggle,2010-02-19,0.0083207149423933,0.0067238626459152,-0.0002327046822756
2026-05-07 02:24:48,NFLX,kaggle,2010-02-22,-0.020705150401029,-0.0289888902309585,0.0030653330031782
2026-05-07 02:24:48,NFLX,kaggle,2010-02-23,-0.0140953125540158,0.0172536697092886,0.0008398761856369
2026-05-07 02:24:48,NFLX,kaggle,2010-02-24,0.0052836226785273,-0.0400859726053254,0.0024508922360837
2026-05-07 02:24:48,NFLX,kaggle,2010-02-25,0.0142216888158723,0.0380096236317102,0.0029118803795427
2026-05-07 02:24:48,NFLX,kaggle,2010-02-26,0.0067063465536199,-0.0250113694742208,0.0011159222340211
2026-05-07 02:24:48,NFLX,kaggle,2010-03-01,0.0552611141387402,0.0245441445603401,0.0066047669388353
2026-05-07 02:24:48,NFLX,kaggle,2010-03-02,-0.0103300305598572,0.0028635427147523,0.0019999612122774
2026-05-07 02:24:48,NFLX,kaggle,2010-03-03,-0.0207306381603659,0.0012928603478888,0.0017460347153246
2026-05-07 02:24:48,NFLX,kaggle,2010-03-04,0.0068098278464614,-0.0056609453019624,0.0022264192812144
2026-05-07 02:24:48,NFLX,kaggle,2010-03-05,-0.0052933621197791,0.0209478899021756,0.002458450384438
2026-05-07 02:24:48,NFLX,kaggle,2010-03-08,0.0152254775088913,-0.0278101983089602,0.0024867502506822
2026-05-07 02:24:48,NFLX,kaggle,2010-03-09,0.0183458853002844,0.0296912812722141,0.0016933700535446
2026-05-07 02:24:48,NFLX,kaggle,2010-03-10,0.0191593364826494,-0.0122852602607465,-0.0057922569103538
2026-05-07 02:24:48,NFLX,kaggle,2010-03-11,-0.001262655115898,-0.0136607863829842,-0.0113681452348828
2026-05-07 02:24:48,NFLX,kaggle,2010-03-12,-0.0169967830136817,-0.0265643658155111,-0.0179984681308269
2026-05-07 02:24:48,NFLX,kaggle,2010-03-15,-0.005430151818738,0.0173770360365521,0.0040775006636977
2026-05-07 02:24:48,NFLX,kaggle,2010-03-16,0.0147989020741827,-0.008444497806858,0.0037982899229973
2026-05-07 02:24:48,NFLX,kaggle,2010-03-17,0.004105903404608,0.0141377657727011,0.0017320772167295
2026-05-07 02:24:48,NFLX,kaggle,2010-03-18,-0.0053581784584152,0.0068383650004429,0.0032178142573684
2026-05-07 02:24:48,NFLX,kaggle,2010-03-19,-0.0012759010660899,0.0045969699240714,0.0044251978397369
2026-05-07 02:24:48,NFLX,kaggle,2010-03-22,0.0346345287026605,-0.0050269129072971,0.0017155071254819
2026-05-07 02:24:48,NFLX,kaggle,2010-03-23,0.0009603732028951,0.0020744921488959,0.0018936630804091
2026-05-07 02:24:48,NFLX,kaggle,2010-03-24,-0.0080866247884786,-0.0050151975290773,0.0008888558950275
2026-05-07 02:24:48,NFLX,kaggle,2010-03-25,0.0161669208612149,-0.0014477259914595,0.0023240959271788
2026-05-07 02:24:48,NFLX,kaggle,2010-03-26,0.0103344759096735,0.0065749436033844,-0.00018447462935
2026-05-07 02:24:48,NFLX,kaggle,2010-03-29,-0.005383523729131,-0.0017894388691345,0.0018518208526074
2026-05-07 02:24:48,NFLX,kaggle,2010-03-30,0.0156968850945986,0.003695444124152,0.0002431501052342
2026-05-07 02:24:48,NFLX,kaggle,2010-03-31,-0.0175859774660209,0.0041022476733479,0.0022048712708055
2026-05-07 02:24:48,NFLX,kaggle,2010-04-01,0.017087091896351,-0.0101880474972925,0.0006705420091748
2026-05-07 02:24:48,NFLX,kaggle,2010-04-05,0.0665333421512179,0.0054923871998628,0.0028196917846798
2026-05-07 02:24:48,NFLX,kaggle,2010-04-06,0.04225524668701,0.0084387335308799,0.0047151250764727
2026-05-07 02:24:48,NFLX,kaggle,2010-04-07,-0.0436607481739258,-0.0090393413274183,0.0033475458621978
2026-05-07 02:24:48,NFLX,kaggle,2010-04-08,0.0263388259892738,-0.0071427900379889,0.001328628277406
2026-05-07 02:24:48,NFLX,kaggle,2010-04-09,0.0072100717801069,0.0070914229959481,0.0004207590827718
2026-05-07 02:24:48,NFLX,kaggle,2010-04-12,0.0092211122210315,-0.0066045844945725,0.000215099658817
2026-05-07 02:24:48,NFLX,kaggle,2010-04-13,0.0384707833714375,0.0030043548769673,-0.0013739932328462
2026-05-07 02:24:48,NFLX,kaggle,2010-04-14,0.0137763431273778,0.0010244903581196,0.0041164243593811
2026-05-07 02:24:48,NFLX,kaggle,2010-04-15,-0.0084504233444832,-0.0018876902370987,0.004091715440154
2026-05-07 02:24:48,NFLX,kaggle,2010-04-16,-0.0175054102319733,-0.0155395953284944,0.0019083435181528
2026-05-07 02:24:48,NFLX,kaggle,2010-04-19,-0.0059782555109707,0.009183090316136,0.0021216624882072
2026-05-07 02:24:48,NFLX,kaggle,2010-04-20,0.0267688513722501,-0.003685393580181,0.0003753768396563
2026-05-07 02:24:48,NFLX,kaggle,2010-04-21,-0.0010335981105878,-0.0018263840735777,0.0004055858589708
2026-05-07 02:24:48,NFLX,kaggle,2010-04-22,0.1525637666349995,0.009341923519898,0.0011473216582089
2026-05-07 02:24:48,NFLX,kaggle,2010-04-23,-0.0051870180579399,0.009305079483119,0.0031075468286871
2026-05-07 02:24:48,NFLX,kaggle,2010-04-26,0.0846284931226626,-0.022450715807625,0.0038290896918624
2026-05-07 02:24:48,NFLX,kaggle,2010-04-27,-0.0563927103381091,0.0011765037586519,0.0023382143117487
2026-05-07 02:24:48,NFLX,kaggle,2010-04-28,-0.026256503055383,-0.0306105935653692,0.0010494189336895
2026-05-07 02:24:48,NFLX,kaggle,2010-04-29,0.0380319930823445,0.0114809436083561,0.0020482945255935
2026-05-07 02:24:48,NFLX,kaggle,2010-04-30,-0.0413879778280933,-0.0023755565015885,0.0023164011072367
2026-05-07 02:24:48,NFLX,kaggle,2010-05-03,0.0312436529189807,0.0150993231434335,0.001160695683211
2026-05-08 21:37:14,MU,kaggle,2014-11-11,0.0033242855800639,-0.0055770450709919,0.0055044647306203
2026-05-08 21:37:14,MU,kaggle,2014-11-12,-0.0087349671344304,-0.0043057937830177,0.0055022076703608
2026-05-08 21:37:14,MU,kaggle,2014-11-13,0.000911539940321,-1.1130403635873675e-05,0.0054853684268891
2026-05-08 21:37:14,MU,kaggle,2014-11-14,-0.0097146238058659,0.0034378601485876,0.0056126546114683
2026-05-08 21:37:14,MU,kaggle,2014-11-17,-0.0101164324697405,-0.0031014173931801,0.006097194738686
2026-05-08 21:37:14,MU,kaggle,2014-11-18,0.017962155463381,0.0032689717193252,0.0064182132482528
2026-05-08 21:37:14,MU,kaggle,2014-11-19,0.0027380637515199,0.0031279330758121,0.006631264463067
2026-05-08 21:37:14,MU,kaggle,2014-11-20,0.0075849516669972,-0.0015839025882606,0.0073175737634301
2026-05-08 21:37:14,MU,kaggle,2014-11-21,0.0328214448249568,0.0039617586466279,0.008043679408729
2026-05-08 21:37:14,MU,kaggle,2014-11-24,0.012536452324791,0.0032114922677468,0.0076657347381114
2026-05-08 21:37:14,MU,kaggle,2014-11-25,0.0020155397566041,0.0064737079591682,0.0075235408730804
2026-05-08 21:37:14,MU,kaggle,2014-11-26,0.0235632101379748,0.0001104576604085,0.0073316385969519
2026-05-08 21:37:14,MU,kaggle,2014-11-28,0.009264509852618,-0.0003703335751545,0.0072100898250937
2026-05-08 21:37:14,MU,kaggle,2014-12-01,-0.0267037291821787,-0.0005531272520632,0.0070359529927372
2026-05-08 21:37:14,MU,kaggle,2014-12-02,0.017433460028374,0.0054463003216595,0.0070248423144221
2026-05-08 21:37:14,MU,kaggle,2014-12-03,0.0140449444222159,0.0030607554154603,0.0071564568206667
2026-05-08 21:37:14,MU,kaggle,2014-12-04,-0.0008309911513812,0.0060581457454937,0.007066891528666
2026-05-08 21:37:14,MU,kaggle,2014-12-05,0.0116440805987265,-0.0001268407619126,0.0069026327691972
2026-05-08 21:37:14,MU,kaggle,2014-12-08,-0.0128802740225818,0.003240536628036,0.0067720534279942
2026-05-08 21:37:14,MU,kaggle,2014-12-09,-0.0099944643469311,0.0061035875566312,0.0068371384404599
2026-05-08 21:37:14,MU,kaggle,2014-12-10,-0.022434078532914,0.0021655210571594,0.0067832157947123
2026-05-08 21:37:14,MU,kaggle,2014-12-11,0.0094663801084222,0.0004121175879303,0.0066718501038849
2026-05-08 21:37:14,MU,kaggle,2014-12-12,-0.0338163874154227,0.0058688988690191,0.0064698215574026
2026-05-08 21:37:14,MU,kaggle,2014-12-15,-0.0191176919376149,-0.0006485122949066,0.006493198685348
2026-05-08 21:37:14,MU,kaggle,2014-12-16,-0.0128935629640118,0.0002653946075669,0.0065029324032366
2026-05-08 21:37:14,MU,kaggle,2014-12-17,0.0276428831325943,0.0070327316402806,0.0065596499480307
2026-05-08 21:37:14,MU,kaggle,2014-12-18,0.0183268961964888,0.0032016965163155,0.0066192387603223
2026-05-08 21:37:14,MU,kaggle,2014-12-19,0.0011611295977205,-0.002514151351211,0.0067295059561729
2026-05-08 21:37:14,MU,kaggle,2014-12-22,0.0043490201183518,0.0043397890379525,0.006811854429543
2026-05-08 21:37:14,MU,kaggle,2014-12-23,0.0095266119188588,0.0036750962451086,0.0069098519161343
2026-05-08 21:37:14,MU,kaggle,2014-12-24,-0.0017157955732496,-0.003259922393784,0.0070478618144989
2026-05-08 21:37:14,MU,kaggle,2014-12-26,0.0025780622452382,0.0041262776642127,0.0071944454684853
2026-05-08 21:37:14,MU,kaggle,2014-12-29,0.0151428222656249,0.0014832272074693,0.0072774579748511
2026-05-08 21:37:14,MU,kaggle,2014-12-30,-0.0036588026423945,-0.0011064507425993,0.0073109026998281
2026-05-08 21:37:14,MU,kaggle,2014-12-31,-0.0110170391959049,0.0020596391681434,0.0072336923331022
2026-05-08 21:37:14,MU,kaggle,2015-01-02,-0.0074264019993764,0.009659423419456,0.0071497280150651
2026-05-08 21:37:14,MU,kaggle,2015-01-05,-0.0279137041928957,0.0025947185429089,0.0070021990686655
2026-05-08 21:37:14,MU,kaggle,2015-01-06,-0.0269390136263069,0.0056942569713008,0.0068277576938271
2026-05-08 21:37:14,MU,kaggle,2015-01-07,-0.023425630750987,0.0058115934131219,0.0067963330075144
2026-05-08 21:37:14,MU,kaggle,2015-01-08,0.0489096501387671,0.0039220883102853,0.0067020296119153
2026-05-08 21:37:14,MU,kaggle,2015-01-09,-0.0041579862566658,0.006940271847278,0.0065956390462815
2026-05-08 21:37:14,MU,kaggle,2015-01-12,-0.0557709215617209,0.0029722207384309,0.0065502249635756
2026-05-08 21:37:14,MU,kaggle,2015-01-13,-0.0259001799992505,0.0033313459924609,0.0064674885943531
2026-05-08 21:37:14,MU,kaggle,2015-01-14,-0.0256161125686976,0.0021467846118025,0.0063804178498685
2026-05-08 21:37:14,MU,kaggle,2015-01-15,-0.0249584032958984,-0.0002987892940318,0.00623369961977
2026-05-08 21:37:14,MU,kaggle,2015-01-16,-0.0105801868264309,-0.0021539965374516,0.0062162289395928
2026-05-08 21:37:14,MU,kaggle,2015-01-20,0.0234563749756646,0.0075054814377323,0.0062652602791786
2026-05-08 21:37:14,MU,kaggle,2015-01-21,0.0276373337619029,0.003772736127549,0.0063513382337987
2026-05-08 21:37:14,MU,kaggle,2015-01-22,0.0131190430151848,0.0023095371561361,0.0065386407077312
2026-05-08 21:37:14,MU,kaggle,2015-01-23,0.0019424206693612,0.0044981157798062,0.0066886059939861
2026-05-08 21:37:14,MU,kaggle,2015-01-26,0.0022617025233822,0.002497174330446,0.0068957936018705
2026-05-08 21:37:14,MU,kaggle,2015-01-27,-0.0441650812061968,-0.0032846237571641,0.0069589708000421
2026-05-08 21:37:14,MU,kaggle,2015-01-28,-0.0185497215560439,-0.0002642432307667,0.0071388450451195
2026-05-08 21:37:14,MU,kaggle,2015-01-29,0.0209621544675773,0.006200144489868,0.0070042982697486
2026-05-08 21:37:14,MU,kaggle,2015-01-30,-0.0148097825738049,0.0051052151138522,0.0067923362366855
2026-05-08 21:37:14,MU,kaggle,2015-02-02,-0.028356676143676,0.0021698776547399,0.0066995183005928
2026-05-08 21:37:14,MU,kaggle,2015-02-03,0.0179324971626178,0.0080624619236557,0.0066176448017358
2026-05-08 21:37:14,MU,kaggle,2015-02-04,0.0027633824386099,0.0062628606269273,0.0064985575154423
2026-05-08 21:37:14,MU,kaggle,2015-02-05,0.0158456449738999,0.0011356600348771,0.0063532730564475
2026-05-08 21:37:14,MU,kaggle,2015-02-06,-0.0196676815261996,0.0035525703954163,0.006212837062776
2026-05-08 21:37:14,MU,kaggle,2015-02-09,-0.0193704416775537,0.0083537651327452,0.0060831187292933
2026-05-08 21:37:14,MU,kaggle,2015-02-10,0.0966490206084476,-0.0020824495142265,0.0059751160442829
2026-05-08 21:37:14,MU,kaggle,2015-02-11,-0.0022515179955182,-0.0001222214137384,0.0059276740066707
2026-05-08 21:37:14,MU,kaggle,2015-02-12,0.0296582869992734,-0.0046806482826806,0.0059517985209822
2026-05-08 21:37:14,MU,kaggle,2015-02-13,-0.0028177880739833,-0.0033856461944451,0.0059889340773224
2026-05-08 21:37:14,MU,kaggle,2015-02-17,0.0150706889744411,-0.003510820620184,0.0059795752167701
2026-05-08 21:37:14,MU,kaggle,2015-02-18,-0.0049490768031965,-0.0015260390054962,0.0060345865786075
2026-05-08 21:37:14,MU,kaggle,2015-02-19,-0.0111905105220194,-0.0018739077058888,0.0059776678681373
2026-05-08 21:37:14,MU,kaggle,2015-02-20,0.0069160426610517,0.0024965377272348,0.0059436028823256
2026-05-08 21:37:14,MU,kaggle,2015-02-23,-0.0196690348041415,0.0018229770147956,0.0060928929597139
2026-05-08 21:37:14,MU,kaggle,2015-02-24,-0.0200636677840854,0.0018657785395835,0.0062851309776306
2026-05-08 21:37:14,MU,kaggle,2015-02-25,-0.0094247939945731,0.0070382839458321,0.0068174628540873
2026-05-08 21:37:14,MU,kaggle,2015-02-26,0.0045932184743988,0.0027951725832273,0.0068080429919064
2026-05-08 21:37:14,MU,kaggle,2015-02-27,0.0016328946992216,0.0063744942208049,0.0067933578975498
2026-05-08 21:37:14,MU,kaggle,2015-03-02,0.0185849264234203,-0.0012491571650889,0.0066195605322718
2026-05-08 21:37:14,MU,kaggle,2015-03-03,-0.0505761823073631,0.0062152526561973,0.0063183084130287
2026-05-08 21:37:14,MU,kaggle,2015-03-04,-0.0131490017415649,-0.0014166244492198,0.0061857942491769
2026-05-08 21:37:14,MU,kaggle,2015-03-05,0.0003416545516037,0.0017962192613871,0.0062121842056512
2026-05-08 21:37:14,MU,kaggle,2015-03-06,-0.0266393670885828,-0.0001384948585593,0.0063057425431907
2026-05-08 21:37:14,MU,kaggle,2015-03-09,0.0056140297337581,0.0003383568024934,0.0064744618721306
2026-05-08 21:37:14,MU,kaggle,2015-03-10,-0.0366364006507613,-0.0034181799850106,0.0066259037703275
2026-05-08 21:37:14,MU,kaggle,2015-03-11,0.0097790128376098,0.0033652243682886,0.0069832559674978
2026-05-08 21:37:14,MU,kaggle,2015-03-12,0.0050215674752991,0.0125547758973484,0.00703583098948
2026-05-08 21:37:14,MU,kaggle,2015-03-13,0.0249821143524238,0.0006050654513141,0.0071785990148782
2026-05-08 21:37:14,MU,kaggle,2015-03-16,-0.0073119460130003,0.0087300512356525,0.0073545281775295
2026-05-08 21:37:14,MU,kaggle,2015-03-17,-0.0298141134565351,-0.0018496534348899,0.0074268989264965
2026-05-08 21:37:14,MU,kaggle,2015-03-18,0.0180766450744134,0.0042020780299948,0.0074207950383424
2026-05-08 21:37:14,MU,kaggle,2015-03-19,-0.0039062716955827,0.0071495505600396,0.00739377271384
2026-05-08 21:37:14,MU,kaggle,2015-03-20,0.0224599317379965,0.0054179184955815,0.0072595700621604
2026-05-08 21:37:14,MU,kaggle,2015-03-23,-0.0230125467360263,-0.0019231749118387,0.0069083105772733
2026-05-08 21:37:14,MU,kaggle,2015-03-24,-0.0021413765992424,0.0038569585492187,0.0062586073763668
2026-05-08 21:37:14,MU,kaggle,2015-03-25,-0.0497138567654804,0.004586691377434,0.0067126797512173
2026-05-08 21:37:14,MU,kaggle,2015-03-26,0.0033872846677307,0.0019862149233487,0.0063795000314712
2026-05-08 21:37:14,MU,kaggle,2015-03-27,0.0007502047216108,0.0073082921552371,0.0063142185099422
2026-05-08 21:37:14,MU,kaggle,2015-03-30,0.0,0.0042624466148079,0.0062579773366451
2026-05-08 21:37:14,MU,kaggle,2015-03-31,0.0168665236298188,0.0019469357052498,0.0062215919606387
2026-05-08 21:37:14,MU,kaggle,2015-04-01,0.0,0.0009630888362293,0.0062345736660063
2026-05-08 21:37:14,MU,kaggle,2015-04-02,-0.0147438124181265,0.0069124295013613,0.0062501579523086
2026-05-08 21:37:14,MU,kaggle,2015-04-06,0.0261878329565017,7.229094745968973e-05,0.006219174247235
2026-05-08 21:37:14,MU,kaggle,2015-04-07,-0.0204155836570193,-0.0018186921473945,0.0062606306746602
2026-05-08 21:37:14,MU,kaggle,2015-04-08,0.0096761560629941,0.0008545299618907,0.0062023387290537
2026-05-08 21:37:14,MU,kaggle,2015-04-09,0.0254331203612951,-0.0068725871217843,0.0061056287959218
2026-05-08 21:37:14,MU,kaggle,2015-04-10,0.0071891001126309,0.0046377169766106,0.0060720774345099
2026-05-08 21:37:14,MU,kaggle,2015-04-13,-0.0049964773272613,0.0019691119127029,0.0061422185972332
2026-05-08 21:37:14,MU,kaggle,2015-04-14,-0.005738875617947,0.0025294606986754,0.0061889463104307
2026-05-08 21:37:14,MU,kaggle,2015-04-15,0.0162337941589578,-0.0019049688937656,0.0065890769474208
2026-05-08 21:37:14,MU,kaggle,2015-04-16,-0.0056797957748944,0.001978023888228,0.0065440526232123
2026-05-08 21:37:14,MU,kaggle,2015-04-17,0.0003570235201757,0.0002410679813144,0.0065867155790328
2026-05-08 21:37:14,MU,kaggle,2015-04-20,0.008565302184057,0.0052146027282303,0.0067077483981847
2026-05-08 21:37:14,MU,kaggle,2015-04-21,0.010261819031492,0.006145498442103,0.0066128661856055
2026-05-08 21:37:14,MU,kaggle,2015-04-22,0.0332749838292907,0.0006942574274902,0.0066261235624551
2026-05-08 21:37:14,MU,kaggle,2015-04-23,0.0006779816191075,-0.0002897373411075,0.006427795626223
2026-05-08 21:37:14,MU,kaggle,2015-04-24,-0.0108400978950546,-0.0004144509339981,0.0063631841912865
2026-05-08 21:37:14,MU,kaggle,2015-04-27,0.0023972497601116,0.0013567087427374,0.0063573117367923
2026-05-08 21:37:14,MU,kaggle,2015-04-28,-0.009566131953074,-0.0031011182389817,0.006343328859657
2026-05-08 21:37:14,MU,kaggle,2015-04-29,-0.0041393215878641,0.0048430869980533,0.0063283997587859
2026-05-08 21:37:14,MU,kaggle,2015-04-30,-0.0256322014878904,-0.000869306503599,0.006248322315514
2026-05-08 21:37:14,MU,kaggle,2015-05-01,0.0305723653042628,0.0003633987984249,0.0063287978991866
2026-05-08 21:37:14,MU,kaggle,2015-05-04,-0.0110382786254115,0.0028520412623377,0.0064378641545772
2026-05-08 21:37:14,MU,kaggle,2015-05-05,-0.0219741597171295,0.0050020126029508,0.0066928854212164
2026-05-08 21:37:14,MU,kaggle,2015-05-06,-0.0017832076596506,-0.0015028215599242,0.006739892065525
2026-05-08 21:37:14,MU,kaggle,2015-05-07,-0.0257234483473427,0.0084942581414727,0.0069886790588498
2026-05-08 21:37:14,MU,kaggle,2015-05-08,-0.0033003355730515,0.0013911053655593,0.0068557411432266
2026-05-08 21:37:14,MU,kaggle,2015-05-11,0.0209712909648376,0.0008946988108412,0.0068622068502008
2026-05-08 21:37:14,MU,kaggle,2015-05-12,-0.0317116814690667,0.0058080066462665,0.0068710749037563
2026-05-08 21:37:14,MU,kaggle,2015-05-13,0.0119091806784383,0.0016774691524307,0.0069220582954585
2026-05-08 21:37:14,MU,kaggle,2015-05-14,-0.0183891132835289,0.0009437274246883,0.0069552985951304
2026-05-08 21:37:14,MU,kaggle,2015-05-15,-0.0134882204251808,0.0064083809119471,0.0069518191739916
2026-05-08 21:37:14,MU,kaggle,2015-05-18,0.0163311927999145,0.0008968911253131,0.0069501921534538
2026-05-08 21:37:14,MU,kaggle,2015-05-19,-0.0168161718643697,0.0016534986724181,0.0069302013143897
2026-05-08 21:37:14,MU,kaggle,2015-05-20,0.010642367629386,0.0030176084628207,0.0068603823892772
2026-05-08 21:37:14,MU,kaggle,2015-05-21,0.0116584980881322,0.0078719708037396,0.0069344127550721
2026-05-08 21:37:14,MU,kaggle,2015-05-22,0.0159851416830345,0.0023917111836552,0.0069861682131886
2026-05-08 21:37:14,MU,kaggle,2015-05-26,-0.0003659066560465,0.002439892892257,0.0070042014122009
2026-05-08 21:37:14,MU,kaggle,2015-05-27,0.0296485898605569,0.0030387650813396,0.0069653242826461
2026-05-08 21:37:14,MU,kaggle,2015-05-28,0.0053324397566323,0.0010038222579884,0.0069156102836132
2026-05-08 21:37:14,MU,kaggle,2015-05-29,-0.0123762508122924,3.835351538941309e-05,0.0068155825138092
2026-05-08 21:37:14,MU,kaggle,2015-06-01,0.0175438512625925,0.0028389575341254,0.006631857715547
2026-05-08 21:37:14,MU,kaggle,2015-06-02,-0.0221674580955439,0.0035389034877661,0.0064493543468415
2026-05-08 21:37:14,MU,kaggle,2015-06-03,-0.0255487933944106,-0.0005959962915688,0.0063220802694559
2026-05-08 21:37:14,MU,kaggle,2015-06-04,-0.003323491611575,0.0034971441175585,0.0063371853902935
2026-05-08 21:37:14,MU,kaggle,2015-06-05,-0.0148202898081648,0.0015666214272133,0.0063319248147308
2026-05-08 21:37:14,MU,kaggle,2015-06-08,-0.0251974453722872,0.0032970103647415,0.0063340906053781
2026-05-08 21:37:14,MU,kaggle,2015-06-09,-0.0281635625033803,0.0045029889936353,0.0062946379184722
2026-05-08 21:37:14,MU,kaggle,2015-06-10,0.0,0.007422537878473,0.0062936721369624
2026-05-08 21:37:14,MU,kaggle,2015-06-11,-0.006748712691137,0.0012738885431844,0.0062394309788942
2026-05-08 21:37:14,MU,kaggle,2015-06-12,0.0043964308949002,0.0050183426547376,0.0062604597769677
2026-05-08 21:37:14,MU,kaggle,2015-06-15,-0.0354158145392189,-0.0015800510948648,0.0062683252617716
2026-05-08 21:37:14,MU,kaggle,2015-06-16,0.0,0.0034130907129695,0.0063928170129656
2026-05-08 21:37:14,MU,kaggle,2015-06-17,0.0099009807501782,0.0027293711766095,0.0065072309225797
2026-05-08 21:37:14,MU,kaggle,2015-06-18,-0.0004085060894132,-0.0031768142681578,0.0065139546059072
2026-05-08 21:37:14,MU,kaggle,2015-06-19,0.0,0.0035572817924008,0.0066258474253118
2026-05-08 21:37:14,MU,kaggle,2015-06-22,0.0065386126645614,0.0014752183434576,0.0066439416259527
2026-05-08 21:37:14,MU,kaggle,2015-06-23,-0.0056841004636104,-0.0009559439389565,0.0067429840564727
2026-05-08 21:37:14,MU,kaggle,2015-06-24,-0.0175581996404464,0.0058218567445153,0.0069751343689858
2026-05-08 21:37:14,MU,kaggle,2015-06-25,-0.0016624692047616,0.0046220643511869,0.0069998931139707
2026-05-08 21:37:14,MU,kaggle,2015-06-26,-0.1815154257810323,0.0020674375170555,0.007105404511094
2026-05-08 21:37:14,MU,kaggle,2015-06-29,-0.0473041867952099,0.0039881469339696,0.0070814108476042
2026-05-08 21:37:14,MU,kaggle,2015-06-30,0.0058729638569137,0.0137011399020807,0.0070167183876037
2026-05-08 21:37:14,MU,kaggle,2015-07-01,-0.0031846850029956,0.0085762572598959,0.0068971207365393
2026-05-08 21:37:14,MU,kaggle,2015-07-02,0.015441906154185,0.0088630324240019,0.0066807102411985
2026-05-08 21:37:14,MU,kaggle,2015-07-06,-0.0393287893026845,0.0115896291656589,0.0064847427420318
2026-05-08 21:37:14,MU,kaggle,2015-07-07,-0.006550160146491,0.0078929390666629,0.0062989778816699
2026-05-08 21:37:14,MU,kaggle,2015-07-08,-0.0313187680372817,0.0050649059379925,0.0061076013371348
2026-05-08 21:37:14,MU,kaggle,2015-07-09,-0.0272262941058164,-0.0022869918050084,0.0060336887836456
2026-05-08 21:37:14,MU,kaggle,2015-07-10,0.0244898009117238,-0.0003916553713398,0.0059847454540431
2026-05-08 21:37:14,MU,kaggle,2015-07-13,0.0022766600012593,-0.004547145368668,0.0060039265081286
2026-05-08 21:37:14,MU,kaggle,2015-07-14,0.1135718302487933,-0.0007529606013632,0.0059941057115793
2026-05-08 21:37:14,MU,kaggle,2015-07-15,-0.0367160223505067,0.0023005555862453,0.0061531141400337
2026-05-08 21:37:14,MU,kaggle,2015-07-16,0.0381154708293782,0.0062599401941306,0.0062658349052071
2026-05-08 21:37:14,MU,kaggle,2015-07-17,0.0260071500769165,-0.0048354399152286,0.006289193406701
2026-05-08 21:37:14,MU,kaggle,2015-07-20,-0.0611332702922403,0.0001253470932176,0.0063933553174138
2026-05-08 21:37:14,MU,kaggle,2015-07-21,-0.0005293927583354,0.0005873212673891,0.0064713321626186
2026-05-08 21:37:14,MU,kaggle,2015-07-22,-0.046610127112467,0.0028356928830754,0.0064604664221405
2026-05-08 21:37:14,MU,kaggle,2015-07-23,0.038888931274414,0.0087243234065563,0.0063241119496524
2026-05-08 21:37:14,MU,kaggle,2015-07-24,-0.019251368752082,0.0121228309320643,0.0062284055165946
2026-05-08 21:37:14,MU,kaggle,2015-07-27,-0.0119956004102567,-0.0001179515729785,0.0060246367938816
2026-05-08 21:37:14,MU,kaggle,2015-07-28,0.0899557994079851,-0.0013668304369119,0.0058750053867697
2026-05-08 21:37:14,MU,kaggle,2015-07-29,0.0060759918599189,0.0069019651190122,0.0054475264623761
2026-05-08 21:37:14,MU,kaggle,2015-07-30,0.001509752291386,-0.005420047635646,0.0051355306059122
2026-05-08 21:37:14,MU,kaggle,2015-07-31,-0.0698492168991858,-0.000708668425097,0.004893887322396
2026-05-08 21:37:14,MU,kaggle,2015-08-03,0.026472164508869,0.0028752329673901,0.0047392915003001
2026-05-08 21:37:14,MU,kaggle,2015-08-04,0.000526327835886,-0.0140030519079417,0.0046878475695848
2026-05-08 21:37:14,MU,kaggle,2015-08-05,-0.0052604092722626,-0.0106496438746358,0.0047889156267046
2026-05-08 21:37:14,MU,kaggle,2015-08-06,-0.0100476221888293,0.0053805853033885,0.004959222394973
2026-05-08 21:37:14,MU,kaggle,2015-08-07,-0.0149572002973915,-0.0075402284456666,0.004562250804156
2026-05-08 21:37:14,MU,kaggle,2015-08-10,0.0206073291627495,0.003886534071516,0.0076919696293771
2026-05-08 21:37:14,MU,kaggle,2015-08-11,-0.0499468942242401,0.0071483058124502,0.0066033680923283
2026-05-08 21:37:14,MU,kaggle,2015-08-12,0.0173378852260372,0.0083140823497276,0.0066057634539902
2026-05-08 21:37:14,MU,kaggle,2015-08-13,-0.026937864581187,-0.0005892803696273,0.0068396478891372
2026-05-08 21:37:14,MU,kaggle,2015-08-14,-0.0423728795294948,0.0038781505200799,0.0070552690885961
2026-05-08 21:37:14,MU,kaggle,2015-08-17,0.015929117301598,0.0064674396317319,0.0074614998884499
2026-05-08 21:37:14,MU,kaggle,2015-08-18,-0.0487804986110801,0.0046649028017147,0.0074468972161412
2026-05-08 21:37:14,MU,kaggle,2015-08-19,-0.0293040028589272,0.0053113890385829,0.0073869656771421
2026-05-08 21:37:14,MU,kaggle,2015-08-20,-0.0729559669963899,-0.0014627367087009,0.0069306166842579
2026-05-08 21:37:14,MU,kaggle,2015-08-21,-0.0142469498919837,0.0070177949967395,0.0064709712751209
2026-05-08 21:37:14,MU,kaggle,2015-08-24,-0.0061940918266959,0.0083872728733706,0.0059444024227559
2026-05-08 21:37:14,MU,kaggle,2015-08-25,-0.0117727927672914,0.0026678123885115,0.0066847228445112
2026-05-08 21:37:14,MU,kaggle,2015-08-26,0.0105115356495075,0.012600831558304,0.0065561775118112
2026-05-08 21:37:14,MU,kaggle,2015-08-27,0.086685159042056,0.0048980658299938,0.0066721020266413
2026-05-08 21:37:14,MU,kaggle,2015-08-28,0.0185066981774779,0.0045583775410306,0.0067892367951571
2026-05-08 21:37:14,MU,kaggle,2015-08-31,0.0281954767036067,-0.0055418386982428,0.007284325081855
2026-05-08 21:37:14,MU,kaggle,2015-09-01,-0.03595369640914,0.0020249185384017,0.00705052819103
2026-05-08 21:37:14,MU,kaggle,2015-09-02,0.0297093065593985,0.000489366028642,0.0069987988099455
2026-05-08 21:37:14,MU,kaggle,2015-09-03,0.0184161583916544,-0.002883976409361,0.0067483359016478
2026-05-08 21:37:14,MU,kaggle,2015-09-04,0.0138637456371844,-0.002399769640009,0.0064114523120224
2026-05-08 21:37:14,MU,kaggle,2015-09-08,0.042211712526949,0.0020007980122907,0.0059196706861257
2026-05-08 21:37:14,MU,kaggle,2015-09-09,-0.0325157775154614,0.0044068675784488,0.0063240239396691
2026-05-08 21:37:14,MU,kaggle,2015-09-10,0.0141510431263245,0.0021002986295745,0.0061873900704085
2026-05-08 21:37:14,MU,kaggle,2015-09-11,-0.0232559016358174,0.0096147421723913,0.0060713626444339
2026-05-08 21:38:52,MU,live,2025-05-16,0.0267155187250198,-0.0192169987369044,-0.0091740395873785
2026-05-08 21:38:52,MU,live,2025-05-19,0.0066327032678825,-0.0056072869424648,-0.0037984016817063
2026-05-08 21:38:52,MU,live,2025-05-20,-0.0055753855399373,0.0134907025370312,9.32975672185421e-06
2026-05-08 21:38:52,MU,live,2025-05-21,-0.02303768993046,0.0043763578326065,-0.0011127111501991
2026-05-08 21:38:52,MU,live,2025-05-22,-0.0105383498791847,-0.0108495455879617,0.0016743075102567
2026-05-08 21:38:52,MU,live,2025-05-23,-0.015395959169595,-0.0005433654423007,-0.008019202388823
2026-05-08 21:38:52,MU,live,2025-05-27,0.0322372020110788,0.0011061764026049,-0.0054912203922867
2026-05-08 21:38:52,MU,live,2025-05-28,-0.0020750559093111,-0.0032115158251265,-0.0053949970752
2026-05-08 21:38:52,MU,live,2025-05-29,0.0064462798220255,-0.0056840225148556,-0.0059620412066578
2026-05-08 21:38:52,MU,live,2025-05-30,-0.0241735474508654,-0.0122365249827428,-0.005031325854361
2026-05-08 21:38:52,MU,live,2025-06-02,0.039381788246541,-0.0064538700341604,-0.0029352572746574
2026-05-08 21:38:52,MU,live,2025-06-03,0.0414544567967396,-0.000273806071382,-0.0009747523581609
2026-05-08 21:38:52,MU,live,2025-06-04,0.0097799501858959,0.0018278895576074,0.001082686940208
2026-05-08 21:38:52,MU,live,2025-06-05,0.029443069882618,0.0017180827710758,-0.0006846622563898
2026-05-08 21:38:52,MU,live,2025-06-06,0.0213565974439458,-0.0061125501333478,-0.0022569759748876
2026-05-08 21:38:52,MU,live,2025-06-09,0.0220156155634896,1.8276098404262185e-05,-0.0051713632419705
2026-05-08 21:38:52,MU,live,2025-06-10,0.0287515337531145,0.0012181805347764,-0.0059366635978221
2026-05-08 21:38:52,MU,live,2025-06-11,0.0165586453502457,0.0035813252034208,-0.0046134740114212
2026-05-08 21:38:52,MU,live,2025-06-12,0.0012927789784937,-0.0017448276884931,-0.0031141417566686
2026-05-08 21:38:52,MU,live,2025-06-13,-0.0049922387933158,-0.0007173922981441,-0.0023555501829832
2026-05-08 21:38:52,MU,live,2025-06-16,0.036678254807356,0.0026166657091564,-0.002036056946963
2026-05-08 21:38:52,MU,live,2025-06-17,0.0041721973483359,0.001117918906247,-0.0025194697082042
2026-05-08 21:38:52,MU,live,2025-06-18,0.0122985300980156,0.0024801131235277,-0.0010058748302981
2026-05-08 21:38:52,MU,live,2025-06-20,0.0146116566931777,-0.0086216020200135,0.0002571765799075
2026-05-08 21:38:52,MU,live,2025-06-23,-0.0122976920967963,-0.0003013307751675,0.0003286716528236
2026-05-08 21:38:52,MU,live,2025-06-24,0.0477555681680079,0.0033339018330388,6.715930067002773e-05
2026-05-08 21:38:52,MU,live,2025-06-25,-0.0051598812224651,-0.0021436147794413,0.0003223868552595
2026-05-08 21:38:52,MU,live,2025-06-26,-0.0098231969981039,-0.0059140587499738,-0.0032814489677548
2026-05-08 21:38:52,MU,live,2025-06-27,-0.0098411988369492,-0.0091391734884569,-0.0053062550723552
2026-05-08 21:38:52,MU,live,2025-06-30,-0.0121032923968775,-0.0041988244049472,-0.004753952845931
2026-05-08 21:38:52,MU,live,2025-07-01,-0.0191481186951043,-0.0019513952224554,-0.0051673939451575
2026-05-08 21:38:52,MU,live,2025-07-02,0.0070312389292748,0.0016285454087679,-0.0066643496975302
2026-05-08 21:38:52,MU,live,2025-07-03,0.0045177962235627,-0.0059771901207769,-0.0070151332765817
2026-05-08 21:38:52,MU,live,2025-07-07,-0.0184571244998363,-0.0057673346741611,-0.0065148398280143
2026-05-08 21:38:52,MU,live,2025-07-08,0.0375249914305992,0.0036821578809216,-0.0052942968904972
2026-05-08 21:38:52,MU,live,2025-07-09,-0.0175212407938444,-0.0012539328610955,-0.0043707299046218
2026-05-08 21:38:52,MU,live,2025-07-10,0.0071171203098787,0.0031362895093752,-0.0034371067304164
2026-05-08 21:38:52,MU,live,2025-07-11,0.011534427024717,-0.0064316225616949,-0.0040116808377206
2026-05-08 21:38:52,MU,live,2025-07-14,-0.0475388077377972,-0.0030464273565125,-0.002988556632772
2026-05-08 21:38:52,MU,live,2025-07-15,0.0126465447782404,0.0046689037648622,-0.0017665446503087
2026-05-08 21:38:52,MU,live,2025-07-16,-0.0306386387797444,0.0005724190163664,0.0001113162143155
2026-05-08 21:38:52,MU,live,2025-07-17,-0.0272265807077697,0.0076479533778076,-0.0006784480065107
2026-05-08 21:38:52,MU,live,2025-07-18,0.0099769922582113,0.0010864977957573,-0.0014906449941918
2026-05-08 21:38:52,MU,live,2025-07-21,-0.010140731766714,0.0075777800540809,-0.0010642139241099
2026-05-08 21:38:52,MU,live,2025-07-22,-0.0354146306770162,0.0061341572452445,-0.0015951837413012
2026-05-08 21:38:52,MU,live,2025-07-23,0.0055851223460716,0.0078331811590031,-0.0019182218238711
2026-05-08 21:38:52,MU,live,2025-07-24,0.0172993939872891,0.0024942523503132,-0.0023712546098977
2026-05-08 21:38:52,MU,live,2025-07-25,-0.0042065295645571,-0.0011781031814917,-0.0031594450119882
2026-05-08 21:38:52,MU,live,2025-07-28,-8.989185645702502e-05,0.0080722177337841,-0.0032357599120587
2026-05-08 21:38:52,MU,live,2025-07-29,0.006381934082124,-0.0029955013751593,-0.0026345695368945
2026-05-08 21:38:52,MU,live,2025-07-30,0.0248302835393288,0.0023790049269151,-0.0021120638120919
2026-05-08 21:38:52,MU,live,2025-07-31,-0.0488060191471099,0.0025749771746112,-0.0032776347361505
2026-05-08 21:38:52,MU,live,2025-08-01,-0.0390323197150471,0.0057282011739852,-0.003171470714733
2026-05-08 21:38:52,MU,live,2025-08-04,0.0275552830009717,0.0016007350153782,-0.003499714192003
2026-05-08 21:38:52,MU,live,2025-08-05,0.0119698723084589,0.0044620803580908,-0.0039390064775943
2026-05-08 21:38:52,MU,live,2025-08-06,-0.0025673952641165,0.0142743403973253,-0.0037872563116252
2026-05-08 21:38:52,MU,live,2025-08-07,0.0284060527262335,0.0012768686653791,-0.0062751569785177
2026-05-08 21:38:52,MU,live,2025-08-08,0.062751318487233,0.0007908769210829,-0.0062952423468232
2026-05-08 21:38:52,MU,live,2025-08-11,0.0406258227927496,-0.0025566099248896,-0.0060447826981544
2026-05-08 21:38:52,MU,live,2025-08-12,0.0325735644855975,0.0052558132899165,-0.0056743267923593
2026-05-08 21:38:52,MU,live,2025-08-13,-0.0272407838500848,-0.0008087259091518,-0.0049785855226218
2026-05-08 21:38:52,MU,live,2025-08-14,0.0082080129772939,-0.0100448384288323,-0.0042776768095791
2026-05-08 21:38:52,MU,live,2025-08-15,-0.0352781646931492,-0.0022869911729829,-0.0045426515862345
2026-05-08 21:38:52,MU,live,2025-08-18,0.0221726455553759,0.002742620228401,-0.0046127568930387
2026-05-08 21:38:52,MU,live,2025-08-19,-0.0121408865771047,0.0042173873928416,-0.0043592797592282
2026-05-08 21:38:52,MU,live,2025-08-20,-0.0396559217921894,-1.4811840580733263e-05,-0.0063064652495086
2026-05-08 21:38:52,MU,live,2025-08-21,-0.0121149708464854,0.0006084754307644,-0.0063116769306361
2026-05-08 21:38:52,MU,live,2025-08-22,0.0163227093765507,-0.0023853281133034,-0.0073667084798216
2026-05-08 21:38:52,MU,live,2025-08-25,-0.0107070383753494,0.0058424071812605,-0.0079414416104555
2026-05-08 21:38:52,MU,live,2025-08-26,0.0006871955536984,-0.0031113695713444,-0.007023483980447
2026-05-08 21:38:52,MU,live,2025-08-27,0.0107296387850703,-0.0073674482914552,-0.0077289179898798
2026-05-08 21:38:52,MU,live,2025-08-28,0.0360933588824405,-0.0102126095804227,-0.0067559010349214
2026-05-08 21:38:52,MU,live,2025-08-29,-0.0245081685649359,-0.0063070597793909,-0.0061121718026697
2026-05-08 21:38:52,MU,live,2025-09-02,-0.0044533745481429,-0.0013940532969153,-0.0065402146428823
2026-05-08 21:38:52,MU,live,2025-09-03,0.0020255484796423,-0.0055383613347966,-0.0057700416073203
2026-05-08 21:38:52,MU,live,2025-09-04,0.0462432845865392,-0.0024267883727409,-0.0045277089811861
2026-05-08 21:38:52,MU,live,2025-09-05,0.0576442049339898,0.0034664764737916,-0.0048249857500195
2026-05-08 21:38:52,MU,live,2025-09-08,0.0006853562334441,0.0111498827990978,-0.0056283399462699
2026-05-08 21:38:52,MU,live,2025-09-09,0.0287539720705192,0.0040401308595631,-0.0056486902758479
2026-05-08 21:38:52,MU,live,2025-09-10,0.0351966408172967,-0.0046312935744129,-0.0058269314467906
2026-05-08 21:38:52,MU,live,2025-09-11,0.0754999019291844,-0.0037961726641428,-0.0062410314567387
2026-05-08 21:38:52,MU,live,2025-09-12,0.0442318828577743,0.0047679437371468,-0.0062000742182135
2026-05-08 21:38:52,MU,live,2025-09-15,0.0034345404617128,0.0024198055468757,-0.0034324291627854
2026-05-08 21:38:52,MU,live,2025-09-16,0.0066552480213826,-0.0113504930740902,-0.0011748841498047
2026-05-08 21:38:52,MU,live,2025-09-17,0.0073668280295078,-0.0070811556891923,-0.0011499479878693
2026-05-08 21:38:52,MU,live,2025-09-18,0.055628446960352,0.0038547633808191,-0.0003076277207583
2026-05-08 21:38:52,MU,live,2025-09-19,-0.0364734592807421,0.0050431908044089,0.0006567875389009
2026-05-08 21:38:52,MU,live,2025-09-22,0.0116143706661735,0.0023354640749764,-0.0001540522789582
2026-05-08 21:38:52,MU,live,2025-09-23,0.0108734830577268,-0.0132173942748752,-0.0034189601428806
2026-05-08 21:38:52,MU,live,2025-09-24,-0.0282434120560026,-0.0041220280077661,-0.0057611581869423
2026-05-08 21:38:52,MU,live,2025-09-25,-0.0301774481425511,-0.0002394264707058,-0.0073868134059011
2026-05-08 21:38:52,MU,live,2025-09-26,0.0028055795898322,-0.00781959698029,-0.0069869407452642
2026-05-08 21:38:52,MU,live,2025-09-29,0.042156590115308,-0.0105609205631245,-0.0074398061260581
2026-05-08 21:38:52,MU,live,2025-09-30,0.020866536028222,-0.013100513178828,-0.0068300953134894
2026-05-08 21:38:52,MU,live,2025-10-01,0.0886324025105584,-1.451914080436334e-05,-0.0079559758305549
2026-05-08 21:38:52,MU,live,2025-10-02,0.0087840816571358,-0.0112581633472221,-0.0071363030001521
2026-05-08 21:38:52,MU,live,2025-10-03,0.0228442205070991,-0.0054316638299597,-0.005609706044197
2026-05-08 21:38:52,MU,live,2025-10-06,0.0166640256355365,-0.0125548456120173,-0.0049973730929195
2026-05-08 21:38:52,MU,live,2025-10-07,-0.0275973797483903,-0.0058057388566992,-0.0052009201608598
2026-05-08 21:38:52,MU,live,2025-10-08,0.0584306342489464,0.0070306029275207,-0.0043556494638323
2026-05-08 21:38:52,MU,live,2025-10-09,-0.0214205510139716,-0.0047300265283278,-0.0039623444899916
2026-05-08 21:38:52,MU,live,2025-10-10,-0.0557895176477856,0.0033210075787354,-0.0038911434821784
2026-05-08 21:38:52,MU,live,2025-10-13,0.061508790790357,-0.0071781312204931,-0.0039569931104779
2026-05-08 21:38:52,MU,live,2025-10-14,-0.0296208420046946,0.0053781724041155,-0.0016782968305051
2026-05-08 21:38:52,MU,live,2025-10-15,0.0260879461268355,0.0110174552194597,0.0001358645968139
2026-05-08 21:38:52,MU,live,2025-10-16,0.0551735194476401,0.0042437637037651,0.0015079649165272
2026-05-08 21:38:52,MU,live,2025-10-17,-0.0007406080873467,-0.0064650625189985,0.0009413107763975
2026-05-08 21:38:52,MU,live,2025-10-20,0.0216918587352656,-0.0070708589084964,9.923696052283049e-05
2026-05-08 21:38:52,MU,live,2025-10-21,-0.0216666978096073,0.0024651187026628,0.0015744301490485
2026-05-08 21:38:52,MU,live,2025-10-22,-0.0188836810842648,-0.0066093239872578,0.0015991032123565
2026-05-08 21:38:52,MU,live,2025-10-23,0.0415176168943918,-0.0037965960367343,0.0008662939071655
2026-05-08 21:38:52,MU,live,2025-10-24,0.0595520468328778,-0.005551490777947,-0.0023832395672798
2026-05-08 21:38:52,MU,live,2025-10-27,0.0049310152913071,0.0026118761280558,-0.0040154196321964
2026-05-08 21:38:52,MU,live,2025-10-28,0.0082235716901482,0.0057896321049888,-0.0038498542271554
2026-05-08 21:38:52,MU,live,2025-10-29,0.0212698720958615,-0.0061709752639602,-0.0039699226617813
2026-05-08 21:38:52,MU,live,2025-10-30,-0.0115606994842115,-0.0003914232469632,-0.004520864225924
2026-05-08 21:38:52,MU,live,2025-10-31,-0.0010714021058136,0.0037212323589565,-0.0066868988797068
2026-05-08 21:38:52,MU,live,2025-11-03,0.048844826963758,-0.0007207883556789,-0.0055310195311903
2026-05-08 21:38:52,MU,live,2025-11-04,-0.0710268812474655,-0.0088546531293464,-0.005751384422183
2026-05-08 21:38:52,MU,live,2025-11-05,0.0892997052751669,-0.0068922569725104,-0.0050448728725314
2026-05-08 21:38:52,MU,live,2025-11-06,0.0034947314110831,9.092954995675724e-05,-0.002401047386229
2026-05-08 21:38:52,MU,live,2025-11-07,-0.001720391441115,-0.0021167627472584,0.0001163774868473
2026-05-08 21:38:52,MU,live,2025-11-10,0.064643608520257,0.0060601457290164,0.0013538098428398
2026-05-08 21:38:52,MU,live,2025-11-11,-0.0481247600095426,-0.0039477609531137,0.0006087236106395
2026-05-08 21:38:52,MU,live,2025-11-12,0.0157189744274441,-0.001756239000929,0.0003786797169595
2026-05-08 21:38:52,MU,live,2025-11-13,-0.0324622231667314,0.0007037730086915,-0.0036300013307482
2026-05-08 21:38:52,MU,live,2025-11-14,0.0416965982008468,-0.0045938178899765,-0.003887782106176
2026-05-08 21:38:52,MU,live,2025-11-17,-0.0197707358610558,-0.0035630453097741,-0.0048285545781254
2026-05-08 21:38:52,MU,live,2025-11-18,-0.0555899828420407,0.0026100352241809,-0.0049647549167275
2026-05-08 21:38:52,MU,live,2025-11-19,-0.0112910533252714,-0.0088343256148102,-0.0040925429202616
2026-05-08 21:38:52,MU,live,2025-11-20,-0.1086667371020594,-0.0019931070858125,-0.0060042878612875
2026-05-08 21:38:52,MU,live,2025-11-21,0.0297958853084563,0.009086544715703,-0.0037850674707442
2026-05-08 21:38:52,MU,live,2025-11-24,0.0798572325754576,-0.0045573990095481,-0.0014262737240642
2026-05-08 21:38:52,MU,live,2025-11-25,0.0026794622525896,0.0106782014563884,-0.0030482411384582
2026-05-08 21:38:52,MU,live,2025-11-26,0.0255199052145596,-0.0002835641419886,-0.0014587896876037
2026-05-08 21:38:52,MU,live,2025-11-28,0.0270129953850972,-0.000992852839938,-0.0022964614909142
2026-05-08 21:38:52,MU,live,2025-12-01,0.0168301454486512,-0.0105300701764129,-0.004308408126235
2026-05-08 21:38:52,MU,live,2025-12-02,-0.0040338990542753,0.0027937627151512,-0.0037334936205297
2026-05-08 21:38:52,MU,live,2025-12-03,-0.0222556130351107,0.0031162305550611,-0.0034431484527885
2026-05-08 21:38:52,MU,live,2025-12-04,-0.0320721500277305,-0.0076192583106267,-0.0014331405982375
2026-05-08 21:38:52,MU,live,2025-12-05,0.046635781650387,0.0143531451107905,5.968951154500246e-05
2026-05-08 21:38:52,MU,live,2025-12-08,0.0408903357267187,0.0006112896246233,-0.0013791701057925
2026-05-08 21:38:52,MU,live,2025-12-09,0.0222744118278994,0.020437697924683,-0.0037476557772606
2026-05-08 21:38:52,MU,live,2025-12-10,0.0447269772901195,0.0029493000024791,-0.003526495071128
2026-05-08 21:38:52,MU,live,2025-12-11,-0.0199081969096603,-0.0067004439972639,-0.0036604288034141
2026-05-08 21:38:52,MU,live,2025-12-12,-0.0670122645984362,0.0078325823129066,-0.0037438771687448
2026-05-08 21:38:52,MU,live,2025-12-15,-0.015094928948947,-0.0061844726710385,-0.002590571064502
2026-05-08 21:38:52,MU,live,2025-12-16,-0.0210105695852785,0.0025896724011458,-0.0018793216440826
2026-05-08 21:38:52,MU,live,2025-12-17,-0.0300631990618727,-0.0082696471483249,-0.0022620246745646
2026-05-08 21:38:52,MU,live,2025-12-18,0.1021195385246811,-0.0005540450104116,0.0004760372685268
2026-05-08 21:38:52,MU,live,2025-12-19,0.0698852844246569,0.001289894600374,-0.0038473869208246
2026-05-08 21:38:52,MU,live,2025-12-22,0.040124895336697,0.0022599893942733,-0.0040770824998617
2026-05-08 21:38:52,MU,live,2025-12-23,-0.001157043793964,0.0046355921525467,-0.0044124331325292
2026-05-08 21:38:52,MU,live,2025-12-24,0.0376806492699737,-0.0151277740408618,-0.0074107553809881
2026-05-08 21:38:52,MU,live,2025-12-26,-0.0065926615196745,-0.0046252300192448,-0.0065099066123366
2026-05-08 21:38:52,MU,live,2025-12-29,0.0340563391580335,0.0026230444026179,-0.007555519696325
2026-05-08 21:38:52,MU,live,2025-12-30,-0.0059109927476693,-0.0038037790883868,-0.0076644578948616
2026-05-08 21:38:52,MU,live,2025-12-31,-0.0246727317096429,-0.0112703218250012,-0.0100076887756586
2026-05-08 21:38:52,MU,live,2026-01-02,0.1051470050237537,-0.0101571495112,-0.0086654126644134
2026-05-08 21:38:52,MU,live,2026-01-05,-0.0103671904030289,-0.004119823146997,-0.0062635061331093
2026-05-08 21:38:52,MU,live,2026-01-06,0.1002081720335876,0.0174026128993188,-0.0028955920133739
2026-05-08 21:38:52,MU,live,2026-01-07,-0.0112977504776514,0.0025976123016204,0.0007995977066457
2026-05-08 21:38:52,MU,live,2026-01-08,-0.0369018159270946,-0.0074454312736892,0.0002863290719687
2026-05-08 21:38:52,MU,live,2026-01-09,0.0552566446005435,-0.0050486691624703,-0.0030546972993761
2026-05-08 21:38:52,MU,live,2026-01-12,0.0022602526850674,-0.0067974901033455,-0.0029977527447044
2026-05-08 21:38:52,MU,live,2026-01-13,-0.0223783663257658,-0.0006522788768617,-0.0041653215885162
2026-05-08 21:38:52,MU,live,2026-01-14,-0.0141365507827359,-0.0182941597387484,-0.0053015132434666
2026-05-08 21:38:52,MU,live,2026-01-15,0.0098395164373246,-0.0118678544412299,-0.0056041181087493
2026-05-08 21:38:52,MU,live,2026-01-16,0.0775926305498064,-0.0094181423495861,-0.0045493799261748
2026-05-08 21:38:52,MU,live,2026-01-20,0.0062026152872831,0.015362807079347,-0.0026099442038685
2026-05-08 21:38:52,MU,live,2026-01-21,0.0660547315508153,0.0018003305554386,-0.0010893669677898
2026-05-08 21:38:52,MU,live,2026-01-22,0.0217675917194835,-0.0089936803260882,-0.003335392801091
2026-05-08 21:38:52,MU,live,2026-01-23,0.0052065551513811,-0.0063529833667911,-0.0056121041998267
2026-05-08 21:38:52,MU,live,2026-01-26,-0.0264231374967227,-0.0096478150500891,-0.0073506203480064
2026-05-08 21:38:52,MU,live,2026-01-27,0.0543575908596964,-0.0034918624924147,-0.0092899585142731
2026-05-08 21:38:52,MU,live,2026-01-28,0.0610375051936433,-0.0188536898879164,-0.0070269922725856
2026-05-08 21:38:52,MU,live,2026-01-29,0.0011716832666235,-0.0039923908644447,-0.003751830663532
2026-05-08 21:38:52,MU,live,2026-01-30,-0.04798188254691,-0.0025278833862146,-0.0010724300518631
2026-05-08 21:38:52,MU,live,2026-02-02,0.0552448771546623,0.0046699415552239,0.0019648512825369
2026-05-08 21:38:52,MU,live,2026-02-03,-0.0419368992858062,0.0062073586705854,0.0047627426683902
2026-05-08 21:38:52,MU,live,2026-02-04,-0.0954606269314876,0.001411716386525,0.0004441991914063
2026-05-08 21:38:52,MU,live,2026-02-05,0.0091987911121296,0.005861355939774,-0.0021601144690066
2026-05-08 21:38:52,MU,live,2026-02-06,0.0308181658128456,-0.0174981616044331,-0.0030983320903033
2026-05-08 21:38:52,MU,live,2026-02-09,-0.0283513685383195,0.0068097637460357,-0.0025285691954195
2026-05-08 21:38:52,MU,live,2026-02-10,-0.0267275130478644,0.0054379461165259,-0.0029979285318404
2026-05-08 21:38:52,MU,live,2026-02-11,0.0993704153279368,-0.0165586520282391,-0.0018546745413914
2026-05-08 21:38:52,MU,live,2026-02-12,0.008846330552533,-0.0052211040881008,-0.0015926531050354
2026-05-08 21:38:52,MU,live,2026-02-13,-0.0055800926790101,0.0051206803035069,0.0003957187291234
2026-05-08 21:38:52,MU,live,2026-02-17,-0.0288588123760022,0.0074283685608122,0.0025380961596965
2026-05-08 21:38:52,MU,live,2026-02-18,0.0529541814916045,-0.0085598765779142,-0.0018553426489233
2026-05-08 21:38:52,MU,live,2026-02-19,-0.0085521375339445,-0.0049133707784851,-0.0010473921429365
2026-05-08 21:38:52,MU,live,2026-02-20,0.0259254913430024,0.007862112146404,-0.0055875452235341
2026-05-08 21:38:52,MU,live,2026-02-23,-0.0168157130335073,0.0068830931639596,-0.0043420419096946
2026-05-08 21:38:52,MU,live,2026-02-24,-0.0070314122156255,-0.0039411360207025,-0.0028526694513857
2026-05-08 21:38:52,MU,live,2026-02-25,0.0262912296590609,0.0040974045121331,-0.004533496685326
2026-05-08 21:38:52,MU,live,2026-02-26,-0.0313286722642859,0.0054686374923187,-0.0032459378708153
2026-05-08 21:38:52,MU,live,2026-02-27,-0.0076763865926029,0.0147671104892968,-0.000733587949071
2026-05-08 21:38:52,MU,live,2026-03-02,0.0007275558963864,-0.0036906504751443,0.0013485439121723
2026-05-08 21:38:52,MU,live,2026-03-03,-0.0799428528856873,-0.0002622925161607,0.0022532541770488
2026-05-08 21:38:52,MU,live,2026-03-04,0.0555467014256043,0.0088234097057125,-0.0004999082884751
2026-05-08 21:38:52,MU,live,2026-03-05,-0.0092820735654893,-0.0045440464327419,-3.0895695090293884e-05
2026-05-08 21:38:52,MU,live,2026-03-06,-0.0673718736329851,0.0001876527257115,-0.0025402137544006
2026-05-08 21:38:52,MU,live,2026-03-09,0.051363788704577,-0.00325588170096,-0.0027206891681998
2026-05-08 21:38:52,MU,live,2026-03-10,0.0354206567642845,0.0019368587706341,-0.0021448000334203
2026-05-08 21:38:52,MU,live,2026-03-11,0.038649573399176,0.0040109536930329,-0.0009409277699887
2026-05-08 21:38:52,MU,live,2026-03-12,-0.0318613129930545,0.0082801652712046,-0.0040017622523009
2026-05-08 21:38:52,MU,live,2026-03-13,0.0512644074146351,-0.003197846631035,-0.0075753787532448
2026-05-08 21:38:52,MU,live,2026-03-16,0.0367727465356599,-0.0090721789027935,-0.0077584446407854
2026-05-08 21:38:52,MU,live,2026-03-17,0.0450203834294704,-0.0005482801068109,-0.0070210457779467
2026-05-08 21:38:52,MU,live,2026-03-18,8.669313309050963e-05,0.003737047939709,-0.0092263566330075
2026-05-08 21:38:52,MU,live,2026-03-19,-0.0378143692619542,0.0012543424675926,-0.0062717851251363
2026-05-08 21:38:52,MU,live,2026-03-20,-0.0481013729917674,-0.0073159028667863,-0.0032569172326475
2026-05-08 21:38:52,MU,live,2026-03-23,-0.0438637869187529,-0.0026895012904343,-0.003117631888017
2026-05-08 21:38:52,MU,live,2026-03-24,-0.0218127559001967,0.015065562627066,-0.0032036893535405
2026-05-08 21:38:52,MU,live,2026-03-25,-0.0339797233329872,0.0100780801405467,-0.0011571430368348
2026-05-08 21:38:52,MU,live,2026-03-26,-0.069695666056309,0.0035935694020742,0.0004833296407014
2026-05-08 21:38:52,MU,live,2026-03-27,0.0049513769084506,-0.0097201071228017,-0.0044610355980694
2026-05-08 21:38:52,MU,live,2026-03-30,-0.0987762030072296,0.0050231231847956,-0.0044042393565177
2026-05-08 21:38:52,MU,live,2026-03-31,0.04984465243436,0.0069627919195039,-0.0036241675261408
2026-05-08 21:38:52,MU,live,2026-04-01,0.0888290613631503,-0.0060377644062549,-0.002590385498479
2026-05-08 21:38:52,MU,live,2026-04-02,-0.0043768270828505,0.0025273645234255,-0.0050320248119533
2026-05-08 21:38:52,MU,live,2026-04-06,0.031454837916192,-0.0075036057818481,-0.005097075831145
2026-05-08 21:38:52,MU,live,2026-04-07,-0.000476554396192,-0.0039768216858789,-0.006378851365298
2026-05-08 21:38:52,MU,live,2026-04-08,0.0772022497238036,-0.0022226955003625,-0.0060966243036091
2026-05-08 21:38:52,MU,live,2026-04-09,0.0363385990216338,0.0050882219011706,-0.0066003091633319
2026-05-08 21:38:52,MU,live,2026-04-10,-0.0021826609248163,0.0089023966285577,-0.0077787130139768
2026-05-08 21:38:52,MU,live,2026-04-13,0.0141943490636591,-0.0059549934905524,-0.0069235297851264
2026-05-08 21:38:52,MU,live,2026-04-14,0.0916635557185474,0.0076368690062846,-0.0066782073117792
2026-05-08 21:38:52,MU,live,2026-04-15,-0.0202508108955473,0.0132459530375798,-0.0052259489893913
2026-05-08 21:38:52,MU,live,2026-04-16,0.002191876851411,0.0099069881459676,-0.0026210949290543
2026-05-08 21:38:52,MU,live,2026-04-17,-0.0047241073643653,-0.0011263916030682,-0.0040995539166033
2026-05-08 21:38:52,MU,live,2026-04-20,-0.014613122793097,-0.0076557342224355,-0.0018701361259445
2026-05-08 21:38:52,MU,live,2026-04-21,0.0021408309761643,0.0119734972515878,0.0012415032833814
2026-05-08 21:38:52,MU,live,2026-04-22,0.0847834921214423,-0.0037889138198756,-0.00033620884642
2026-05-08 21:38:52,MU,live,2026-04-23,-0.0118158891355784,-0.001842698828103,-0.0012213049922138
2026-05-08 21:38:52,MU,live,2026-04-24,0.0311384205803977,-0.0120928260467724,-0.0020790356211364
2026-05-08 21:38:52,MU,live,2026-04-27,0.0560476652228076,-0.0086397942706713,-0.0008682671468704
2026-05-08 21:38:52,MU,live,2026-04-28,-0.0386418886457458,-0.0037817967499593,-0.0040722861886024
2026-05-08 21:38:52,MU,live,2026-04-29,0.0280989374915845,-0.0057936933791153,-0.0072488291189074
2026-05-08 21:38:52,MU,live,2026-04-30,-0.0025075199109442,-0.0090273288737344,-0.0110506573691964
2026-05-08 21:38:52,MU,live,2026-05-01,0.0484377177835537,-0.0193665770592884,-0.0123758306726813
2026-05-08 21:38:52,MU,live,2026-05-04,0.0631489438535346,-0.0040997270084756,-0.0121537642553448
2026-05-08 21:38:52,MU,live,2026-05-05,0.1105906820192836,-0.0024388074810157,-0.0114105334505438
2026-05-08 21:38:52,MU,live,2026-05-06,0.0412215153783899,-0.0056353806015305,-0.0109641086310148
2026-05-08 21:38:52,MU,live,2026-05-07,-0.0299434752524193,-0.0077781048449509,-0.0102204633876681
2026-05-08 21:42:12,MRVL,live,2025-05-16,-0.022085972854395,-0.0190692888771702,-0.0087254894897341
2026-05-08 21:42:12,MRVL,live,2025-05-19,-0.0188204197733129,0.0069957453423431,-0.0027911441866308
2026-05-08 21:42:12,MRVL,live,2025-05-20,-0.0182226017612532,0.0179377174302939,0.0009109585662372
2026-05-08 21:42:12,MRVL,live,2025-05-21,-0.02132851165311,0.0177508550596381,7.423979695886374e-05
2026-05-08 21:42:12,MRVL,live,2025-05-22,0.0289469462629663,0.0042317497089009,-0.0014967550523579
2026-05-08 21:42:12,MRVL,live,2025-05-23,-0.0187550417776445,0.0048731622057785,-0.0068077677860856
2026-05-08 21:42:12,MRVL,live,2025-05-27,0.0515735387960578,-0.0002870178814647,-0.0036683760117739
2026-05-08 21:42:12,MRVL,live,2025-05-28,0.012065204016824,-0.0038027615975952,-0.0041227033361792
2026-05-08 21:42:12,MRVL,live,2025-05-29,-0.0133148133123852,-0.0119250282705181,-0.0039977431297302
2026-05-08 21:42:12,MRVL,live,2025-05-30,-0.0555468561362185,-0.0074604518218223,-0.0039950041100382
2026-05-08 21:42:12,MRVL,live,2025-06-02,0.0212660155230983,-0.0018018511285776,-0.0021988430526107
2026-05-08 21:42:12,MRVL,live,2025-06-03,0.0144786626713655,0.0044689817418737,0.0001450070412829
2026-05-08 21:42:12,MRVL,live,2025-06-04,0.063181548435969,0.0106218842320304,0.0028363962192088
2026-05-08 21:42:12,MRVL,live,2025-06-05,-0.0171946603552655,0.0054347803933054,0.0026985029689967
2026-05-08 21:42:12,MRVL,live,2025-06-06,0.0489563756277571,0.0019596942332111,0.0007627640734426
2026-05-08 21:42:12,MRVL,live,2025-06-09,0.0115583031212533,-0.0040705468700031,-0.0012804444413632
2026-05-08 21:42:12,MRVL,live,2025-06-10,-0.0043391789118804,-0.0034233231304175,-0.0017407967243343
2026-05-08 21:42:12,MRVL,live,2025-06-11,-0.0087158455006897,0.0098423762706799,-0.0012281676754355
2026-05-08 21:42:12,MRVL,live,2025-06-12,0.0205159347223622,-0.0022786627288781,-0.0009452479425817
2026-05-08 21:42:12,MRVL,live,2025-06-13,-0.0351809750458188,0.0030145971099976,-0.0014672747347503
2026-05-08 21:42:12,MRVL,live,2025-06-16,0.0480726195189038,-0.0060821464318205,-0.0035860480275005
2026-05-08 21:42:12,MRVL,live,2025-06-17,-0.0061062199164733,-0.0042209892557925,-0.0044814925640821
2026-05-08 21:42:12,MRVL,live,2025-06-18,0.070867237330439,-0.0036781351746744,-0.0036838219966739
2026-05-08 21:42:12,MRVL,live,2025-06-20,-0.019212830723055,-0.0029653063755475,-0.000812349608168
2026-05-08 21:42:12,MRVL,live,2025-06-23,-0.0371378285887454,0.0037306074428224,0.0027055018581449
2026-05-08 21:42:12,MRVL,live,2025-06-24,0.0625883702817753,0.0109824510187528,0.0025260471738874
2026-05-08 21:42:12,MRVL,live,2025-06-25,0.0095732568053246,-0.0039677683325492,0.0008282756898552
2026-05-08 21:42:12,MRVL,live,2025-06-26,0.0532068828218006,0.0095886454367256,-0.0024032364599406
2026-05-08 21:42:12,MRVL,live,2025-06-27,-0.0351381494948087,-0.0069588747930151,-0.0037286307197064
2026-05-08 21:42:12,MRVL,live,2025-06-30,0.003110274504454,-0.0030045304563834,-0.0045590316876769
2026-05-08 21:42:12,MRVL,live,2025-07-01,-0.0149871229584747,-0.0096523106469178,-0.0044859088957309
2026-05-08 21:42:12,MRVL,live,2025-07-02,-0.0261015845398121,0.0014989742319542,-0.0037982852663844
2026-05-08 21:42:12,MRVL,live,2025-07-03,0.01252511756561,0.0103545894131567,-0.0028714013751596
2026-05-08 21:42:12,MRVL,live,2025-07-07,-0.0482839653606071,0.006953767280011,-0.0017461767420172
2026-05-08 21:42:12,MRVL,live,2025-07-08,0.0055904484130457,0.0038509913343363,-0.0011595664545893
2026-05-08 21:42:12,MRVL,live,2025-07-09,0.0043085721479301,0.0050846998683973,-0.0017106067389249
2026-05-08 21:42:12,MRVL,live,2025-07-10,0.0152228621470851,0.0032430181205013,-0.0019330952782183
2026-05-08 21:42:12,MRVL,live,2025-07-11,-0.0080492053928049,-0.0056396365504117,-0.0039462810382246
2026-05-08 21:42:12,MRVL,live,2025-07-14,-0.002750640484508,-0.0017479202228207,-0.0039109960198402
2026-05-08 21:42:12,MRVL,live,2025-07-15,-0.0013791663965364,-0.0057795378815785,-0.0018788699526339
2026-05-08 21:42:12,MRVL,live,2025-07-16,-0.0215439917019614,0.0059219235746212,0.0005529479240067
2026-05-08 21:42:12,MRVL,live,2025-07-17,0.0163726505810664,0.0075529842489825,0.0006186536629684
2026-05-08 21:42:12,MRVL,live,2025-07-18,0.0366616168220965,0.0066129037083501,0.0001809566747397
2026-05-08 21:42:12,MRVL,live,2025-07-21,-0.0212995277966753,0.0069168915488357,-0.0011428608559072
2026-05-08 21:42:12,MRVL,live,2025-07-22,-0.0146454563544832,-0.0053523847116665,-0.0010185027495026
2026-05-08 21:42:12,MRVL,live,2025-07-23,0.0177801656060356,0.0039719303147114,-0.0026538658421486
2026-05-08 21:42:12,MRVL,live,2025-07-24,0.0105093154923885,-0.002899206914913,-0.0028060863260179
2026-05-08 21:42:12,MRVL,live,2025-07-25,0.0022959162341067,0.0029172796245726,-0.0022204578854143
2026-05-08 21:42:12,MRVL,live,2025-07-28,0.022908115800394,-0.0008133434319872,-0.0015981674659997
2026-05-08 21:42:12,MRVL,live,2025-07-29,0.0056643996514742,-0.0030565082481638,-0.0009226237889379
2026-05-08 21:42:12,MRVL,live,2025-07-30,0.0707362584966035,0.0014452694819107,0.000455638510175
2026-05-08 21:42:12,MRVL,live,2025-07-31,-0.0167604525474613,-0.0073872042588164,-0.0003065632190555
2026-05-08 21:42:12,MRVL,live,2025-08-01,-0.0736593645281058,0.001711283828226,-0.0003256794298067
2026-05-08 21:42:12,MRVL,live,2025-08-04,0.0279381878745776,9.171925392688144e-05,-0.0015296449419111
2026-05-08 21:42:12,MRVL,live,2025-08-05,0.0013067210889081,0.0002798072727111,0.0003756516380235
2026-05-08 21:42:12,MRVL,live,2025-08-06,-0.017095078525383,0.0139479710508308,0.001417840598151
2026-05-08 21:42:12,MRVL,live,2025-08-07,0.007036585433922,0.009189213324389,-0.0007046402897685
2026-05-08 21:42:12,MRVL,live,2025-08-08,0.0196440192915092,0.0051859421961368,-0.0020920487586408
2026-05-08 21:42:12,MRVL,live,2025-08-11,-0.000775742208085,-0.0066973794139251,-0.0038888987619429
2026-05-08 21:42:12,MRVL,live,2025-08-12,0.006858121444248,-0.0044257127410635,-0.0035440560895949
2026-05-08 21:42:12,MRVL,live,2025-08-13,0.0194061814188066,0.0015576125002651,-0.0040378533303737
2026-05-08 21:42:12,MRVL,live,2025-08-14,-0.0035298926885639,-0.0025101435696823,-0.0037014151457697
2026-05-08 21:42:12,MRVL,live,2025-08-15,-0.0360576941674525,-0.0056391963280473,-0.0033872227650135
2026-05-08 21:42:12,MRVL,live,2025-08-18,0.0072187867032826,0.0028770903795031,-0.0030880018603056
2026-05-08 21:42:12,MRVL,live,2025-08-19,-0.0608548763655607,0.0032414428293503,-0.0016708988696336
2026-05-08 21:42:12,MRVL,live,2025-08-20,-0.0117940084642461,0.0071376168569194,-0.0019629548769444
2026-05-08 21:42:12,MRVL,live,2025-08-21,-0.0001404898362203,0.0083663582410593,-0.0024542296305298
2026-05-08 21:42:12,MRVL,live,2025-08-22,0.0251370451404993,0.0024089881525488,-0.00296320929192
2026-05-08 21:42:12,MRVL,live,2025-08-25,-0.0006851115204072,0.0028070548868285,-0.0027327679563313
2026-05-08 21:42:12,MRVL,live,2025-08-26,0.0179576595181316,-0.0003249039732283,-0.0025066367816179
2026-05-08 21:42:12,MRVL,live,2025-08-27,0.0071370267552297,0.000612119982875,-0.0019303988665342
2026-05-08 21:42:12,MRVL,live,2025-08-28,0.0326246337682651,-0.0034290801296108,-0.0013399797026067
2026-05-08 21:42:12,MRVL,live,2025-08-29,-0.1859380970917373,-0.0091985439781746,-0.0021992421243339
2026-05-08 21:42:12,MRVL,live,2025-09-02,0.0275171244566341,0.0073360798083884,-0.0027368392329663
2026-05-08 21:42:12,MRVL,live,2025-09-03,-0.0354489007297545,0.0047244628371192,-0.0013525609392672
2026-05-08 21:42:12,MRVL,live,2025-09-04,0.0287272287210704,0.0109959001156439,-0.0004707472398877
2026-05-08 21:42:12,MRVL,live,2025-09-05,-0.0120123366301886,0.0143264676508365,-0.0004538849461823
2026-05-08 21:42:12,MRVL,live,2025-09-08,0.042160067378089,0.0050585162920629,-0.0001827162923291
2026-05-08 21:42:12,MRVL,live,2025-09-09,0.012727213767113,0.0063241531796394,-0.000129085034132
2026-05-08 21:42:12,MRVL,live,2025-09-10,0.0038900400405608,-0.0130516984861711,-0.0010243791621178
2026-05-08 21:42:12,MRVL,live,2025-09-11,-0.0076007025882509,0.000319637836925,-0.0025297456886619
2026-05-08 21:42:12,MRVL,live,2025-09-12,0.0114130723625314,-0.0056126829914507,-0.0049343192949891
2026-05-08 21:42:12,MRVL,live,2025-09-15,0.0011878193697407,-0.0028803886837686,-0.0032483681570738
2026-05-08 21:42:12,MRVL,live,2025-09-16,0.0212072227505988,-0.0072884766073108,-0.0012125910725444
2026-05-08 21:42:12,MRVL,live,2025-09-17,0.0307871844519229,0.0085411488011554,-0.0018119113519787
2026-05-08 21:42:12,MRVL,live,2025-09-18,0.0457875197528494,-0.0053063026977471,-0.0012165845837444
2026-05-08 21:42:12,MRVL,live,2025-09-19,0.0004041731261426,0.0062357461681011,-0.0004114429466426
2026-05-08 21:42:12,MRVL,live,2025-09-22,0.0171020194315865,-0.0057967359385346,-0.0006702940445393
2026-05-08 21:42:12,MRVL,live,2025-09-23,-0.0120481622886479,0.0022193471508612,-0.0013149685692042
2026-05-08 21:42:12,MRVL,live,2025-09-24,0.0733047352919273,0.0005091406575247,-0.0017672250978648
2026-05-08 21:42:12,MRVL,live,2025-09-25,0.0464477210580862,-0.0066413274770285,-0.0029699525330215
2026-05-08 21:42:12,MRVL,live,2025-09-26,-0.0076362849028874,-0.0020467989173233,-0.004397084005177
2026-05-08 21:42:12,MRVL,live,2025-09-29,-0.0093784757433438,-0.0117287760749305,-0.0045048585161566
2026-05-08 21:42:12,MRVL,live,2025-09-30,0.0203909165104096,-0.0151234972367753,-0.003964114934206
2026-05-08 21:42:12,MRVL,live,2025-10-01,-0.0021411083993293,0.0007710560680727,-0.0031907057855278
2026-05-08 21:42:12,MRVL,live,2025-10-02,0.0275359545729552,0.0054165582544759,-0.0009076306596398
2026-05-08 21:42:12,MRVL,live,2025-10-03,0.0002322391991036,0.0115275046318509,-0.0003801615675911
2026-05-08 21:42:12,MRVL,live,2025-10-06,0.0313151358824659,0.0012903467527192,-0.000919975573197
2026-05-08 21:42:12,MRVL,live,2025-10-07,-0.0219297442545624,0.0039206903181395,-0.0025256418157368
2026-05-08 21:42:12,MRVL,live,2025-10-08,0.0635850856185813,-9.354834085677167e-05,-0.0042538829147815
2026-05-08 21:42:12,MRVL,live,2025-10-09,-0.0196757904002431,-0.0064699116246894,-0.0069966651499271
2026-05-08 21:42:12,MRVL,live,2025-10-10,-0.055285707602418,-0.0115829546572591,-0.0095508592203259
2026-05-08 21:42:12,MRVL,live,2025-10-13,0.0441536999317235,-0.0015992233914257,-0.0071917325258255
2026-05-08 21:42:12,MRVL,live,2025-10-14,-0.0354625147108537,-0.0042170171751796,-0.0022484883666038
2026-05-08 21:42:12,MRVL,live,2025-10-15,0.0309672335686992,0.0105118878282312,-0.0022065602242946
2026-05-08 21:42:12,MRVL,live,2025-10-16,-0.007424901098138,0.0051628411712352,-0.0010157648939639
2026-05-08 21:42:12,MRVL,live,2025-10-17,-0.0031735735931249,0.0071089163151042,-0.00133040221408
2026-05-08 21:42:12,MRVL,live,2025-10-20,-0.0239909221425203,-0.0028950630241399,-0.0012145221699029
2026-05-08 21:42:12,MRVL,live,2025-10-21,-0.0184063099415751,-0.001224546263425,-0.0025098144542425
2026-05-08 21:42:12,MRVL,live,2025-10-22,-0.0380963466931818,0.0047970072955767,-0.0026448455173522
2026-05-08 21:42:12,MRVL,live,2025-10-23,0.0212213711104802,0.0082510288180744,-0.0020987214520573
2026-05-08 21:42:12,MRVL,live,2025-10-24,0.0164311098855218,8.182915071662815e-05,-0.0011802141088992
2026-05-08 21:42:12,MRVL,live,2025-10-27,0.0544396519045238,0.0027488985840963,-0.0005100488197058
2026-05-08 21:42:12,MRVL,live,2025-10-28,-0.0028181666004203,0.0018261454054159,0.0002683488419279
2026-05-08 21:42:12,MRVL,live,2025-10-29,0.0191046221163584,-0.0025071826455693,0.0002134128008037
2026-05-08 21:42:12,MRVL,live,2025-10-30,-0.0175263183716092,-0.0006083306621323,-0.0003535971045494
2026-05-08 21:42:12,MRVL,live,2025-10-31,0.0583718905283843,-0.0085644052474743,-0.0007691117934882
2026-05-08 21:42:12,MRVL,live,2025-11-03,-0.0359504036600598,0.0069605662840318,0.0002000830136239
2026-05-08 21:42:12,MRVL,live,2025-11-04,-0.0307625882472472,0.0077392478457797,0.0008996719261631
2026-05-08 21:42:12,MRVL,live,2025-11-05,0.0606234576401498,0.0057107106987471,0.0012539719464257
2026-05-08 21:42:12,MRVL,live,2025-11-06,0.0046286939391761,-0.0021260922419816,-0.0011914423666894
2026-05-08 21:42:12,MRVL,live,2025-11-07,-0.0258223926114493,-0.0002182218470246,-0.0021268092095851
2026-05-08 21:42:12,MRVL,live,2025-11-10,0.0254069299494057,0.0015158875964516,-0.0012230076827108
2026-05-08 21:42:12,MRVL,live,2025-11-11,-0.0418319719045072,0.0013308254264007,-0.0005376430926844
2026-05-08 21:42:12,MRVL,live,2025-11-12,0.0,-0.0015701758082153,-0.0004990422166883
2026-05-08 21:42:12,MRVL,live,2025-11-13,-0.0202620230726014,0.004202982240767,-0.0001870857086032
2026-05-08 21:42:12,MRVL,live,2025-11-14,-0.0122257698448815,0.0068493011764719,-0.0006290378514677
2026-05-08 21:42:12,MRVL,live,2025-11-17,-0.034702168226129,0.0089107169777012,-0.0007603776175528
2026-05-08 21:42:12,MRVL,live,2025-11-18,-0.0571599482819776,-0.0013530860954655,-0.0015069530345499
2026-05-08 21:42:12,MRVL,live,2025-11-19,0.0335536079293417,0.0078062340580115,-0.0019050117116421
2026-05-08 21:42:12,MRVL,live,2025-11-20,-0.0570585608459763,0.0010948147344005,-0.003910019993782
2026-05-08 21:42:12,MRVL,live,2025-11-21,0.0100417907367038,0.0115478896866908,-0.0026270670350641
2026-05-08 21:42:12,MRVL,live,2025-11-24,0.0818592126836643,0.0064555832708632,-0.0016597686335444
2026-05-08 21:42:12,MRVL,live,2025-11-25,-0.004296418997487,-0.0030223961727393,-0.0028720141854137
2026-05-08 21:42:12,MRVL,live,2025-11-26,0.0514203113035909,-0.0004245457151118,-0.0027668576221913
2026-05-08 21:42:12,MRVL,live,2025-11-28,0.019151887645185,-0.0092724372025128,-0.004357467405498
2026-05-08 21:42:12,MRVL,live,2025-12-01,0.0190156784012514,-0.0098151132824292,-0.0047203181311488
2026-05-08 21:42:12,MRVL,live,2025-12-02,0.0196486631342474,-0.0080556520762958,-0.0045112250372767
2026-05-08 21:42:12,MRVL,live,2025-12-03,0.07869528691241,-0.00984686165093,-0.0031787178013473
2026-05-08 21:42:12,MRVL,live,2025-12-04,-0.0200598365301674,0.0015585426979779,-0.0012430462520569
2026-05-08 21:42:12,MRVL,live,2025-12-05,0.0073327373187683,0.0058302105835425,0.0006405745516531
2026-05-08 21:42:12,MRVL,live,2025-12-08,-0.0698615263556192,-0.0039854608765527,0.0006027446361258
2026-05-08 21:42:12,MRVL,live,2025-12-09,-0.0336956598451085,0.0062110797512014,6.876629777252674e-05
2026-05-08 21:42:12,MRVL,live,2025-12-10,0.0401575102871198,0.0034129724839193,-0.0011899443343281
2026-05-08 21:42:12,MRVL,live,2025-12-11,-0.0328755947525801,0.0051915820632032,-0.0009709014557301
2026-05-08 21:42:12,MRVL,live,2025-12-12,-0.0559096406741672,0.0125432139145102,-0.0010980013757944
2026-05-08 21:42:12,MRVL,live,2025-12-15,-0.0020134952585828,-0.0076238521408388,-0.0010617345105856
2026-05-08 21:42:12,MRVL,live,2025-12-16,-0.0022548959881291,0.0057900723848115,-0.002053115516901
2026-05-08 21:42:12,MRVL,live,2025-12-17,-0.0281908860526244,0.0003724671900924,-0.0002881567925214
2026-05-08 21:42:12,MRVL,live,2025-12-18,0.0339046375270113,0.0112413413341136,-0.0001110858283936
2026-05-08 21:42:12,MRVL,live,2025-12-19,-0.0044986704835778,0.0041958041081041,-0.0025943375658243
2026-05-08 21:42:12,MRVL,live,2025-12-22,0.0084433636141243,-0.00193606973751,-0.0031632913742214
2026-05-08 21:42:12,MRVL,live,2025-12-23,0.0339622444355225,-0.0005410799672153,-0.0037468227092176
2026-05-08 21:42:12,MRVL,live,2025-12-24,-0.0135721195596871,0.0053406859160205,-0.0050955498591065
2026-05-08 21:42:12,MRVL,live,2025-12-26,-0.0017343192790205,0.0029031349975134,-0.0051696607843041
2026-05-08 21:42:12,MRVL,live,2025-12-29,-0.0067175318042768,-0.0073267834171076,-0.0062559964135289
2026-05-08 21:42:12,MRVL,live,2025-12-30,0.0116604271137352,-0.0017519311136844,-0.0066513186320662
2026-05-08 21:42:12,MRVL,live,2025-12-31,-0.0205163874274791,-0.0045512223668351,-0.0063494620844721
2026-05-08 21:42:12,MRVL,live,2026-01-02,0.0518945707569518,0.0014547999539201,-0.004390325397253
2026-05-08 21:42:12,MRVL,live,2026-01-05,0.0093970865758739,-0.0037507434972561,-0.0024515772238373
2026-05-08 21:42:12,MRVL,live,2026-01-06,-0.0221656216605002,-0.0045616198573713,-0.0012715237680822
2026-05-08 21:42:12,MRVL,live,2026-01-07,-0.0406892029409233,-0.0006256239387456,0.0018415541853755
2026-05-08 21:42:12,MRVL,live,2026-01-08,-0.0140594977983666,-0.0002011202384055,0.0023496646899729
2026-05-08 21:42:12,MRVL,live,2026-01-09,-0.0020385139078,0.0068977252375645,0.0013121833326295
2026-05-08 21:42:12,MRVL,live,2026-01-12,-0.0039654735146672,0.0067948332178399,0.0022593536414206
2026-05-08 21:42:12,MRVL,live,2026-01-13,0.0019303586422547,0.0107993130432586,0.0015899604186415
2026-05-08 21:42:12,MRVL,live,2026-01-14,-0.0221554355646519,0.0048988588504054,0.0015848805196583
2026-05-08 21:42:12,MRVL,live,2026-01-15,-0.0102203856723417,0.009657431093021,0.0008629368967376
2026-05-08 21:42:12,MRVL,live,2026-01-16,0.0009953186501119,0.00143352615881,-0.0012559392489492
2026-05-08 21:42:12,MRVL,live,2026-01-20,-0.0082028108554046,0.0023927720647834,-0.0046937083825469
2026-05-08 21:42:12,MRVL,live,2026-01-21,0.0344611836282306,-4.581013518946896e-05,-0.005445085465908
2026-05-08 21:42:12,MRVL,live,2026-01-22,0.0066624865077991,-0.0010989450731322,-0.0054592350497841
2026-05-08 21:42:12,MRVL,live,2026-01-23,-0.034536573429085,-0.0001050500886379,-0.0037830013316124
2026-05-08 21:42:12,MRVL,live,2026-01-26,0.0191947288492067,-0.0029937463416144,-0.0043192170560359
2026-05-08 21:42:12,MRVL,live,2026-01-27,0.0141861833884953,-0.00498134492163,-0.0058819819241762
2026-05-08 21:42:12,MRVL,live,2026-01-28,0.0083202300954046,-0.0020008246759893,-0.0043558683246374
2026-05-08 21:42:12,MRVL,live,2026-01-29,-0.0272662369416318,-0.0001390003671508,-0.0026833673473447
2026-05-08 21:42:12,MRVL,live,2026-01-30,-0.0297516099286959,0.0013567872908612,-0.0023440441582351
2026-05-08 21:42:12,MRVL,live,2026-02-02,-0.0032944105862185,0.0023942226003999,-0.0014703206252306
2026-05-08 21:42:12,MRVL,live,2026-02-03,-0.0396644685678729,0.0032884342664331,-0.0005754551384598
2026-05-08 21:42:12,MRVL,live,2026-02-04,-0.023960752711261,0.0093860268134188,-0.0011852772440761
2026-05-08 21:42:12,MRVL,live,2026-02-05,0.0065101276474506,0.0055503474282527,-0.0009273590985685
2026-05-08 21:42:12,MRVL,live,2026-02-06,0.0817949130969741,-0.0018643115333882,-0.0015017164405435
2026-05-08 21:42:12,MRVL,live,2026-02-09,0.0257848219035587,-0.0026617503495875,-0.0022504066582769
2026-05-08 21:42:12,MRVL,live,2026-02-10,-0.0041287018188738,-0.0014996483716682,-0.001579396193847
2026-05-08 21:42:12,MRVL,live,2026-02-11,-0.0081698000444347,-0.0038388366242632,-0.0011502224951982
2026-05-08 21:42:12,MRVL,live,2026-02-12,-0.0382344809930722,-0.0038377684704323,-0.0008340727072209
2026-05-08 21:42:12,MRVL,live,2026-02-13,0.004857428302877,0.0021117106087964,-0.0009628830011934
2026-05-08 21:42:12,MRVL,live,2026-02-17,0.0050884529318346,0.0076601991004328,-0.0014392856974154
2026-05-08 21:42:12,MRVL,live,2026-02-18,0.001012383755564,0.007793754634134,-0.0040768655017018
2026-05-08 21:42:12,MRVL,live,2026-02-19,0.0065748525498303,-0.0009645040104334,-0.0048230197280645
2026-05-08 21:42:12,MRVL,live,2026-02-20,-0.0016328806747757,-0.0004751005119993,-0.0040209386497735
2026-05-08 21:42:12,MRVL,live,2026-02-23,-0.0212632237878889,-0.0018705268294616,-0.002925801789388
2026-05-08 21:42:12,MRVL,live,2026-02-24,0.0077129896114116,0.0019018119391529,-0.0027837508823722
2026-05-08 21:42:12,MRVL,live,2026-02-25,0.0322745020177528,-0.0015134490531746,-0.0029900504741817
2026-05-08 21:42:12,MRVL,live,2026-02-26,-0.0201433085945632,-0.0030387706234461,-0.0031170158181339
2026-05-08 21:42:12,MRVL,live,2026-02-27,0.0302686912412699,-0.002413575894535,-0.0028525830712169
2026-05-08 21:42:12,MRVL,live,2026-03-02,-0.0101604245595298,-0.0056200142289116,-0.0018189814873039
2026-05-08 21:42:12,MRVL,live,2026-03-03,-0.0414295840748089,0.0039342785465594,-0.0011898952070623
2026-05-08 21:42:12,MRVL,live,2026-03-04,0.0074828338868586,0.0022401981533069,-0.000877582700923
2026-05-08 21:42:12,MRVL,live,2026-03-05,-0.0308617809600919,0.0026739247586059,-0.001002489356324
2026-05-08 21:42:12,MRVL,live,2026-03-06,0.1835359207856399,0.007838348572608,-0.0022252341732382
2026-05-08 21:42:12,MRVL,live,2026-03-09,0.0343865327509353,-0.0025725097754012,-0.0020368110854178
2026-05-08 21:42:12,MRVL,live,2026-03-10,0.0070157183232963,0.005815468944148,-0.0015989821404218
2026-05-08 21:42:12,MRVL,live,2026-03-11,-0.0306538546498784,-0.0128869525780367,-0.0031618040520697
2026-05-08 21:42:12,MRVL,live,2026-03-12,-0.0306280580012813,-0.0168239676427594,-0.0047106491401791
2026-05-08 21:42:12,MRVL,live,2026-03-13,0.0021671988091247,-0.0050015123543273,-0.005399128422141
2026-05-08 21:42:12,MRVL,live,2026-03-16,0.0423400969433782,0.0005692110459721,-0.0046265302225947
2026-05-08 21:42:12,MRVL,live,2026-03-17,-0.0086263316032049,0.0080143368292159,-0.003687395947054
2026-05-08 21:42:12,MRVL,live,2026-03-18,-0.0349157096984354,-0.0003632122209698,-0.0023555783554911
2026-05-08 21:42:12,MRVL,live,2026-03-19,0.0217986523484241,0.0028222702471238,0.000193579820916
2026-05-08 21:42:12,MRVL,live,2026-03-20,-0.0180944589928984,0.0029718465187493,0.0016468211542814
2026-05-08 21:42:12,MRVL,live,2026-03-23,0.0255943178537394,0.0144327269702008,0.0008779638446867
2026-05-08 21:42:12,MRVL,live,2026-03-24,0.0244010539185453,-0.006832770263675,-0.0023669481743127
2026-05-08 21:42:12,MRVL,live,2026-03-25,0.0659376269912286,0.0017745469003558,-0.0036122805904597
2026-05-08 21:42:12,MRVL,live,2026-03-26,-0.0078212334684129,-0.0141252759366662,-0.0037008228246122
2026-05-08 21:42:12,MRVL,live,2026-03-27,-0.0286650307770585,-0.0023673428575978,-0.0029710794333368
2026-05-08 21:42:12,MRVL,live,2026-03-30,-0.0745151465149849,0.005062471120907,-0.0018926172051578
2026-05-08 21:42:12,MRVL,live,2026-03-31,0.1280036273628755,-0.0014377005113296,-0.0021695892792195
2026-05-08 21:42:12,MRVL,live,2026-04-01,0.0773346652090221,0.0012094682940126,-0.0024603365454822
2026-05-08 21:42:12,MRVL,live,2026-04-02,0.0037485081040751,4.6098052421684565e-05,-0.0027195441070944
2026-05-08 21:42:12,MRVL,live,2026-04-06,0.0224069130646036,0.0062808833537513,-0.0029363606590777
2026-05-08 21:42:12,MRVL,live,2026-04-07,-0.0011871873543636,-0.0077856542680786,-0.0025142452213913
2026-05-08 21:42:12,MRVL,live,2026-04-08,0.0463521989140989,-0.0085432339285857,-0.0019762066658586
2026-05-08 21:42:12,MRVL,live,2026-04-09,0.0478811579675042,-0.008598078849525,-0.0027099174913018
2026-05-08 21:42:12,MRVL,live,2026-04-10,0.0719113266631024,0.003683309248656,-0.003522822400555
2026-05-08 21:42:12,MRVL,live,2026-04-13,0.0218693862437671,-0.0119745110991412,-0.0032337240409106
2026-05-08 21:42:12,MRVL,live,2026-04-14,0.0192688402170071,-0.016866095263267,-0.0033568593207746
2026-05-08 21:42:12,MRVL,live,2026-04-15,0.0057535998051692,-0.007552317820138,-0.0010169891174882
2026-05-08 21:42:12,MRVL,live,2026-04-16,-0.009138268429068,0.009180055558911,0.0020898855291306
2026-05-08 21:42:12,MRVL,live,2026-04-17,0.0473870252350656,0.0127603512034548,0.0036692826543003
2026-05-08 21:42:12,MRVL,live,2026-04-20,0.0583434301241632,0.0063082989469187,0.0043115317821502
2026-05-08 21:42:12,MRVL,live,2026-04-21,0.0234713291846435,-0.0026645507398291,-0.0023267867509275
2026-05-08 21:42:12,MRVL,live,2026-04-22,0.0397198457643068,-0.0060637976786907,-0.0040236832574009
2026-05-08 21:42:12,MRVL,live,2026-04-23,0.0523772555984778,-0.0026437772325862,-0.0040388191118836
2026-05-08 21:42:12,MRVL,live,2026-04-24,-0.0075501329936756,-0.0079714633908021,-0.0026805109810084
2026-05-08 21:42:12,MRVL,live,2026-04-27,-0.0371248915791095,-0.0025060353480855,-0.001871314831078
2026-05-08 21:42:12,MRVL,live,2026-04-28,-0.0314772187282362,-0.0051414766510981,-0.0026837142650038
2026-05-08 21:42:12,MRVL,live,2026-04-29,0.0217973744684991,0.0036016765186358,-0.0039496459066867
2026-05-08 21:42:12,MRVL,live,2026-04-30,0.05479968174555,0.0103982279289917,-0.0029503491241484
2026-05-08 21:42:12,MRVL,live,2026-05-01,-0.0012110018506421,0.0043617783811826,-0.0016884540673345
2026-05-08 21:42:12,MRVL,live,2026-05-04,-0.0078205111245778,0.0071047605067895,-0.0014755222946405
2026-05-08 21:42:12,MRVL,live,2026-05-05,0.0311010401075106,-0.0029281291821722,-0.000725504476577
2026-05-08 21:42:12,MRVL,live,2026-05-06,0.0201481119791666,-0.0025301005104791,-0.0016310126520693
2026-05-08 21:42:12,MRVL,live,2026-05-07,-0.0705198943948167,-0.0035274350907162,-0.0031462640035897
2026-05-08 21:43:13,FLNC,live,2025-05-16,0.0065177513957477,-0.0058530359263438,0.0029712242539972
2026-05-08 21:43:13,FLNC,live,2025-05-19,-0.0249769146422702,0.0024191724807725,0.0062231440097093
2026-05-08 21:43:13,FLNC,live,2025-05-20,0.017077827877348,-0.0135830087018707,0.0058465497568249
2026-05-08 21:43:13,FLNC,live,2025-05-21,-0.0652984880437088,0.0302254671000301,0.0043333685025572
2026-05-08 21:43:13,FLNC,live,2025-05-22,-0.0159681430914959,0.0120650003238235,0.0118084661662578
2026-05-08 21:43:13,FLNC,live,2025-05-23,-0.0101419301498342,-0.0259067594981424,0.0039600739255547
2026-05-08 21:43:13,FLNC,live,2025-05-27,-0.0102459404840795,0.0225374400479777,0.0104640871286392
2026-05-08 21:43:13,FLNC,live,2025-05-28,-0.0103519078027936,0.0246545344236328,0.0060166325420141
2026-05-08 21:43:13,FLNC,live,2025-05-29,-0.0209205809791661,-0.0110370558617174,0.0033418487291783
2026-05-08 21:43:13,FLNC,live,2025-05-30,0.004273500354724,0.002278663829976,0.0056280558928847
2026-05-08 21:43:13,FLNC,live,2025-06-02,-0.0553190984246719,0.0062481326336388,0.005910187959671
2026-05-08 21:43:13,FLNC,live,2025-06-03,0.0743243061831495,-0.0006831097560122,0.0045118927955627
2026-05-08 21:43:13,FLNC,live,2025-06-04,0.0167714725421268,-0.0045263774573514,0.006012974306941
2026-05-08 21:43:13,FLNC,live,2025-06-05,-0.0474226852775393,-0.0026014554035177,0.0052588786929845
2026-05-08 21:43:13,FLNC,live,2025-06-06,0.0216450015388836,0.0028224965466737,0.008746544830501
2026-05-08 21:43:13,FLNC,live,2025-06-09,0.0084746695907291,0.0152003433531745,0.0087690521031618
2026-05-08 21:43:13,FLNC,live,2025-06-10,0.0441175527756529,0.0119398054218673,0.0054327361285686
2026-05-08 21:43:13,FLNC,live,2025-06-11,-0.0060361638305088,-0.0165475598220089,0.005872487090528
2026-05-08 21:43:13,FLNC,live,2025-06-12,-0.01821865415899,0.0002918773609959,0.0053828423842787
2026-05-08 21:43:13,FLNC,live,2025-06-13,0.0329897582258589,-0.0093666528035349,0.0067479452118277
2026-05-08 21:43:13,FLNC,live,2025-06-16,0.0,0.0014417991460376,0.0044862190261483
2026-05-08 21:43:13,FLNC,live,2025-06-17,0.1317364904710618,-0.0080249920770488,0.0022474960424005
2026-05-08 21:43:13,FLNC,live,2025-06-18,-0.017636667246384,0.0007962239791545,0.0020540785044431
2026-05-08 21:43:13,FLNC,live,2025-06-20,0.0466785895927768,0.0063316583259506,0.0055767288431525
2026-05-08 21:43:13,FLNC,live,2025-06-23,-0.0360205902049958,-0.0196396708964387,0.0052646463736891
2026-05-08 21:43:13,FLNC,live,2025-06-24,0.0498221024039211,-0.0129304020894998,0.0032994591165333
2026-05-08 21:43:13,FLNC,live,2025-06-25,0.0491525351127926,0.0185001039896032,0.0159863736480474
2026-05-08 21:43:13,FLNC,live,2025-06-26,0.0177706191433864,-0.0008374079438074,0.0065841702744364
2026-05-08 21:43:13,FLNC,live,2025-06-27,-0.0253968760960631,-0.0004436477906684,0.0042819650843739
2026-05-08 21:43:13,FLNC,live,2025-06-30,0.0928339061980523,-0.0075176211130668,0.0059582749381661
2026-05-08 21:43:13,FLNC,live,2025-07-01,0.0938897333620429,0.0057319410829599,0.0068896375596523
2026-05-08 21:43:13,FLNC,live,2025-07-02,0.0190735508958042,0.0076602229076444,0.0062188832089304
2026-05-08 21:43:13,FLNC,live,2025-07-03,0.1243315275357201,0.0025684741454235,0.0072902059182524
2026-05-08 21:43:13,FLNC,live,2025-07-07,-0.0511295881260854,-0.0034690858250733,0.0045916736125946
2026-05-08 21:43:13,FLNC,live,2025-07-08,0.0538846901392047,-0.0030509119854887,0.0061595141887664
2026-05-08 21:43:13,FLNC,live,2025-07-09,0.0392389928291854,-0.004243836750198,0.0063865603879094
2026-05-08 21:43:13,FLNC,live,2025-07-10,-0.019450810153991,0.0096310322605666,0.0063272332772612
2026-05-08 21:43:13,FLNC,live,2025-07-11,-0.0466744028908017,-0.005696232556133,0.0061116004362702
2026-05-08 21:43:13,FLNC,live,2025-07-14,-0.0281517768574879,-0.0085102417879016,0.0056022265926003
2026-05-08 21:43:13,FLNC,live,2025-07-15,0.0478588960787471,0.0115079429325664,0.0060234544798731
2026-05-08 21:43:13,FLNC,live,2025-07-16,-0.0060095239055899,0.0064480449271206,0.0046334126964211
2026-05-08 21:43:13,FLNC,live,2025-07-17,-0.0036276523560944,0.0200495003625524,0.0093323923647403
2026-05-08 21:43:13,FLNC,live,2025-07-18,0.0873786756102183,0.0028146379204293,0.0068089766427874
2026-05-08 21:43:13,FLNC,live,2025-07-21,0.0636160370979308,0.0099057674780254,0.0046251732856035
2026-05-08 21:43:13,FLNC,live,2025-07-22,0.0713536541688628,-0.0033119272709813,0.0069271298125386
2026-05-08 21:43:13,FLNC,live,2025-07-23,-0.0754163031230918,0.0103291531578816,0.0066615873947739
2026-05-08 21:43:13,FLNC,live,2025-07-24,-0.0084745685659031,-0.0035596383011448,0.0075665786862373
2026-05-08 21:43:13,FLNC,live,2025-07-25,0.0021368011215048,-0.0151263469113916,0.0052118832245469
2026-05-08 21:43:13,FLNC,live,2025-07-28,-0.0575692916060495,0.0022713453764763,0.0045492071658372
2026-05-08 21:43:13,FLNC,live,2025-07-29,-0.0441176851347204,0.0120600594102095,0.0062746731564402
2026-05-08 21:43:13,FLNC,live,2025-07-30,-0.0295857994843838,0.002245390299354,0.0060470523312687
2026-05-08 21:43:13,FLNC,live,2025-07-31,-0.0097560884837659,0.0077418045453798,0.0109914811328053
2026-05-08 21:43:13,FLNC,live,2025-08-01,-0.0418718818402202,0.0034358146615253,0.0053882636129856
2026-05-08 21:43:13,FLNC,live,2025-08-04,0.0899742048265603,0.0173915750055786,0.0068547995761036
2026-05-08 21:43:13,FLNC,live,2025-08-05,0.0082547939006225,0.0084834794997911,0.0037319709081202
2026-05-08 21:43:13,FLNC,live,2025-08-06,-0.0116959507881755,-0.0063067135256235,0.0064534256234765
2026-05-08 21:43:13,FLNC,live,2025-08-07,0.0733727691779677,0.0010548859929686,0.005735145881772
2026-05-08 21:43:13,FLNC,live,2025-08-08,0.0132304178166136,-0.0007754428189568,0.0036259384360164
2026-05-08 21:43:13,FLNC,live,2025-08-11,-0.0054406136391207,-0.0078860154504416,0.0022430641110986
2026-05-08 21:43:13,FLNC,live,2025-08-12,-0.1936543097678054,-0.0174710853577514,0.0073490124195814
2026-05-08 21:43:13,FLNC,live,2025-08-13,0.0244233796432584,-0.0073030221479456,0.0078956671059131
2026-05-08 21:43:13,FLNC,live,2025-08-14,0.0019867372326696,0.0060233028543119,0.0061999205499887
2026-05-08 21:43:13,FLNC,live,2025-08-15,0.050892233857581,0.020302184504166,0.0102028781548142
2026-05-08 21:43:13,FLNC,live,2025-08-18,0.0138365550931667,0.0070679384240644,0.0044934442266821
2026-05-08 21:43:13,FLNC,live,2025-08-19,-0.0297767041514293,0.0072554700149404,0.008577506057918
2026-05-08 21:43:13,FLNC,live,2025-08-20,-0.0434782794276661,-0.0067065269756639,0.0076996944844722
2026-05-08 21:43:13,FLNC,live,2025-08-21,-0.0855614792585079,-0.011111357981981,0.0047378921881318
2026-05-08 21:43:13,FLNC,live,2025-08-22,0.1023391511183364,0.0022007065138343,0.0029082864057272
2026-05-08 21:43:13,FLNC,live,2025-08-25,-0.0092838424423776,0.0004732996498356,0.0030908572953194
2026-05-08 21:43:13,FLNC,live,2025-08-26,0.0147255872294451,0.0002323757352826,0.005166882649064
2026-05-08 21:43:13,FLNC,live,2025-08-27,-0.0395777990656004,-0.0114744779391467,0.0029975085053592
2026-05-08 21:43:13,FLNC,live,2025-08-28,0.0645604088799913,-0.0029820568180372,0.0039983857423067
2026-05-08 21:43:13,FLNC,live,2025-08-29,-0.0451612780171055,-0.0078238206800616,0.0087756002321839
2026-05-08 21:43:13,FLNC,live,2025-09-02,-0.0635135487799574,-0.0007605472171612,0.0091510284692049
2026-05-08 21:43:13,FLNC,live,2025-09-03,-0.0259740018466603,0.0150703882414156,0.0093801096081733
2026-05-08 21:43:13,FLNC,live,2025-09-04,0.0,0.0023237394551965,0.0047753434628248
2026-05-08 21:43:13,FLNC,live,2025-09-05,0.1185185467755352,0.0065673371596577,0.0070425374433398
2026-05-08 21:43:13,FLNC,live,2025-09-08,-0.0450331316554307,0.0029306153702941,0.0068677458912134
2026-05-08 21:43:13,FLNC,live,2025-09-09,-0.0596393656121444,-0.0053677263162921,0.0042346836999058
2026-05-08 21:43:13,FLNC,live,2025-09-10,-0.0029498496028924,-0.0320829909466367,0.0038332741241902
2026-05-08 21:43:13,FLNC,live,2025-09-11,0.0266271926396659,0.002922121045599,0.0035895102191716
2026-05-08 21:43:13,FLNC,live,2025-09-12,0.0086455248249048,0.0100311946624506,0.0036249773111194
2026-05-08 21:43:13,FLNC,live,2025-09-15,0.0557142666407994,0.0106931995905862,0.0031266084406524
2026-05-08 21:43:13,FLNC,live,2025-09-16,0.014884998038128,0.0035162527105614,0.0082629406824707
2026-05-08 21:43:13,FLNC,live,2025-09-17,-0.0079999923706054,-0.0155879880146736,0.0057270489633083
2026-05-08 21:43:13,FLNC,live,2025-09-18,0.0645161310997102,-0.0185023688887664,0.0063268225640058
2026-05-08 21:43:13,FLNC,live,2025-09-19,0.1818181270848078,0.0045935101717064,0.0101651009172201
2026-05-08 21:43:13,FLNC,live,2025-09-22,0.1324787147730168,0.0230529966924041,0.0078714061528444
2026-05-08 21:43:13,FLNC,live,2025-09-23,-0.0367924838950505,-0.0039391662181439,0.0053770709782838
2026-05-08 21:43:13,FLNC,live,2025-09-24,0.0950049229583407,-0.0111689224750531,-0.0002494060900062
2026-05-08 21:43:13,FLNC,live,2025-09-25,0.0491949214711491,-0.0073247521667079,0.006248177960515
2026-05-08 21:43:13,FLNC,live,2025-09-26,0.0153452951577408,-0.0113056106065574,0.006279369816184
2026-05-08 21:43:13,FLNC,live,2025-09-29,-0.0428211784564088,-0.019478867758804,0.0084701869636774
2026-05-08 21:43:13,FLNC,live,2025-09-30,-0.0526315305151531,0.007380627603798,0.0069059338420629
2026-05-08 21:43:13,FLNC,live,2025-10-01,0.2453703307157033,0.0054053888746265,0.0047611845657229
2026-05-08 21:43:13,FLNC,live,2025-10-02,-0.0297397490113516,0.005015881389498,0.0035121722612529
2026-05-08 21:43:13,FLNC,live,2025-10-03,0.0567049624752913,0.0155764981584503,0.0029288863297551
2026-05-08 21:43:13,FLNC,live,2025-10-06,0.1065990044304014,-0.0002102823506792,0.0098894452676177
2026-05-08 21:43:13,FLNC,live,2025-10-07,-0.0937090618432161,-0.0004971532877591,0.0063052615150809
2026-05-08 21:43:13,FLNC,live,2025-10-08,0.0817064440111803,-0.0119593115809023,0.0073349038138985
2026-05-08 21:43:13,FLNC,live,2025-10-09,-0.0040107232261833,0.0109047128570391,0.0063915057107806
2026-05-08 21:43:13,FLNC,live,2025-10-10,-0.1214764773343611,0.0320107374764689,0.0097768418490886
2026-05-08 21:43:13,FLNC,live,2025-10-13,0.2139037553931047,-0.0245309660280612,0.0054934509098529
2026-05-08 21:43:13,FLNC,live,2025-10-14,0.1611076377787779,0.0017454877141558,0.0046059219166636
2026-05-08 21:43:13,FLNC,live,2025-10-15,0.1620596014892412,0.0300562296332315,0.0061196517199277
2026-05-08 21:43:13,FLNC,live,2025-10-16,-0.0867537576501892,0.0038658774232006,0.0082949688658118
2026-05-08 21:43:13,FLNC,live,2025-10-17,-0.0640959737311918,0.0035559242967904,0.0124507043510675
2026-05-08 21:43:13,FLNC,live,2025-10-20,0.0068212821170954,-0.0055858351071711,0.0058916583657264
2026-05-08 21:43:13,FLNC,live,2025-10-21,-0.1186992110296643,-0.0003812145971922,0.0047264555469155
2026-05-08 21:43:13,FLNC,live,2025-10-22,-0.0639606363599999,0.0151589116555446,0.0060397423803806
2026-05-08 21:43:13,FLNC,live,2025-10-23,0.0532194747309833,0.0014442179747215,0.006424999795854
2026-05-08 21:43:13,FLNC,live,2025-10-24,0.2177167574313119,-0.0043883962391614,0.0052211275324225
2026-05-08 21:43:13,FLNC,live,2025-10-27,-0.0399590506328743,0.0055356975631406,0.0058171115815639
2026-05-08 21:43:13,FLNC,live,2025-10-28,-0.0341515153396531,0.0336567440875443,0.0030551657546311
2026-05-08 21:43:13,FLNC,live,2025-10-29,0.12044200327242,-0.0063104669175642,0.0019786569755524
2026-05-08 21:43:13,FLNC,live,2025-10-30,0.0093687682581835,-0.0152708643891249,0.0061165010556578
2026-05-08 21:43:13,FLNC,live,2025-10-31,0.0258915830202173,0.0271639796117096,0.0125024011358618
2026-05-08 21:43:13,FLNC,live,2025-11-03,-0.0090476444789341,0.0143659687648138,0.0102813225239515
2026-05-08 21:43:13,FLNC,live,2025-11-04,-0.0783276887360931,0.0007239557010036,0.0046609444543719
2026-05-08 21:43:13,FLNC,live,2025-11-05,0.0802919178141585,-0.0526944054155268,0.0097242752090096
2026-05-08 21:43:13,FLNC,live,2025-11-06,-0.0434362764650384,-0.0074697471709537,0.0075387759134173
2026-05-08 21:43:13,FLNC,live,2025-11-07,0.0489405265206148,0.0510866261537421,0.0050523495301604
2026-05-08 21:43:13,FLNC,live,2025-11-10,0.0481000459818707,0.0011077678743632,0.0021283980458974
2026-05-08 21:43:13,FLNC,live,2025-11-11,-0.048646228946951,0.003697940299815,0.0031013612169772
2026-05-08 21:43:13,FLNC,live,2025-11-12,-0.0733237091813122,0.0292305915366127,0.0151851000264287
2026-05-08 21:43:13,FLNC,live,2025-11-13,-0.154086373011085,-0.0165892344247578,0.004585281945765
2026-05-08 21:43:13,FLNC,live,2025-11-14,0.1021538367638221,-0.0029166422880476,0.0080854333937168
2026-05-08 21:43:13,FLNC,live,2025-11-17,-0.0379676332199432,-0.020509796875293,0.0087174382060766
2026-05-08 21:43:13,FLNC,live,2025-11-18,-0.012187991297265,0.0003459262450758,0.0012614207807928
2026-05-08 21:43:13,FLNC,live,2025-11-19,-0.0123384833239236,0.0283718286794524,0.0057922732084989
2026-05-08 21:43:13,FLNC,live,2025-11-20,-0.0773348767615601,0.010971461148051,0.0009682823438197
2026-05-08 21:43:13,FLNC,live,2025-11-21,-0.0070922378290314,-0.0218453819200715,-0.0015812227502465
2026-05-08 21:43:13,FLNC,live,2025-11-24,0.0259740637735654,-0.0097617477772547,0.0144414165988564
2026-05-08 21:43:13,FLNC,live,2025-11-25,0.0613924212227299,0.0399319366664351,0.0147055806592106
2026-05-08 21:43:13,FLNC,live,2025-11-26,0.1323792040999465,0.0114606997406984,0.0144829554483294
2026-05-08 21:43:13,FLNC,live,2025-11-28,0.0342285216621673,-0.007897112728307,0.0052467584609985
2026-05-08 21:43:13,FLNC,live,2025-12-01,-0.012729124631835,-0.0050738046952275,0.005033653229475
2026-05-08 21:43:13,FLNC,live,2025-12-02,0.0293965813701118,-0.0073864974602294,0.0050629582256078
2026-05-08 21:43:13,FLNC,live,2025-12-03,-0.0055109573170522,-0.021304874739144,-0.0005931343184784
2026-05-08 21:43:13,FLNC,live,2025-12-04,0.1758186248891022,-0.0237786019696617,0.0006096521392464
2026-05-08 21:43:13,FLNC,live,2025-12-05,0.0265637929662148,0.0138067454479946,0.0062934979796409
2026-05-08 21:43:13,FLNC,live,2025-12-08,-0.0459097878193973,0.0317362346740587,0.0128859197720885
2026-05-08 21:43:13,FLNC,live,2025-12-09,0.0472440898893504,-0.0293007884981435,0.0024607537779957
2026-05-08 21:43:13,FLNC,live,2025-12-10,-0.00543028676755,-0.0224634007611853,0.0034598086494952
2026-05-08 21:43:13,FLNC,live,2025-12-11,0.0831583995798546,-0.0029097110526452,0.0096345664933323
2026-05-08 21:43:13,FLNC,live,2025-12-12,-0.1395889978159047,0.0026073554405323,0.0057504000142216
2026-05-08 21:43:13,FLNC,live,2025-12-15,-0.0301937836939488,0.0207088479047371,0.0061225574463605
2026-05-08 21:43:13,FLNC,live,2025-12-16,-0.009758410193041,-0.0115680701789476,0.0043388102203607
2026-05-08 21:43:13,FLNC,live,2025-12-17,-0.1285781248139976,0.0068640383691299,0.0027914352249354
2026-05-08 21:43:13,FLNC,live,2025-12-18,0.039849207500225,0.0028930124929571,0.0086279939860105
2026-05-08 21:43:13,FLNC,live,2025-12-19,0.0336612965565688,-0.0015710443832535,0.0056255459785461
2026-05-08 21:43:13,FLNC,live,2025-12-22,0.0245491834139401,0.009317833550084,0.0102059291675686
2026-05-08 21:43:13,FLNC,live,2025-12-23,-0.0381418414447722,0.0106561208893013,0.0103948228061199
2026-05-08 21:43:13,FLNC,live,2025-12-24,0.0081342067509668,0.0359861684775998,0.0066941259428858
2026-05-08 21:43:13,FLNC,live,2025-12-26,0.0191628422707317,0.0004942844672178,0.004898888990283
2026-05-08 21:43:13,FLNC,live,2025-12-29,-0.0118752984656271,-0.025005789474954,0.003358177607879
2026-05-08 21:43:13,FLNC,live,2025-12-30,-0.0055081976357089,0.0022711029406428,0.0116553427651524
2026-05-08 21:43:13,FLNC,live,2025-12-31,-0.004028193416286,0.0058523086719744,0.0065718200057744
2026-05-08 21:43:13,FLNC,live,2026-01-02,0.16329623003588,0.0066960980293184,0.0066261263564229
2026-05-08 21:43:13,FLNC,live,2026-01-05,-0.0330291273933971,-0.0036815149307816,0.0049842270091176
2026-05-08 21:43:13,FLNC,live,2026-01-06,-0.0188764079233233,0.0008621352212791,0.0015934163238853
2026-05-08 21:43:13,FLNC,live,2026-01-07,-0.0581768420614847,-0.0063679068363346,0.0030090890359133
2026-05-08 21:43:13,FLNC,live,2026-01-08,0.0301556836254022,-0.0180679814130577,0.0042063975706696
2026-05-08 21:43:13,FLNC,live,2026-01-09,0.0953730136288073,0.0009485231810818,0.0063497237861156
2026-05-08 21:43:13,FLNC,live,2026-01-12,0.0034482724601392,0.0155376001236942,0.0091444179415702
2026-05-08 21:43:13,FLNC,live,2026-01-13,0.0231958330004895,0.0046213183049705,0.0045613516122102
2026-05-08 21:43:13,FLNC,live,2026-01-14,-0.0491183917415486,-0.0171268424501096,0.0023738204035907
2026-05-08 21:43:13,FLNC,live,2026-01-15,0.1258278335306506,-0.026849846976217,0.0037257180083543
2026-05-08 21:43:13,FLNC,live,2026-01-16,0.0619607813218061,0.0016246767130984,0.004037388600409
2026-05-08 21:43:13,FLNC,live,2026-01-20,-0.0579763552159329,0.0294166065992032,0.0119899539276957
2026-05-08 21:43:13,FLNC,live,2026-01-21,0.0325362570074125,-0.0047387598009951,0.0061695193871855
2026-05-08 21:43:13,FLNC,live,2026-01-22,0.0353075284657662,-0.0083328736390841,0.0046468395739793
2026-05-08 21:43:13,FLNC,live,2026-01-23,-0.0121012071201526,0.0007583806412972,0.0088117588311433
2026-05-08 21:43:13,FLNC,live,2026-01-26,0.0066815256721404,0.0029910595057923,0.0083064027130603
2026-05-08 21:43:13,FLNC,live,2026-01-27,0.0486725536127059,0.0075813415867231,0.0106690106913447
2026-05-08 21:43:13,FLNC,live,2026-01-28,0.0896624187473857,-0.0133558345094224,0.0034894195850938
2026-05-08 21:43:13,FLNC,live,2026-01-29,0.0187157124230312,0.0110079661027621,0.0061033247038722
2026-05-08 21:43:13,FLNC,live,2026-01-30,-0.0253404892237519,0.0219497536084122,0.0054883100092411
2026-05-08 21:43:13,FLNC,live,2026-02-02,0.003899867731542,-0.0027909331365488,0.001910965424031
2026-05-08 21:43:13,FLNC,live,2026-02-03,0.0433797403387756,-0.0227778056114139,0.0076351864263415
2026-05-08 21:43:13,FLNC,live,2026-02-04,-0.1005274532155129,-0.0005431518226446,0.0076998900622129
2026-05-08 21:43:13,FLNC,live,2026-02-05,-0.3463262879422735,0.0117930333660738,0.0070233549922704
2026-05-08 21:43:13,FLNC,live,2026-02-06,0.0258575066696808,-0.005063300753056,0.0047772070392966
2026-05-08 21:43:13,FLNC,live,2026-02-09,-0.0020576602072239,-0.0074183815878277,0.0061811907216906
2026-05-08 21:43:13,FLNC,live,2026-02-10,-0.0211340131687678,0.0288118908452905,0.00615478400141
2026-05-08 21:43:13,FLNC,live,2026-02-11,-0.0774091274919449,0.0231380258826777,0.0047454740852117
2026-05-08 21:43:13,FLNC,live,2026-02-12,-0.0045662055716787,0.0047883411321537,0.0050920993089675
2026-05-08 21:43:13,FLNC,live,2026-02-13,0.0584861536227101,-0.003858653555205,0.0066110249608755
2026-05-08 21:43:13,FLNC,live,2026-02-17,-0.0368363180688952,-0.0023508248801679,0.0129448985680937
2026-05-08 21:43:13,FLNC,live,2026-02-18,-0.019685060064852,0.0322844075735456,0.0050127319991588
2026-05-08 21:43:13,FLNC,live,2026-02-19,-0.0499139887550692,-0.0033418204120933,0.0043269768357276
2026-05-08 21:43:13,FLNC,live,2026-02-20,-0.0006038785751414,-0.0375546012420675,0.0027446474414318
2026-05-08 21:43:13,FLNC,live,2026-02-23,-0.0290029948256107,-0.016461242751294,0.0061819544062018
2026-05-08 21:43:13,FLNC,live,2026-02-24,0.0261356617467278,0.023995832103212,0.0084642767906188
2026-05-08 21:43:13,FLNC,live,2026-02-25,-0.0097028410935665,0.005023516831819,0.0046671442687511
2026-05-08 21:43:13,FLNC,live,2026-02-26,-0.0079607569732981,-0.0250929958049817,0.0046214079484343
2026-05-08 21:43:13,FLNC,live,2026-02-27,-0.0407407882718315,-0.0074821417252482,0.0027918557170778
2026-05-08 21:43:13,FLNC,live,2026-03-02,-0.0270270320028922,0.0251211238405997,0.0095982942730188
2026-05-08 21:43:13,FLNC,live,2026-03-03,-0.0132275007128904,0.0052470391230734,0.0061945961788296
2026-05-08 21:43:13,FLNC,live,2026-03-04,0.0589812406126679,-0.0314845027363011,0.0016142320819199
2026-05-08 21:43:13,FLNC,live,2026-03-05,-0.0025316431246933,-0.0134470835440701,0.0042649330571293
2026-05-08 21:43:13,FLNC,live,2026-03-06,-0.0621827716800849,-0.0033569376611384,0.0036791211459785
2026-05-08 21:43:13,FLNC,live,2026-03-09,0.0622462850416438,-0.0065449118031271,0.0016974383033812
2026-05-08 21:43:13,FLNC,live,2026-03-10,0.0751591952762384,-0.0160139079224045,0.0029803037177771
2026-05-08 21:43:13,FLNC,live,2026-03-11,0.0136256789703841,0.0068414372636581,0.0060866009443998
2026-05-08 21:43:13,FLNC,live,2026-03-12,-0.04032732375475,0.003230641813939,0.0090106707066297
2026-05-08 21:43:13,FLNC,live,2026-03-13,-0.0024361093387017,0.0103982746823845,0.0076151872053742
2026-05-08 21:43:13,FLNC,live,2026-03-16,0.0244201188261956,-0.0206372226774326,0.0078803841024637
2026-05-08 21:43:13,FLNC,live,2026-03-17,-0.0166865718228693,-0.0120379448920431,0.0105213997885584
2026-05-08 21:43:13,FLNC,live,2026-03-18,-0.0309091047807172,0.0292696482395142,0.0110356202349066
2026-05-08 21:43:13,FLNC,live,2026-03-19,0.0025016207692256,0.0004087231126036,0.0038595057558268
2026-05-08 21:43:13,FLNC,live,2026-03-20,-0.0561447619247063,-0.0292730801685776,-0.0016329728532582
2026-05-08 21:43:13,FLNC,live,2026-03-23,0.0152015558821314,-0.0026441266202433,0.0072812447324395
2026-05-08 21:43:13,FLNC,live,2026-03-24,0.0514322903327411,0.023424253485178,0.0061846543103456
2026-05-08 21:43:13,FLNC,live,2026-03-25,0.0123839484621395,0.0079096889836975,0.00494353659451
2026-05-08 21:43:13,FLNC,live,2026-03-26,-0.085015309534678,-0.0171192334693296,0.0033045376185327
2026-05-08 21:43:13,FLNC,live,2026-03-27,-0.054144412937918,-0.0102966263825864,0.0064115766435861
2026-05-08 21:43:13,FLNC,live,2026-03-30,-0.0812720600376751,0.0108511361404893,0.0087279956787824
2026-05-08 21:43:13,FLNC,live,2026-03-31,0.0584615560678334,-0.0028132208393139,0.0054194889962673
2026-05-08 21:43:13,FLNC,live,2026-04-01,-0.0537790522390345,0.0015084691101159,0.0056034866720438
2026-05-08 21:43:13,FLNC,live,2026-04-02,0.0215053550788648,0.0067250389294409,0.0046330215409398
2026-05-08 21:43:13,FLNC,live,2026-04-06,-0.0075188255665883,0.0039282797906822,0.006197459064424
2026-05-08 21:43:13,FLNC,live,2026-04-07,0.0037878932922232,-0.0023014789779993,0.0056823380291461
2026-05-08 21:43:13,FLNC,live,2026-04-08,-0.0098113293917674,0.0044393656143817,0.0076955007389187
2026-05-08 21:43:13,FLNC,live,2026-04-09,0.0335366263639922,-0.0011944240646602,0.0063736736774444
2026-05-08 21:43:13,FLNC,live,2026-04-10,0.0162241376509271,0.0026543849979007,0.0058238981291651
2026-05-08 21:43:13,FLNC,live,2026-04-13,-0.0094339707518186,-0.0038388576349762,0.0041089542210102
2026-05-08 21:43:13,FLNC,live,2026-04-14,0.0842491285233026,-0.0075203496080415,0.0040980204939842
2026-05-08 21:43:13,FLNC,live,2026-04-15,0.0277026920356919,-0.0073116568747304,0.0046754358336329
2026-05-08 21:43:13,FLNC,live,2026-04-16,-0.0151216630725705,0.0009092420811956,0.0068320864811539
2026-05-08 21:43:13,FLNC,live,2026-04-17,-0.0964619318411873,-0.0167941585272285,0.0038469366263598
2026-05-08 21:43:13,FLNC,live,2026-04-20,-0.0668636677631161,-0.0121630240039288,0.0022274449001997
2026-05-08 21:43:13,FLNC,live,2026-04-21,0.0110847460058753,0.005531987256944,0.0074770171195268
2026-05-08 21:43:13,FLNC,live,2026-04-22,0.0571651931141878,0.0093594724676057,0.0083398204296827
2026-05-08 21:43:13,FLNC,live,2026-04-23,0.0014815153899017,0.0151265194614016,0.0058859698474407
2026-05-08 21:43:13,FLNC,live,2026-04-24,-0.0103550546288895,-0.0100703168703646,0.0041667148470878
2026-05-08 21:43:13,FLNC,live,2026-04-27,-0.0014948025106581,-0.0105252901428588,0.0057603204622864
2026-05-08 21:43:13,FLNC,live,2026-04-28,-0.0755987500869977,-0.0047883374500029,0.006706922315061
2026-05-08 21:43:13,FLNC,live,2026-04-29,-0.0421052989232206,0.0041074635187042,0.0051401769742369
2026-05-08 21:43:13,FLNC,live,2026-04-30,0.0295858312533343,0.0010962625896124,0.0046658692881464
2026-05-08 21:43:13,FLNC,live,2026-05-01,0.000820958535056,0.0135208886487758,0.0055433642119169
2026-05-08 21:43:13,FLNC,live,2026-05-04,0.011484852185561,-0.0095459978507778,0.0042647272348403
2026-05-08 21:43:13,FLNC,live,2026-05-05,0.0291970526281268,-6.244302775512548e-05,0.0078601688146591
2026-05-08 21:43:13,FLNC,live,2026-05-06,0.0685579880221809,0.0030578286469658,0.0098859407007694
2026-05-08 21:43:13,FLNC,live,2026-05-07,0.3989674576935387,-0.0011537115950663,0.008015900850296
2026-05-09 01:03:25,AAPL,live,2025-05-16,-0.0008985529779279,0.0013382569084653,0.0198730733245611
2026-05-09 01:03:25,AAPL,live,2025-05-19,-0.0117391473181593,0.0097663423044808,0.0149775585159659
2026-05-09 01:03:25,AAPL,live,2025-05-20,-0.0091962558724207,0.0054099667260679,0.007051108404994
2026-05-09 01:03:25,AAPL,live,2025-05-21,-0.0230590497769695,0.0059166072018544,0.003986882045865
2026-05-09 01:03:25,AAPL,live,2025-05-22,-0.0036122414512582,-0.0121720384262073,0.0092188501730561
2026-05-09 01:03:25,AAPL,live,2025-05-23,-0.0302444594199552,0.0118853076229627,0.0040803649462759
2026-05-09 01:03:25,AAPL,live,2025-05-27,0.0252984134595677,-0.0040124316906577,-0.0040601878426969
2026-05-09 01:03:25,AAPL,live,2025-05-28,0.0010489134140743,0.0051657728194843,-0.0026716794818639
2026-05-09 01:03:25,AAPL,live,2025-05-29,-0.002345191940329,-0.0022549252590008,9.526711073704064e-05
2026-05-09 01:03:25,AAPL,live,2025-05-30,0.0045012437455829,0.003894251321485,0.0046190633438527
2026-05-09 01:03:25,AAPL,live,2025-06-02,0.0042319681852556,-0.0040504942300082,-0.0018591351108625
2026-05-09 01:03:25,AAPL,live,2025-06-03,0.0077838857023875,0.0015580196194286,0.0001250833156518
2026-05-09 01:03:25,AAPL,live,2025-06-04,-0.0022138246505105,-0.0054875716071925,-0.0044000768102705
2026-05-09 01:03:25,AAPL,live,2025-06-05,-0.0107977958427327,-0.0029230014225275,-0.0037422513123601
2026-05-09 01:03:25,AAPL,live,2025-06-06,0.016398322413909,-0.0012215171147072,-0.003085360629484
2026-05-09 01:03:25,AAPL,live,2025-06-09,-0.0121126071748413,0.0082795040544272,-0.0020072911866009
2026-05-09 01:03:25,AAPL,live,2025-06-10,0.0060561428572623,0.0002408601538088,-0.0021109918598085
2026-05-09 01:03:25,AAPL,live,2025-06-11,-0.0191937930287114,0.0046699466850839,-0.002231604186818
2026-05-09 01:03:25,AAPL,live,2025-06-12,0.0021129184846335,-0.0026120703485021,-0.002022378379479
2026-05-09 01:03:25,AAPL,live,2025-06-13,-0.013805203391582,0.0052317510503061,-0.0010787901701405
2026-05-09 01:03:25,AAPL,live,2025-06-16,0.0100279786791122,0.0014566276483947,0.0048490832559764
2026-05-09 01:03:25,AAPL,live,2025-06-17,-0.0140106579641384,0.0023059559865971,0.0034064205829054
2026-05-09 01:03:25,AAPL,live,2025-06-18,0.0048046694853498,-0.0018291755876664,-0.000416070484789
2026-05-09 01:03:25,AAPL,live,2025-06-20,0.0224846175029378,0.001808373081593,0.0001082850212696
2026-05-09 01:03:25,AAPL,live,2025-06-23,0.0024874411519943,-0.0002528574075153,-0.0023674801923334
2026-05-09 01:03:25,AAPL,live,2025-06-24,-0.0059553649555199,0.0024218268675343,-0.0036389490123838
2026-05-09 01:03:25,AAPL,live,2025-06-25,0.0062905768953778,-0.0088455911215511,-0.0039931638166308
2026-05-09 01:03:25,AAPL,live,2025-06-26,-0.00277819119532,0.0029668274708621,-0.0024698574561625
2026-05-09 01:03:25,AAPL,live,2025-06-27,0.0003980119050257,-0.0023839939399664,-0.00123674236238
2026-05-09 01:03:25,AAPL,live,2025-06-30,0.0203400060892069,0.0079709762808701,-0.0011372813023626
2026-05-09 01:03:25,AAPL,live,2025-07-01,0.012916230362977,-0.0033250928704384,-0.001253655180335
2026-05-09 01:03:25,AAPL,live,2025-07-02,0.022230721031947,0.0029614224728877,5.91094431001693e-05
2026-05-09 01:03:25,AAPL,live,2025-07-03,0.0052249858413719,0.0002554919683792,0.000162540221936
2026-05-09 01:03:25,AAPL,live,2025-07-07,-0.0168578201018824,0.001771084814326,0.0019783456809818
2026-05-09 01:03:25,AAPL,live,2025-07-08,0.0002856926241876,-4.248042745937878e-05,-0.0001913282612804
2026-05-09 01:03:25,AAPL,live,2025-07-09,0.0053807689109446,0.0013633927717803,0.0023112627677619
2026-05-09 01:03:25,AAPL,live,2025-07-10,0.0060149510438018,-0.0018095909191565,-0.0032509034499526
2026-05-09 01:03:25,AAPL,live,2025-07-11,-0.0058848117153514,0.0013219445711573,-0.0013762806775048
2026-05-09 01:03:25,AAPL,live,2025-07-14,-0.0120289074161615,-0.0004647903222194,-0.0012129677925258
2026-05-09 01:03:25,AAPL,live,2025-07-15,0.0023488258805162,-0.0022632773942555,-0.0019677579402923
2026-05-09 01:03:25,AAPL,live,2025-07-16,0.0050212784395655,-0.0008015505533558,-0.0019275109516456
2026-05-09 01:03:25,AAPL,live,2025-07-17,-0.000666144257701,0.0029308824565995,-0.0020233050454407
2026-05-09 01:03:25,AAPL,live,2025-07-18,0.0055232747318143,0.0014383921258287,-0.0009468185016885
2026-05-09 01:03:25,AAPL,live,2025-07-21,0.0061558625136106,0.001933424510756,-0.0004269081109669
2026-05-09 01:03:25,AAPL,live,2025-07-22,0.0090361181089577,-0.0016418242086484,-0.0025598527863621
2026-05-09 01:03:25,AAPL,live,2025-07-23,-0.0011660239162684,0.0019398938287105,3.072814433835447e-05
2026-05-09 01:03:25,AAPL,live,2025-07-24,-0.0018211179209767,-0.00106428273944,-0.0014699660241603
2026-05-09 01:03:25,AAPL,live,2025-07-25,0.0005613442591165,0.0009759516111072,0.0011800768552348
2026-05-09 01:03:25,AAPL,live,2025-07-28,0.0007949585217563,0.0002766436948418,-0.0011192731326445
2026-05-09 01:03:25,AAPL,live,2025-07-29,-0.0129876658003121,0.0041007735543195,0.0004267722833901
2026-05-09 01:03:25,AAPL,live,2025-07-30,-0.010507842595346,0.0016034260268414,-0.0017051073955371
2026-05-09 01:03:25,AAPL,live,2025-07-31,-0.0070797175463588,0.0018411221175033,0.0003047163772862
2026-05-09 01:03:25,AAPL,live,2025-08-01,-0.0250036185567109,0.0007235308604069,-0.0021696260664612
2026-05-09 01:03:25,AAPL,live,2025-08-04,0.0047930350118132,0.0003072909012167,-0.0029754641000181
2026-05-09 01:03:25,AAPL,live,2025-08-05,-0.0021146570738387,0.0021290907907321,-0.001276017865166
2026-05-09 01:03:25,AAPL,live,2025-08-06,0.050906762062084,0.0013957635550585,-0.000534534570761
2026-05-09 01:03:25,AAPL,live,2025-08-07,0.0317936673625609,4.723983389100662e-05,-0.0016071778954938
2026-05-09 01:03:25,AAPL,live,2025-08-08,0.0423578293419275,0.0017735083972845,-0.0009141591144725
2026-05-09 01:03:25,AAPL,live,2025-08-11,-0.0083373595603093,-0.0009711052190767,-0.0018651859136298
2026-05-09 01:03:25,AAPL,live,2025-08-12,0.0108724383828313,-0.0043409739124144,-0.0034466183278709
2026-05-09 01:03:25,AAPL,live,2025-08-13,0.0160244739114254,-0.003550308532062,-0.0030363502446562
2026-05-09 01:03:25,AAPL,live,2025-08-14,-0.0023572269806403,-0.0033773439804388,-0.003127661300823
2026-05-09 01:03:25,AAPL,live,2025-08-15,-0.0051121574775679,0.0032767960694069,-0.001453896285966
2026-05-09 01:03:25,AAPL,live,2025-08-18,-0.0030225219373292,-0.0013254760904258,0.0007040917407721
2026-05-09 01:03:25,AAPL,live,2025-08-19,-0.0014292694060268,0.002153470818864,-0.0015407213941216
2026-05-09 01:03:25,AAPL,live,2025-08-20,-0.0197345907016235,-0.0025790256846896,-0.0019621034152805
2026-05-09 01:03:25,AAPL,live,2025-08-21,-0.0049112486913719,0.0048327130923965,-0.0016961785731837
2026-05-09 01:03:25,AAPL,live,2025-08-22,0.0127167365225235,-0.0027644881323587,-0.0003542126214597
2026-05-09 01:03:25,AAPL,live,2025-08-25,-0.0026343657771271,0.0048026492071668,8.879401138983667e-05
2026-05-09 01:03:25,AAPL,live,2025-08-26,0.0094647386915098,-0.0015225575408455,-0.0015972465043887
2026-05-09 01:03:25,AAPL,live,2025-08-27,0.0051459148125956,-0.0008907886503239,-0.0017560712294653
2026-05-09 01:03:25,AAPL,live,2025-08-28,0.0089808370648745,-0.0036897076914884,-0.001378862070851
2026-05-09 01:03:25,AAPL,live,2025-08-29,-0.0018060015285242,-0.0028671930733652,-0.0020513313356786
2026-05-09 01:03:25,AAPL,live,2025-09-02,-0.010424716908628,0.0003685086212092,-0.0021271808072924
2026-05-09 01:03:25,AAPL,live,2025-09-03,0.0380898412049814,0.0004459978110034,-0.0021525849588215
2026-05-09 01:03:25,AAPL,live,2025-09-04,0.0054932997680117,0.00478941327128,-0.0011944085126742
2026-05-09 01:03:25,AAPL,live,2025-09-05,-0.0003753428502223,0.0035409349606352,-0.0011595836840569
2026-05-09 01:03:25,AAPL,live,2025-09-08,-0.0075513890412566,0.0004013080905424,-0.0013006625231355
2026-05-09 01:03:25,AAPL,live,2025-09-09,-0.014839416284502,0.0028183466313329,-0.0010284853633493
2026-05-09 01:03:25,AAPL,live,2025-09-10,-0.0322594660210642,0.0003184712803796,0.0007252198411151
2026-05-09 01:03:25,AAPL,live,2025-09-11,0.0142863652719709,0.0031203219339435,0.0006194541929289
2026-05-09 01:03:25,AAPL,live,2025-09-12,0.0175629430952588,-0.0004517901377902,0.0007896565366536
2026-05-09 01:03:25,AAPL,live,2025-09-15,0.0112359036862079,0.0043285056506069,0.0025693830102682
2026-05-09 01:03:25,AAPL,live,2025-09-16,0.006125935389198,0.002400483407243,-0.0015383436111733
2026-05-09 01:03:25,AAPL,live,2025-09-17,0.0035272200202507,-0.0037835528366448,-0.0027846049051731
2026-05-09 01:03:25,AAPL,live,2025-09-18,-0.0046445731252398,-0.0036080641673376,-0.0049816532991826
2026-05-09 01:03:25,AAPL,live,2025-09-19,0.0320329387201039,-0.0046892375188355,-0.0044477307237684
2026-05-09 01:03:25,AAPL,live,2025-09-22,0.043095672815858,0.000754660548287,-0.0035881719086319
2026-05-09 01:03:25,AAPL,live,2025-09-23,-0.0064432584256582,-0.0012526105538432,-0.0007364861667156
2026-05-09 01:03:25,AAPL,live,2025-09-24,-0.008332350414175,0.0012057069289488,-0.0027270426508039
2026-05-09 01:03:25,AAPL,live,2025-09-25,0.0180729669798063,-0.0052125203403169,-0.0027068112976849
2026-05-09 01:03:25,AAPL,live,2025-09-26,-0.0054891006573779,-0.0011273730001479,-0.0010423245839774
2026-05-09 01:03:25,AAPL,live,2025-09-29,-0.0040319624617077,0.0028203238278823,-0.00072708632797
2026-05-09 01:03:25,AAPL,live,2025-09-30,0.0007861150085717,0.0025734494652082,-0.0007938481867313
2026-05-09 01:03:25,AAPL,live,2025-10-01,0.003220341689919,-0.0003453081854354,-0.000585347879678
2026-05-09 01:03:25,AAPL,live,2025-10-02,0.0065766279100596,0.0037713149450987,0.0013951192377135
2026-05-09 01:03:25,AAPL,live,2025-10-03,0.0034612794628809,0.0007035152961882,-0.0008957177633419
2026-05-09 01:03:25,AAPL,live,2025-10-06,-0.0051546947609915,-0.002491753822953,-0.0022879855241626
2026-05-09 01:03:25,AAPL,live,2025-10-07,-0.0008179658510275,-0.0025546208063854,-0.0011515707010403
2026-05-09 01:03:25,AAPL,live,2025-10-08,0.0061603302390016,-0.0002510717964692,-0.0022663716226816
2026-05-09 01:03:25,AAPL,live,2025-10-09,-0.0155779177879115,-0.0010237968991005,-0.0017994415247812
2026-05-09 01:03:25,AAPL,live,2025-10-10,-0.0345220451328066,0.0009588183472523,-0.0018466297769919
2026-05-09 01:03:25,AAPL,live,2025-10-13,0.009744359001401,-0.000543404200922,-0.0008750524139031
2026-05-09 01:03:25,AAPL,live,2025-10-14,0.0004441421356069,0.0025121937433225,-0.0009909387445077
2026-05-09 01:03:25,AAPL,live,2025-10-15,0.0063365353313551,0.0008932955738342,-0.0038417743053287
2026-05-09 01:03:25,AAPL,live,2025-10-16,-0.0075799863393841,0.005148558034534,-0.0018690234282985
2026-05-09 01:03:25,AAPL,live,2025-10-17,0.0195593942011609,-0.0010001527745121,-0.0009523553308099
2026-05-09 01:03:25,AAPL,live,2025-10-20,0.0394388237214669,0.0010423685250327,0.0003025302721653
2026-05-09 01:03:25,AAPL,live,2025-10-21,0.0020209326791449,0.0052355124294371,0.0016155230114236
2026-05-09 01:03:25,AAPL,live,2025-10-22,-0.0164400645747891,0.0046993794364786,0.0030795347411185
2026-05-09 01:03:25,AAPL,live,2025-10-23,0.0043720532620099,-0.0041396030400109,-0.0028078411705791
2026-05-09 01:03:25,AAPL,live,2025-10-24,0.0124818972559215,-0.0034855358478759,-0.002843240275979
2026-05-09 01:03:25,AAPL,live,2025-10-27,0.022791155068992,-0.0016005539901079,-0.0021484352182596
2026-05-09 01:03:25,AAPL,live,2025-10-28,0.0007068103233436,0.0044375374412776,-0.0015473987441509
2026-05-09 01:03:25,AAPL,live,2025-10-29,0.0026022346664624,-0.0021781668643946,-0.0014485414139926
2026-05-09 01:03:25,AAPL,live,2025-10-30,0.0063032290912405,0.000637099780984,-0.0018630331614986
2026-05-09 01:03:25,AAPL,live,2025-10-31,-0.0037950428984276,-0.0032548686907358,-0.0044641220010817
2026-05-09 01:03:25,AAPL,live,2025-11-03,-0.0048822578802912,-0.0001375867646786,-0.0035691971424967
2026-05-09 01:03:25,AAPL,live,2025-11-04,0.0036796584516909,0.0002830725849625,-0.0004865990777034
2026-05-09 01:03:25,AAPL,live,2025-11-05,0.0003703646251622,-0.0018051028723077,-0.0007503259694203
2026-05-09 01:03:25,AAPL,live,2025-11-06,-0.0013697625428008,-0.0021968681089543,-0.0027153296396136
2026-05-09 01:03:25,AAPL,live,2025-11-07,-0.0048188791892468,0.0011483006304017,-0.0006207161350175
2026-05-09 01:03:25,AAPL,live,2025-11-10,0.0045487216030906,-0.0008265739366364,-0.0009191414574161
2026-05-09 01:03:25,AAPL,live,2025-11-11,0.0216011035290912,-0.0011135114867426,-0.0015525139169767
2026-05-09 01:03:25,AAPL,live,2025-11-12,-0.0064667915516215,-0.0002788323538694,-0.0018729112343862
2026-05-09 01:03:25,AAPL,live,2025-11-13,-0.001901440103799,0.0046931755594725,-0.0020659447181969
2026-05-09 01:03:25,AAPL,live,2025-11-14,-0.001978476140276,0.0007091250190254,-0.0016457954188808
2026-05-09 01:03:25,AAPL,live,2025-11-17,-0.0181711431258133,0.0004956681175165,-0.0008848365396261
2026-05-09 01:03:25,AAPL,live,2025-11-18,-7.469218596389826e-05,-0.0012544253402714,-0.0012679984793066
2026-05-09 01:03:25,AAPL,live,2025-11-19,0.0041877577444107,0.0018367753651486,-0.0013530389405786
2026-05-09 01:03:25,AAPL,live,2025-11-20,-0.0086013939801957,0.0047174140766815,0.0015438947593793
2026-05-09 01:03:25,AAPL,live,2025-11-21,0.0196806589566886,0.0029445138243631,0.0036248229444026
2026-05-09 01:03:25,AAPL,live,2025-11-24,0.0163175259035717,8.384019575941959e-05,-0.0019407077925279
2026-05-09 01:03:25,AAPL,live,2025-11-25,0.0038054245067611,0.0009863686195619,-0.0010549052385613
2026-05-09 01:03:25,AAPL,live,2025-11-26,0.0020940152983219,0.0026097040798454,-0.0015021919971331
2026-05-09 01:03:25,AAPL,live,2025-11-28,0.0046838874009274,0.0002736333656509,-0.0010277075925841
2026-05-09 01:03:25,AAPL,live,2025-12-01,0.0152411895738933,-0.0034954334085291,-0.0037337176036089
2026-05-09 01:03:25,AAPL,live,2025-12-02,0.0109148205282527,-0.0025636347305887,-0.0034927446395158
2026-05-09 01:03:25,AAPL,live,2025-12-03,-0.0071281072998738,0.0006332620073413,-0.000900829094462
2026-05-09 01:03:25,AAPL,live,2025-12-04,-0.0121414833692616,-0.0008840333002974,0.0006901485612615
2026-05-09 01:03:25,AAPL,live,2025-12-05,-0.0068400704770148,-0.0006319324646136,-0.0021097129210829
2026-05-09 01:03:25,AAPL,live,2025-12-08,-0.0031924534677664,0.0006468664452249,-0.0029515624046325
2026-05-09 01:03:25,AAPL,live,2025-12-09,-0.0025550193698475,0.0009679087034249,-0.0031518444884568
2026-05-09 01:03:25,AAPL,live,2025-12-10,0.0057724459488901,0.0014907048155169,-0.0014962188433855
2026-05-09 01:03:25,AAPL,live,2025-12-11,-0.0026902907054526,0.0007728937095508,-0.0017026880523189
2026-05-09 01:03:25,AAPL,live,2025-12-12,0.0008992558753764,-0.000520242129298,-0.0018177112797275
2026-05-09 01:03:25,AAPL,live,2025-12-15,-0.014985035929685,0.0013833985056701,-0.000797385466285
2026-05-09 01:03:25,AAPL,live,2025-12-16,0.0018241206270945,-0.0011253733998093,-0.000847278162837
2026-05-09 01:03:25,AAPL,live,2025-12-17,-0.0100869765633133,-0.0011310343304818,-0.0016409115632995
2026-05-09 01:03:25,AAPL,live,2025-12-18,0.0012875132341483,0.0012345633861828,-0.0011916796211153
2026-05-09 01:03:25,AAPL,live,2025-12-19,0.0054374564572545,0.0026875075828257,-0.0010150708258152
2026-05-09 01:03:25,AAPL,live,2025-12-22,-0.0098660198257976,0.0025211612251723,-0.0009792880155146
2026-05-09 01:03:25,AAPL,live,2025-12-23,0.0051297261004703,0.0011569522445356,-0.002214676933363
2026-05-09 01:03:25,AAPL,live,2025-12-24,0.0053238158353827,-0.0015021400703394,-0.0029666521586477
2026-05-09 01:03:25,AAPL,live,2025-12-26,-0.0014973530252399,0.0042969574135557,-0.0005560980644077
2026-05-09 01:03:25,AAPL,live,2025-12-29,0.0013168132449112,0.0014154318069578,-0.000910420785658
2026-05-09 01:03:25,AAPL,live,2025-12-30,-0.0024839932953827,0.0027074005513059,-0.0005902334814891
2026-05-09 01:03:25,AAPL,live,2025-12-31,-0.0044676014997897,-0.0005283863544969,0.001134272199124
2026-05-09 01:03:25,AAPL,live,2026-01-02,-0.0031265238798289,0.0017157123715445,-0.0011161562288179
2026-05-09 01:03:25,AAPL,live,2026-01-05,-0.0138371132872581,0.0003996449428002,-0.001418542000465
2026-05-09 01:03:25,AAPL,live,2026-01-06,-0.0183343088300222,0.0008766569646082,-0.0008238933514803
2026-05-09 01:03:25,AAPL,live,2026-01-07,-0.0077374774056275,-0.0012460208175034,-0.003315313020721
2026-05-09 01:03:25,AAPL,live,2026-01-08,-0.0049551083377001,1.5603291810006598e-06,-0.0027774446643888
2026-05-09 01:03:25,AAPL,live,2026-01-09,0.0012738954148727,0.0029690686352669,-0.001751986448653
2026-05-09 01:03:25,AAPL,live,2026-01-12,0.0033928502238405,0.0020292569388424,-0.0017939131939783
2026-05-09 01:03:25,AAPL,live,2026-01-13,0.0030738623692765,0.0011395500586216,-0.0023370292037725
2026-05-09 01:03:25,AAPL,live,2026-01-14,-0.0041753602144793,-0.0011033128660215,-0.003025573445484
2026-05-09 01:03:25,AAPL,live,2026-01-15,-0.0067318762465621,-0.0004949244503575,-0.0023089866153895
2026-05-09 01:03:25,AAPL,live,2026-01-16,-0.0103790732765377,0.001519749132453,-0.0003931328828912
2026-05-09 01:03:25,AAPL,live,2026-01-20,-0.0345556349236756,0.0003794298340629,0.0001679445413174
2026-05-09 01:03:25,AAPL,live,2026-01-21,0.0038508311068108,0.0026234774826143,-0.0005742420908063
2026-05-09 01:03:25,AAPL,live,2026-01-22,0.0028266120532465,0.0022224707916812,-0.0010556214256212
2026-05-09 01:03:25,AAPL,live,2026-01-23,-0.0012482895057522,0.0037938556055318,-0.0013148477301001
2026-05-09 01:03:25,AAPL,live,2026-01-26,0.029712962519965,0.0022213868981135,-0.0019773936364799
2026-05-09 01:03:25,AAPL,live,2026-01-27,0.011197578028024,0.0011191140788478,-0.0011279308237135
2026-05-09 01:03:25,AAPL,live,2026-01-28,-0.0070854453281867,0.0011998606133064,-0.0012182332575321
2026-05-09 01:03:25,AAPL,live,2026-01-29,0.0071750771961642,0.0020357177845833,0.000422345183324
2026-05-09 01:03:25,AAPL,live,2026-01-30,0.0046461394466286,-0.000213810944252,-0.0013844228815287
2026-05-09 01:03:25,AAPL,live,2026-02-02,0.0405812241338472,-0.0011627166198764,-0.0002921741397585
2026-05-09 01:03:25,AAPL,live,2026-02-03,-0.0019629122599374,0.0017209301312468,-0.0016018779715523
2026-05-09 01:03:25,AAPL,live,2026-02-04,0.0260129543351863,-0.0026820883744676,-0.0017652461538091
2026-05-09 01:03:25,AAPL,live,2026-02-05,-0.0020976508564164,-0.0006434082807805,-0.0004721959412563
2026-05-09 01:03:25,AAPL,live,2026-02-06,0.0080097938935852,-0.0020062489733814,-0.0021298164501786
2026-05-09 01:03:25,AAPL,live,2026-02-09,-0.0116605139465317,0.0005273457541914,-0.0020537148229777
2026-05-09 01:03:25,AAPL,live,2026-02-10,-0.0034229206107339,0.0004183319050788,-0.0014425787376239
2026-05-09 01:03:25,AAPL,live,2026-02-11,0.0066501292492171,0.0015536332752273,-0.0016930367564782
2026-05-09 01:03:25,AAPL,live,2026-02-12,-0.0499818113018942,6.185328618812155e-05,-0.0012886478798463
2026-05-09 01:03:25,AAPL,live,2026-02-13,-0.0227333968489462,9.94768695278584e-05,-0.001018735114485
2026-05-09 01:03:25,AAPL,live,2026-02-17,0.0316678635631115,-0.0039492636025454,-0.0008918842067942
2026-05-09 01:03:25,AAPL,live,2026-02-18,0.0017811172199722,0.00529273553201,0.000576457590796
2026-05-09 01:03:25,AAPL,live,2026-02-19,-0.0142614694314541,0.0001741234521293,0.00106117723044
2026-05-09 01:03:25,AAPL,live,2026-02-20,0.0153503730375343,0.0055539712219898,-0.0004060899664182
2026-05-09 01:03:25,AAPL,live,2026-02-23,0.006047343656806,-0.0037903760117963,-0.0009070902597159
2026-05-09 01:03:25,AAPL,live,2026-02-24,0.0223909464897904,0.0048935615326785,-0.0016516331816092
2026-05-09 01:03:25,AAPL,live,2026-02-25,0.0076798567847164,0.001605083002088,-0.0018321567913517
2026-05-09 01:03:25,AAPL,live,2026-02-26,-0.0046676101375378,-0.0021671037368122,-0.001681947032921
2026-05-09 01:03:25,AAPL,live,2026-02-27,-0.0321304969372853,0.0013452486486886,-0.0007313928799703
2026-05-09 01:03:25,AAPL,live,2026-03-02,0.0020440932693361,-9.103899587601715e-05,-9.460918954573572e-05
2026-05-09 01:03:25,AAPL,live,2026-03-03,-0.0036642536122324,0.0036401785997331,0.0008692216943018
2026-05-09 01:03:25,AAPL,live,2026-03-04,-0.0046635487633294,0.0051066552276207,0.0038577446248382
2026-05-09 01:03:25,AAPL,live,2026-03-05,-0.008494516844711,0.0044982737151297,-0.0014084870927035
2026-05-09 01:03:25,AAPL,live,2026-03-06,-0.0108725536783534,0.0015651290096479,-0.0014426382258534
2026-05-09 01:03:25,AAPL,live,2026-03-09,0.0093995708383942,0.0009066679032601,-0.0017495168140158
2026-05-09 01:03:25,AAPL,live,2026-03-10,0.0036554627966916,0.0006438079163276,-0.0034429584629833
2026-05-09 01:03:25,AAPL,live,2026-03-11,-7.663617950748325e-05,-0.0016404993770404,-0.001871371991001
2026-05-09 01:03:25,AAPL,live,2026-03-12,-0.0193627663779386,-0.0032191195879123,-0.0004979477962478
2026-05-09 01:03:25,AAPL,live,2026-03-13,-0.0220519217656524,0.0012463854813205,-0.0021952115930616
2026-05-09 01:03:25,AAPL,live,2026-03-16,0.010794867502561,-0.0016437470809492,-0.002788205165416
2026-05-09 01:03:25,AAPL,live,2026-03-17,0.0055770443891813,9.338199507018695e-05,-0.0038908070418983
2026-05-09 01:03:25,AAPL,live,2026-03-18,-0.0168744576101493,-0.0005758041444777,-0.0018339647212997
2026-05-09 01:03:25,AAPL,live,2026-03-19,-0.0039209238936004,0.000422234066213,-0.0034810330253094
2026-05-09 01:03:25,AAPL,live,2026-03-20,-0.0038962130243591,0.0041012647254045,-0.0013987297425046
2026-05-09 01:03:25,AAPL,live,2026-03-23,0.0141134720048081,0.0028207215233501,-0.0021304339170455
2026-05-09 01:03:25,AAPL,live,2026-03-24,0.0005964209042432,0.0042835374027617,-0.0001478113408666
2026-05-09 01:03:25,AAPL,live,2026-03-25,0.0038944354232874,-0.0010721607590243,-0.0007982340175658
2026-05-09 01:03:25,AAPL,live,2026-03-26,0.0010688159198788,0.0001275918087435,-0.0007438036845996
2026-05-09 01:03:25,AAPL,live,2026-03-27,-0.0161730252195099,0.0055922436650318,0.0071588796563446
2026-05-09 01:03:25,AAPL,live,2026-03-30,-0.0087218574852424,0.0008633735492512,0.0009875941323116
2026-05-09 01:03:25,AAPL,live,2026-03-31,0.0290312949015365,-0.0035414049852526,-0.0034170625731348
2026-05-09 01:03:25,AAPL,live,2026-04-01,0.0072501345417712,-5.778811969641231e-05,-0.0011324571678414
2026-05-09 01:03:25,AAPL,live,2026-04-02,0.0011344258521832,0.0039098124023533,-3.803009167313576e-05
2026-05-09 01:03:25,AAPL,live,2026-04-06,0.0114879149877,0.0013795375674735,-0.0030719831120222
2026-05-09 01:03:25,AAPL,live,2026-04-07,-0.0207061178045073,-0.0015329320390067,-0.0027124364860355
2026-05-09 01:03:25,AAPL,live,2026-04-08,0.0213017510709443,-0.0019402536629112,-0.0034975819289684
2026-05-09 01:03:25,AAPL,live,2026-04-09,0.0061413533231922,-0.0018906548005201,-0.0020791182760149
2026-05-09 01:03:25,AAPL,live,2026-04-10,-3.830952597405623e-05,0.0028021512654233,-0.0003900041629094
2026-05-09 01:03:25,AAPL,live,2026-04-13,-0.0049140000203856,0.0023733392886453,0.0029211260844022
2026-05-09 01:03:25,AAPL,live,2026-04-14,-0.0014275679681298,-0.0006563788975564,-0.0016367937205359
2026-05-09 01:03:25,AAPL,live,2026-04-15,0.0293629273955615,-0.0025271199685446,-0.0009354134090244
2026-05-09 01:03:25,AAPL,live,2026-04-16,-0.011372588907376,0.0013900762777724,-0.0006953959818929
2026-05-09 01:03:25,AAPL,live,2026-04-17,0.025930209749845,0.0038895874010166,-0.000274703692412
2026-05-09 01:03:25,AAPL,live,2026-04-20,0.0104354686452028,-0.0003299555366044,-0.000465562363388
2026-05-09 01:03:25,AAPL,live,2026-04-21,-0.0251967576371067,0.0002325321385028,-0.0025026064831763
2026-05-09 01:03:25,AAPL,live,2026-04-22,0.0262989805269724,-0.001890000276782,-0.001744391513057
2026-05-09 01:03:25,AAPL,live,2026-04-23,0.0009517122497622,0.000452490191042,-0.000904855900444
2026-05-09 01:03:25,AAPL,live,2026-04-24,-0.008667648687676,0.00026458673275,0.0014946704031899
2026-05-09 01:03:25,AAPL,live,2026-04-27,-0.0127278544901686,0.0030519858961816,0.0012279888615012
2026-05-09 01:03:25,AAPL,live,2026-04-28,0.0115840449654489,-0.0007652569694055,-0.0023483748082071
2026-05-09 01:03:25,AAPL,live,2026-04-29,-0.0019946734305643,-0.0015242885208331,-0.0014122839784249
2026-05-09 01:03:25,AAPL,live,2026-04-30,0.0043675930604225,0.0059878293353485,0.0009580934420228
2026-05-09 01:03:25,AAPL,live,2026-05-01,0.0323936183792405,-0.0010477715135159,-0.000766365439631
2026-05-09 01:03:25,AAPL,live,2026-05-04,-0.0118156204151191,0.0026155484515323,-0.0011395484907552
2026-05-09 01:03:25,AAPL,live,2026-05-05,0.0265506139509092,2.6797281535002188e-05,-0.0025577335618436
2026-05-09 01:03:25,AAPL,live,2026-05-06,0.0117179856980393,-0.0014585306648511,-0.0013938948977738
2026-05-09 01:03:25,AAPL,live,2026-05-07,-0.0002434952587417,-0.0010221803155355,-0.0014254397246986
2026-05-09 01:18:04,AMZN,live,2025-05-16,0.0020470740005538,-0.0027537479531029,0.0024909689091145
2026-05-09 01:18:04,AMZN,live,2025-05-19,0.002772544065237,0.0031007048088442,0.0025425157509744
2026-05-09 01:18:04,AMZN,live,2025-05-20,-0.010137739138364,0.0024133840134524,-0.0002704808139242
2026-05-09 01:18:04,AMZN,live,2025-05-21,-0.0144558832809976,0.0043568528051136,0.0014616678236052
2026-05-09 01:18:04,AMZN,live,2025-05-22,0.0098449235998361,-0.0105111766387215,-0.0058035929687321
2026-05-09 01:18:04,AMZN,live,2025-05-23,-0.0103889736432412,0.003546986195964,-0.0001903228403534
2026-05-09 01:18:04,AMZN,live,2025-05-27,0.0250261139450933,0.0012409664873095,-0.0046982583589851
2026-05-09 01:18:04,AMZN,live,2025-05-28,-0.0063100816658491,0.0024301398392732,-0.0038212025538086
2026-05-09 01:18:04,AMZN,live,2025-05-29,0.0047870052837806,-0.008865964923867,-0.003506040200591
2026-05-09 01:18:04,AMZN,live,2025-05-30,-0.0033544115296213,0.0050881431974847,-0.001304127741605
2026-05-09 01:18:04,AMZN,live,2025-06-02,0.0079996070122998,0.0015347476273465,-0.0005169966607354
2026-05-09 01:18:04,AMZN,live,2025-06-03,-0.0045486920415204,0.0028555559922328,0.0020010219886898
2026-05-09 01:18:04,AMZN,live,2025-06-04,0.0073889891792484,-0.0012212341843291,-0.0022976570762693
2026-05-09 01:18:04,AMZN,live,2025-06-05,0.0032814165352026,-0.0004376846399491,-0.0032198154367506
2026-05-09 01:18:04,AMZN,live,2025-06-06,0.0272233349161394,0.0017636799053502,-0.0034502111375331
2026-05-09 01:18:04,AMZN,live,2025-06-09,0.0159666071376007,-0.0044035470149084,-0.0030617923475801
2026-05-09 01:18:04,AMZN,live,2025-06-10,0.0029035159702168,0.0007766786928609,-0.0021616853773593
2026-05-09 01:18:04,AMZN,live,2025-06-11,-0.0202656295654621,0.0040038443865476,-0.0022659567184746
2026-05-09 01:18:04,AMZN,live,2025-06-12,0.0001876573428449,0.000573079502951,-0.0017420867225155
2026-05-09 01:18:04,AMZN,live,2025-06-13,-0.0053460859139069,-9.371592184930444e-05,-0.0047964202240109
2026-05-09 01:18:04,AMZN,live,2025-06-16,0.0188590282173202,-0.0061327338537523,-0.003020788077265
2026-05-09 01:18:04,AMZN,live,2025-06-17,-0.0059231778951627,-0.0022226965527525,-0.0007630104664713
2026-05-09 01:18:04,AMZN,live,2025-06-18,-0.0107066519567077,-0.0040662002222272,-0.0003859357966575
2026-05-09 01:18:04,AMZN,live,2025-06-20,-0.013316402099383,0.0036648343522661,-0.0012047332711517
2026-05-09 01:18:04,AMZN,live,2025-06-23,-0.00581811820544,0.0053138470298952,-0.0003928684163838
2026-05-09 01:18:04,AMZN,live,2025-06-24,0.0206264835543674,0.0064438379642667,-0.0004936442128382
2026-05-09 01:18:04,AMZN,live,2025-06-25,-0.0036659245365152,-0.0024723018676001,-0.0049190782010555
2026-05-09 01:18:04,AMZN,live,2025-06-26,0.0241992051091712,0.0018638173800195,-0.0031028087250888
2026-05-09 01:18:04,AMZN,live,2025-06-27,0.0284635596607982,-0.0001554567166254,-0.0023643863387405
2026-05-09 01:18:04,AMZN,live,2025-06-30,-0.0175100922914143,0.0020142889564422,-0.0010673201177269
2026-05-09 01:18:04,AMZN,live,2025-07-01,0.0048771927945465,-0.0035433012927975,-0.0025655580684542
2026-05-09 01:18:04,AMZN,live,2025-07-02,-0.0024494626166946,0.00135960855983,-0.0027756029739975
2026-05-09 01:18:04,AMZN,live,2025-07-03,0.015869432167251,-0.0021899428110134,-0.0018027537735179
2026-05-09 01:18:04,AMZN,live,2025-07-07,0.0002685535903059,0.0033850236081164,-0.0011466653086245
2026-05-09 01:18:04,AMZN,live,2025-07-08,-0.0183917330643966,-0.001664960443485,-0.0022423453629016
2026-05-09 01:18:04,AMZN,live,2025-07-09,0.0144966842949179,-0.0016685149171227,-0.001295406371355
2026-05-09 01:18:04,AMZN,live,2025-07-10,-0.0012581953255335,-0.0020591073839931,-0.0034023514017462
2026-05-09 01:18:04,AMZN,live,2025-07-11,0.0124179332036298,0.0008337358071298,-0.0019561857916414
2026-05-09 01:18:04,AMZN,live,2025-07-14,0.0029775049161142,0.0020542093869008,-0.0024225190281867
2026-05-09 01:18:04,AMZN,live,2025-07-15,0.002924381474455,-0.0018756623965355,-0.0018118432490155
2026-05-09 01:18:04,AMZN,live,2025-07-16,-0.0139606961647892,-0.0009709066149928,-0.0020442684181034
2026-05-09 01:18:04,AMZN,live,2025-07-17,0.0030915472640284,0.0061126690313413,-0.0008623460307717
2026-05-09 01:18:04,AMZN,live,2025-07-18,0.0100500265808809,-0.0010711269522676,-0.0010818414157256
2026-05-09 01:18:04,AMZN,live,2025-07-21,0.0140184765422355,0.0030651644178082,-0.0009899808792397
2026-05-09 01:18:04,AMZN,live,2025-07-22,-0.0079808190436073,-0.0036904610362039,-0.0028056688606739
2026-05-09 01:18:04,AMZN,live,2025-07-23,0.0036048360708191,0.0016133503765403,-0.0029282141476869
2026-05-09 01:18:04,AMZN,live,2025-07-24,0.0172587610376244,-0.0014615827753906,-0.0024597661104053
2026-05-09 01:18:04,AMZN,live,2025-07-25,-0.0034017710918776,-0.0007806347031461,-0.0009140899637714
2026-05-09 01:18:04,AMZN,live,2025-07-28,0.0058330056623134,0.0052544413482333,-0.0018561923643574
2026-05-09 01:18:04,AMZN,live,2025-07-29,-0.0076463715392998,0.0001878875065812,-0.0019736005924642
2026-05-09 01:18:04,AMZN,live,2025-07-30,-0.0035495956232552,-0.0008157164869373,-0.0038100886158645
2026-05-09 01:18:04,AMZN,live,2025-07-31,0.0170294023518382,-0.0035369196039162,-0.0028221164830029
2026-05-09 01:18:04,AMZN,live,2025-08-01,-0.0826961708593303,-0.0005315862087561,-0.0020297248847782
2026-05-09 01:18:04,AMZN,live,2025-08-04,-0.0144354184098515,-0.001632489617862,-0.0010273621883243
2026-05-09 01:18:04,AMZN,live,2025-08-05,0.0099220702295068,0.0006343680816198,-0.0009493819670751
2026-05-09 01:18:04,AMZN,live,2025-08-06,0.0400467722039474,0.0033129547043526,-0.0020789727568626
2026-05-09 01:18:04,AMZN,live,2025-08-07,0.0036885760119835,0.0013739608702604,-0.0008232834516093
2026-05-09 01:18:04,AMZN,live,2025-08-08,-0.001971955504762,0.0006582842588942,-0.0028605442494153
2026-05-09 01:18:04,AMZN,live,2025-08-11,-0.0062418580735978,-0.0028840197952538,-0.0033721555955708
2026-05-09 01:18:04,AMZN,live,2025-08-12,0.0007681796954406,0.0077072131928436,-0.0009742041584104
2026-05-09 01:18:04,AMZN,live,2025-08-13,0.0139522116804042,0.004876898020918,-0.0020098718814551
2026-05-09 01:18:04,AMZN,live,2025-08-14,0.0285892333396118,-9.202999807082908e-05,-0.0018226688262075
2026-05-09 01:18:04,AMZN,live,2025-08-15,0.0002164821745722,-0.0046414733663346,-0.0030268006958067
2026-05-09 01:18:04,AMZN,live,2025-08-18,0.0019911124801876,-0.0035788120592295,-0.0020997179672122
2026-05-09 01:18:04,AMZN,live,2025-08-19,-0.0150330938863401,0.0065421372612623,-0.0007068539853207
2026-05-09 01:18:04,AMZN,live,2025-08-20,-0.0184202317855688,-0.0084841295568321,-0.002431693021208
2026-05-09 01:18:04,AMZN,live,2025-08-21,-0.0083106234334532,0.0028127740072959,-0.0018204255029559
2026-05-09 01:18:04,AMZN,live,2025-08-22,0.0310430253858267,0.0004526712274367,-0.0028099655173718
2026-05-09 01:18:04,AMZN,live,2025-08-25,-0.0039328522587261,0.003644293993337,-0.0025287056341767
2026-05-09 01:18:04,AMZN,live,2025-08-26,0.003378100659005,-0.0014770934973655,-0.0022770911455154
2026-05-09 01:18:04,AMZN,live,2025-08-27,0.0017926124405795,-0.0021989593922236,-0.0008256120490841
2026-05-09 01:18:04,AMZN,live,2025-08-28,0.0108240705271474,0.0020702741241434,-0.0014587111072614
2026-05-09 01:18:04,AMZN,live,2025-08-29,-0.0112262782167351,0.0010253882883243,-0.0018218382028862
2026-05-09 01:18:04,AMZN,live,2025-09-02,-0.0159825487428356,0.0026404861343444,-0.0018403059802949
2026-05-09 01:18:04,AMZN,live,2025-09-03,0.0028845707190781,0.0024851521071281,-0.0003660078218672
2026-05-09 01:18:04,AMZN,live,2025-09-04,0.0428779456926482,-0.001150763613222,-0.0009691037121228
2026-05-09 01:18:04,AMZN,live,2025-09-05,-0.0142141503260102,0.0011142426964112,-0.0019565145485103
2026-05-09 01:18:04,AMZN,live,2025-09-08,0.0151077970093089,0.0003627597687853,-0.0014729627873748
2026-05-09 01:18:04,AMZN,live,2025-09-09,0.0101764297512747,0.0028292431606661,-0.0026169302873313
2026-05-09 01:18:04,AMZN,live,2025-09-10,-0.0332018279034851,-0.0034713114557718,-0.0029071541503071
2026-05-09 01:18:04,AMZN,live,2025-09-11,-0.0016498279850283,0.0013464752390754,-0.0042501278221607
2026-05-09 01:18:04,AMZN,live,2025-09-12,-0.0078278020249896,-0.0051741988373545,-0.005436064209789
2026-05-09 01:18:04,AMZN,live,2025-09-15,0.014376501718361,0.0019951300544612,0.0024873674847185
2026-05-09 01:18:04,AMZN,live,2025-09-16,0.0113209629645845,0.000104970976167,-0.0001988849253393
2026-05-09 01:18:04,AMZN,live,2025-09-17,-0.0103824306895349,0.0041871333537691,-0.0019131888402625
2026-05-09 01:18:04,AMZN,live,2025-09-18,-0.0016837898189709,-0.0047741996446635,-0.003887134604156
2026-05-09 01:18:04,AMZN,live,2025-09-19,0.0010811746080494,-0.0028065577911832,-0.0022898740135133
2026-05-09 01:18:04,AMZN,live,2025-09-22,-0.0166320672014274,0.0011102524291688,-0.0015188240213319
2026-05-09 01:18:04,AMZN,live,2025-09-23,-0.030400202172415,0.0091702027747457,-0.0006265667616389
2026-05-09 01:18:04,AMZN,live,2025-09-24,-0.0022654160880354,0.0006726169675983,-0.0007660714909434
2026-05-09 01:18:04,AMZN,live,2025-09-25,-0.0093547647907732,0.0018743752354675,-0.0019805999472737
2026-05-09 01:18:04,AMZN,live,2025-09-26,0.0074719455806446,-0.0004177892075951,-0.0034551424905657
2026-05-09 01:18:04,AMZN,live,2025-09-29,0.0108745081578076,-0.0041974452208071,-0.0028218585066497
2026-05-09 01:18:04,AMZN,live,2025-09-30,-0.0117027090343199,-0.0017766068710882,-0.0030927457846701
2026-05-09 01:18:04,AMZN,live,2025-10-01,0.0048276063361811,-0.0007461368513844,-0.0016760838916525
2026-05-09 01:18:04,AMZN,live,2025-10-02,0.0080678001174061,0.0071395723764179,-0.000550469616428
2026-05-09 01:18:04,AMZN,live,2025-10-03,-0.013039023009411,0.0054173562527184,-0.0009790579788386
2026-05-09 01:18:04,AMZN,live,2025-10-06,0.0063322829230225,-0.0025397517300682,-0.0033035315573215
2026-05-09 01:18:04,AMZN,live,2025-10-07,0.0039837252472938,0.0034745363219951,-0.0018049635691568
2026-05-09 01:18:04,AMZN,live,2025-10-08,0.0155108777181911,-0.001592852754396,-0.0023061237297952
2026-05-09 01:18:04,AMZN,live,2025-10-09,0.0111890784957038,-0.0022495668504417,-0.0024928417988121
2026-05-09 01:18:04,AMZN,live,2025-10-10,-0.049925397829666,-0.0053307292415599,-0.0029365886002779
2026-05-09 01:18:04,AMZN,live,2025-10-13,0.0171003941883314,0.0019729950411488,-0.0010891602141782
2026-05-09 01:18:04,AMZN,live,2025-10-14,-0.016721987604375,0.002970342150831,8.961174171417952e-05
2026-05-09 01:18:04,AMZN,live,2025-10-15,-0.0037894175689383,0.0055825048410311,-0.0011362780351191
2026-05-09 01:18:04,AMZN,live,2025-10-16,-0.0051027789866018,0.0009938973219186,-0.003424905706197
2026-05-09 01:18:04,AMZN,live,2025-10-17,-0.0066676361562507,-0.0008702757504887,-0.0011400016956031
2026-05-09 01:18:04,AMZN,live,2025-10-20,0.0161472143720264,-0.0023121222467809,-0.0031698360107839
2026-05-09 01:18:04,AMZN,live,2025-10-21,0.0256374868869779,-0.0001843834655169,-0.003100880421698
2026-05-09 01:18:04,AMZN,live,2025-10-22,-0.018375903497213,0.0013740542771026,-8.148455526679754e-05
2026-05-09 01:18:04,AMZN,live,2025-10-23,0.0144069714779309,0.0023668195055872,-0.0010262139840051
2026-05-09 01:18:04,AMZN,live,2025-10-24,0.014111947295925,0.0026926115418668,-0.0005328371189534
2026-05-09 01:18:04,AMZN,live,2025-10-27,0.0123098631826821,0.0038306647806073,-0.0020488807931542
2026-05-09 01:18:04,AMZN,live,2025-10-28,0.0100453750144708,0.0031607049935705,-0.0024377284571528
2026-05-09 01:18:04,AMZN,live,2025-10-29,0.0045801659836763,-0.0054860329502192,-0.0018388569587841
2026-05-09 01:18:04,AMZN,live,2025-10-30,-0.0323056984056321,0.0004014356203859,-0.0028709745965898
2026-05-09 01:18:04,AMZN,live,2025-10-31,0.0958449275412924,-0.0032178399170447,-0.0035816337913274
2026-05-09 01:18:04,AMZN,live,2025-11-03,0.0400458550913633,-0.0009882009167907,-0.0024961633607745
2026-05-09 01:18:04,AMZN,live,2025-11-04,-0.0184251680148868,-0.0009145591373586,-0.0008532424690201
2026-05-09 01:18:04,AMZN,live,2025-11-05,0.0035295587926045,-0.001885198302185,-0.0018100070301443
2026-05-09 01:18:04,AMZN,live,2025-11-06,-0.028617121300727,0.0054443588262265,-0.0012108552036806
2026-05-09 01:18:04,AMZN,live,2025-11-07,0.005636975040415,0.0007836361086724,-0.0022053369320929
2026-05-09 01:18:04,AMZN,live,2025-11-10,0.0163249874170088,-0.001831480274604,-0.00239829858765
2026-05-09 01:18:04,AMZN,live,2025-11-11,0.0028180846386129,-0.0014943663862027,-0.0010347759816795
2026-05-09 01:18:04,AMZN,live,2025-11-12,-0.019670851205187,-0.0079417469101878,-0.0018012131331488
2026-05-09 01:18:04,AMZN,live,2025-11-13,-0.0271089074525688,0.0017627459222125,-0.001751399715431
2026-05-09 01:18:04,AMZN,live,2025-11-14,-0.0121643209334746,0.0026400061908026,-0.0003002352605108
2026-05-09 01:18:04,AMZN,live,2025-11-17,-0.0077549418606919,0.0045253358655141,-0.0013194996863603
2026-05-09 01:18:04,AMZN,live,2025-11-18,-0.044316538333916,-0.0042355545605767,-0.001813021604903
2026-05-09 01:18:04,AMZN,live,2025-11-19,0.0006290693674619,0.0100038025686622,-0.0033656046725809
2026-05-09 01:18:04,AMZN,live,2025-11-20,-0.02492255148822,-0.0006241259823213,-0.0036533917300403
2026-05-09 01:18:04,AMZN,live,2025-11-21,0.01634891342791,-0.0014276545652624,1.3126933481544256e-05
2026-05-09 01:18:04,AMZN,live,2025-11-24,0.0253296310483062,-0.0027667566556732,-0.0036169295199215
2026-05-09 01:18:04,AMZN,live,2025-11-25,0.0149814363087164,-0.003106228123792,-0.0018742365064099
2026-05-09 01:18:04,AMZN,live,2025-11-26,-0.0022205534501759,0.0044667237704546,-0.0022084475494921
2026-05-09 01:18:04,AMZN,live,2025-11-28,0.0177168680996362,0.0048067632382446,-0.0017074436182156
2026-05-09 01:18:04,AMZN,live,2025-12-01,0.0028299616613276,0.0016214646320192,-0.001477480167523
2026-05-09 01:18:04,AMZN,live,2025-12-02,0.0023088475921804,0.0014189637844398,-0.0031446130014955
2026-05-09 01:18:04,AMZN,live,2025-12-03,-0.0087023005804419,-0.0043779398541085,-0.0036794780753552
2026-05-09 01:18:04,AMZN,live,2025-12-04,-0.0140717970726869,0.0019841468750646,-0.0010568320285528
2026-05-09 01:18:04,AMZN,live,2025-12-05,0.0018331725713693,-0.0010950267381882,-0.0028981645591557
2026-05-09 01:18:04,AMZN,live,2025-12-08,-0.0115017618772651,-0.0067592672242348,-0.0029007452540099
2026-05-09 01:18:04,AMZN,live,2025-12-09,0.0045396393938368,-0.0040441665278694,-0.0025194864720106
2026-05-09 01:18:04,AMZN,live,2025-12-10,0.0169357697497449,-0.0009803989494297,-0.0015208827098831
2026-05-09 01:18:04,AMZN,live,2025-12-11,-0.0064716541888858,0.0085825997757712,0.0004249093472026
2026-05-09 01:18:04,AMZN,live,2025-12-12,-0.0177609708162737,0.0100961469667971,0.0024974164552986
2026-05-09 01:18:04,AMZN,live,2025-12-15,-0.0161369163794892,0.0016410391759234,-0.0052400161512196
2026-05-09 01:18:04,AMZN,live,2025-12-16,8.989068511033871e-05,-0.003585656967491,-0.0035005696117877
2026-05-09 01:18:04,AMZN,live,2025-12-17,-0.0057961596885495,0.0002125262881508,-0.0009197506587952
2026-05-09 01:18:04,AMZN,live,2025-12-18,0.0248112718776598,0.0011905761884748,-0.0014297830639407
2026-05-09 01:18:04,AMZN,live,2025-12-19,0.0026019210221046,0.0028678729953597,0.0008500717813149
2026-05-09 01:18:04,AMZN,live,2025-12-22,0.0047503256796654,-0.0001988301943975,-0.001256107003428
2026-05-09 01:18:04,AMZN,live,2025-12-23,0.0162413292160497,8.460294014257233e-05,-0.0029024421237409
2026-05-09 01:18:04,AMZN,live,2025-12-24,0.0010338825441331,0.0033983521136492,-0.0035210088826715
2026-05-09 01:18:04,AMZN,live,2025-12-26,0.0006024588463153,0.0012875465412683,-0.0030311523005366
2026-05-09 01:18:04,AMZN,live,2025-12-29,-0.0019353042317807,0.0003537415771325,-0.0027211657725274
2026-05-09 01:18:04,AMZN,live,2025-12-30,0.0019821236719981,0.0003695201796427,-0.0037571904249489
2026-05-09 01:18:04,AMZN,live,2025-12-31,-0.007353853111663,-0.0069677949061916,-0.0038295593112707
2026-05-09 01:18:04,AMZN,live,2026-01-02,-0.0187159136432687,-0.001392220505115,-0.0005965565796941
2026-05-09 01:18:04,AMZN,live,2026-01-05,0.0289624616273453,-0.0037370025662782,-0.0018828707979992
2026-05-09 01:18:04,AMZN,live,2026-01-06,0.0337681077818123,0.0034469140553366,0.0005179380532354
2026-05-09 01:18:04,AMZN,live,2026-01-07,0.0026148877348795,7.542099704422646e-05,-0.0017276249127462
2026-05-09 01:18:04,AMZN,live,2026-01-08,0.0195810389772492,0.0036878649742906,-0.0023268945515155
2026-05-09 01:18:04,AMZN,live,2026-01-09,0.0044257242534955,0.0015319406992032,-0.0018423058791086
2026-05-09 01:18:04,AMZN,live,2026-01-12,-0.0036785659477226,0.0026294900840098,-0.0011175608960911
2026-05-09 01:18:04,AMZN,live,2026-01-13,-0.0157016882298876,0.0030422389150173,-0.0025221994146704
2026-05-09 01:18:04,AMZN,live,2026-01-14,-0.0245260183731916,-0.0011661466898862,-0.00228604930453
2026-05-09 01:18:04,AMZN,live,2026-01-15,0.006465239039753,-0.0036896472577986,-0.0025042365305125
2026-05-09 01:18:04,AMZN,live,2026-01-16,0.0039466053837939,-0.004364068868782,-0.0018024774035438
2026-05-09 01:18:04,AMZN,live,2026-01-20,-0.0339578257067464,-0.0002469596940306,-0.0011616386473178
2026-05-09 01:18:04,AMZN,live,2026-01-21,0.0013419807731331,0.0012547354645493,-0.0017344929510727
2026-05-09 01:18:04,AMZN,live,2026-01-22,0.0130992988252889,0.0001115795642566,-0.0009976651053875
2026-05-09 01:18:04,AMZN,live,2026-01-23,0.0205684364578928,0.0052247492775452,-0.0023959157988429
2026-05-09 01:18:04,AMZN,live,2026-01-26,-0.0030941858246897,0.0029944542951222,-0.0038216114044189
2026-05-09 01:18:04,AMZN,live,2026-01-27,0.0262561637233134,-0.0008479341265673,-0.0030211200937628
2026-05-09 01:18:04,AMZN,live,2026-01-28,-0.0068252338521122,-0.0020798706199881,-0.0018685914110392
2026-05-09 01:18:04,AMZN,live,2026-01-29,-0.0052672680475324,0.0014272263439641,-0.0011658748844638
2026-05-09 01:18:04,AMZN,live,2026-01-30,-0.0100525078340718,0.0019563244211636,-0.0014596446417272
2026-05-09 01:18:04,AMZN,live,2026-02-02,0.0152946243854319,-0.0010526884438343,-0.0009760517277754
2026-05-09 01:18:04,AMZN,live,2026-02-03,-0.0178630699569863,-0.0051677083848149,-0.0026750271208584
2026-05-09 01:18:04,AMZN,live,2026-02-04,-0.0235939558261181,0.0033898030788934,-0.0016379336593672
2026-05-09 01:18:04,AMZN,live,2026-02-05,-0.0442079179746618,0.0022449250753605,-0.0020284745842218
2026-05-09 01:18:04,AMZN,live,2026-02-06,-0.0555480487744045,-0.0030195071334517,-0.003056826069951
2026-05-09 01:18:04,AMZN,live,2026-02-09,-0.0076074840614147,0.0020666902564414,-0.0026542469859123
2026-05-09 01:18:04,AMZN,live,2026-02-10,-0.0084323231915608,0.0012812982802996,-0.0027835448272526
2026-05-09 01:18:04,AMZN,live,2026-02-11,-0.0139157556502897,0.0004302933984793,-0.0026083975099027
2026-05-09 01:18:04,AMZN,live,2026-02-12,-0.0219521544852189,-0.0041340333402402,-0.0023268740624189
2026-05-09 01:18:04,AMZN,live,2026-02-13,-0.0040581803237156,0.0050437280036013,-0.0006527135847136
2026-05-09 01:18:04,AMZN,live,2026-02-17,0.011871828009746,0.0049793972676037,0.000877549056895
2026-05-09 01:18:04,AMZN,live,2026-02-18,0.0180959458120673,0.0065405172120914,-0.001951907412149
2026-05-09 01:18:04,AMZN,live,2026-02-19,0.000341849340856,0.0022329285962974,-0.0023544528521597
2026-05-09 01:18:04,AMZN,live,2026-02-20,0.0256272575630107,0.0057455171715151,-0.0013462007045745
2026-05-09 01:18:04,AMZN,live,2026-02-23,-0.0230355353092706,0.0003306173894088,-0.0029589789919555
2026-05-09 01:18:04,AMZN,live,2026-02-24,0.0160276378314188,-0.0009157807136224,-0.0031328238546848
2026-05-09 01:18:04,AMZN,live,2026-02-25,0.0099731581099118,-0.0018672337618052,-0.0032194685190916
2026-05-09 01:18:04,AMZN,live,2026-02-26,-0.0129130327980659,-0.0021973800949516,-0.0024564592167735
2026-05-09 01:18:04,AMZN,live,2026-02-27,0.0100038565283393,0.0002311653359009,-0.0016573318280279
2026-05-09 01:18:04,AMZN,live,2026-03-02,-0.0076666695731026,-0.0008491897172538,-0.0034308182075619
2026-05-09 01:18:04,AMZN,live,2026-03-03,0.0016315386481426,-0.0029643853330075,-0.0029313182458281
2026-05-09 01:18:04,AMZN,live,2026-03-04,0.0387582607304788,0.0006701874386672,0.0004068145062774
2026-05-09 01:18:04,AMZN,live,2026-03-05,0.0097776729341096,0.0015399952838314,-0.0008069474715739
2026-05-09 01:18:04,AMZN,live,2026-03-06,-0.02617153404423,0.0040566886470597,-0.0012016773689538
2026-05-09 01:18:04,AMZN,live,2026-03-09,0.0013132534612816,0.0026548338951239,-0.0013301710132509
2026-05-09 01:18:04,AMZN,live,2026-03-10,0.0039345932656202,0.0005360374468442,-0.0001815407886169
2026-05-09 01:18:04,AMZN,live,2026-03-11,-0.0078384170214983,0.0012160044333191,-0.0017205489566549
2026-05-09 01:18:04,AMZN,live,2026-03-12,-0.0146719736973341,5.7114307388426815e-05,-0.0003362633869983
2026-05-09 01:18:04,AMZN,live,2026-03-13,-0.008877013416636,0.0041057173834759,-0.0005176824633963
2026-05-09 01:18:04,AMZN,live,2026-03-16,0.0195984367511175,0.0019603658213159,-0.0011938263196498
2026-05-09 01:18:04,AMZN,live,2026-03-17,0.0163407545353531,-0.002101529807901,-0.0040696677751839
2026-05-09 01:18:04,AMZN,live,2026-03-18,-0.0247676668524144,0.0001125231759669,-0.0045208306983113
2026-05-09 01:18:04,AMZN,live,2026-03-19,-0.0052889914526931,-0.0036169221000443,-0.0049863625317811
2026-05-09 01:18:04,AMZN,live,2026-03-20,-0.01623874055782,0.0014402381559545,-0.0031411694362759
2026-05-09 01:18:04,AMZN,live,2026-03-23,0.0232263932700542,0.0066872255037762,-0.0007826115470379
2026-05-09 01:18:04,AMZN,live,2026-03-24,-0.0138002945888807,-0.001520276228014,-0.0030315024778246
2026-05-09 01:18:04,AMZN,live,2026-03-25,0.0215692004546417,-0.0048653479058524,-0.0029999306425452
2026-05-09 01:18:04,AMZN,live,2026-03-26,-0.0196968177955342,-0.0051414749096042,-0.002074172720313
2026-05-09 01:18:04,AMZN,live,2026-03-27,-0.0395104423894673,0.0040721140940654,-0.0005914509529247
2026-05-09 01:18:04,AMZN,live,2026-03-30,0.0080766561649903,0.0028660212382449,-0.0010808502556756
2026-05-09 01:18:04,AMZN,live,2026-03-31,0.0364270088847233,0.0014532169794353,-0.0020135738886892
2026-05-09 01:18:04,AMZN,live,2026-04-01,0.0110433716069306,-0.0033260296813949,-0.0024934145621955
2026-05-09 01:18:04,AMZN,live,2026-04-02,-0.0037992260242744,0.0046080717372005,-0.0019191097235307
2026-05-09 01:18:04,AMZN,live,2026-04-06,0.0143966675509494,0.0024637195732162,-0.0032514380291104
2026-05-09 01:18:04,AMZN,live,2026-04-07,0.0046055313560273,-0.0027569753985415,-0.0006379727274179
2026-05-09 01:18:04,AMZN,live,2026-04-08,0.0349908573609112,0.002150379942583,-0.002897476311773
2026-05-09 01:18:04,AMZN,live,2026-04-09,0.0560451701536017,-0.0027626095365053,-0.0025843153707683
2026-05-09 01:18:04,AMZN,live,2026-04-10,0.0202440021822714,0.0022021050812738,-0.0009946452919393
2026-05-09 01:18:04,AMZN,live,2026-04-13,0.0063344008553831,-0.0035977807959492,-0.0016788108041509
2026-05-09 01:18:04,AMZN,live,2026-04-14,0.0380591308768267,0.0056332943302052,-0.000233379920246
2026-05-09 01:18:04,AMZN,live,2026-04-15,-0.0020882028091686,4.2416667571005835e-06,-0.0010598476510494
2026-05-09 01:18:04,AMZN,live,2026-04-16,0.0048289615623429,-0.0059003197860845,-0.0036600963212549
2026-05-09 01:18:04,AMZN,live,2026-04-17,0.0034441354459842,0.0001781392745702,-0.0028221174143254
2026-05-09 01:18:04,AMZN,live,2026-04-20,-0.0090996120750028,0.0013334543123654,-0.0007451214478351
2026-05-09 01:18:04,AMZN,live,2026-04-21,0.0065651880571397,-0.0030165821007209,-0.0021844869479537
2026-05-09 01:18:04,AMZN,live,2026-04-22,0.0218078382953041,-0.0053429504221588,-0.0024438207037746
2026-05-09 01:18:04,AMZN,live,2026-04-23,-0.001096486445127,-0.0018590544529187,-0.0015005435561761
2026-05-09 01:18:04,AMZN,live,2026-04-24,0.034930172257179,0.0027870944089838,-0.0004439819022081
2026-05-09 01:18:04,AMZN,live,2026-04-27,-0.010871605831113,0.0032714288299082,-0.0006590112461708
2026-05-09 01:18:04,AMZN,live,2026-04-28,-0.0054380473985493,0.0030666484134089,-0.0027815005742013
2026-05-09 01:18:04,AMZN,live,2026-04-29,0.0128609787481566,-0.0035021848403639,-0.0031248345039784
2026-05-09 01:18:04,AMZN,live,2026-04-30,0.0076793983730687,0.000522148787576,-0.0008214399567805
2026-05-09 01:18:04,AMZN,live,2026-05-01,0.012072784412985,0.0002328421860629,-0.0013470408739522
2026-05-09 01:18:04,AMZN,live,2026-05-04,0.0141280022715835,0.0020848769946094,-0.0008382953237742
2026-05-09 01:18:04,AMZN,live,2026-05-05,0.00551369258337,-0.0025642777044526,-0.0034602466039359
2026-05-09 01:18:04,AMZN,live,2026-05-06,0.0052641290647619,-0.0051032236096016,-0.0024639340117573
2026-05-09 01:18:04,AMZN,live,2026-05-07,-0.0138913303840072,-0.0038262574976729,-0.0048510069027543
2026-05-26 03:37:44,AAPL,kaggle,2010-02-02,0.0058029023493613,0.0114117215414955,0.0030896863900125
2026-05-26 03:37:44,AAPL,kaggle,2010-02-03,0.0172061527604951,0.0112806260057008,0.0024707850534468
2026-05-26 03:37:44,AAPL,kaggle,2010-02-04,-0.0360387039659938,-0.0006609683129892,0.0026786217931658
2026-05-26 03:37:44,AAPL,kaggle,2010-02-05,0.0177557817541116,-0.006940903623143,0.0028287514578551
2026-05-26 03:37:44,AAPL,kaggle,2010-02-08,-0.006855642896171,0.0112547793591571,0.0029762017074972
2026-05-26 03:37:44,AAPL,kaggle,2010-02-09,0.0106635450028216,0.0087902258089116,0.0040221135132014
2026-05-26 03:37:44,AAPL,kaggle,2010-02-10,-0.0054538853344103,0.0180958170202266,0.0037238877266645
2026-05-26 03:37:44,AAPL,kaggle,2010-02-11,0.0181938687658551,0.0033428776572595,0.0039163925684988
2026-05-26 03:37:44,AAPL,kaggle,2010-02-12,0.0086072337699047,0.0037271607580566,0.003687139833346
2026-05-26 03:37:44,AAPL,kaggle,2010-02-16,0.0150713767042609,-0.0015415160365149,0.0037579268682748
2026-05-26 03:37:44,AAPL,kaggle,2010-02-17,-0.0041789221711437,0.0097781877740466,0.0038021497894078
2026-05-26 03:37:44,AAPL,kaggle,2010-02-18,0.0018760569752853,0.0181382368659176,0.0037124431692063
2026-05-26 03:37:44,AAPL,kaggle,2010-02-19,-0.0062090481751265,0.0076203907998537,0.0041234917007386
2026-05-26 03:37:44,AAPL,kaggle,2010-02-22,-0.0061982542297824,0.0150622196946508,0.003888992825523
2026-05-26 03:37:44,AAPL,kaggle,2010-02-23,-0.0167647784168448,-0.007592622076755,0.003858818905428
2026-05-26 03:37:44,AAPL,kaggle,2010-02-24,0.0182685594916236,0.0072237914734213,0.0040118638426065
2026-05-26 03:37:44,AAPL,kaggle,2010-02-25,0.006677982499273,0.0113555154591911,0.0040196678601205
2026-05-26 03:37:44,AAPL,kaggle,2010-02-26,0.0129702631701051,0.010126589004391,0.0037160289939492
2026-05-26 03:37:44,AAPL,kaggle,2010-03-01,0.0213566935041802,0.0004258869116574,0.0036077643744647
2026-05-26 03:37:44,AAPL,kaggle,2010-03-02,-0.0006699038324491,0.0055626602074842,0.0037615774199366
2026-05-26 03:37:44,AAPL,kaggle,2010-03-03,0.0022982888868132,0.010097128896732,0.0039583807811141
2026-05-26 03:37:44,AAPL,kaggle,2010-03-04,0.0065924850517824,0.0015866423415912,0.0025999504141509
2026-05-26 03:37:44,AAPL,kaggle,2010-03-05,0.0391058875473029,0.0121351112364722,0.0030864989385008
2026-05-26 03:37:44,AAPL,kaggle,2010-03-08,0.000593695461547,0.0009666353636987,0.004992657341063
2026-05-26 03:37:44,AAPL,kaggle,2010-03-09,0.0179843444179299,0.004345851062938,0.0026527552399784
2026-05-26 03:37:44,AAPL,kaggle,2010-03-10,0.0081606502370477,0.0077625660126903,0.002177481772378
2026-05-26 03:37:44,AAPL,kaggle,2010-03-11,0.0029354880277052,0.0072398093970068,0.001638579647988
2026-05-26 03:37:44,AAPL,kaggle,2010-03-12,0.0048780418488008,0.0006184217938115,0.0038531767204403
2026-05-26 03:37:44,AAPL,kaggle,2010-03-15,-0.0121800957249937,-0.0008283263340924,0.0039738724008202
2026-05-26 03:37:44,AAPL,kaggle,2010-03-16,0.0027251636004799,0.006379571987737,0.0025030164979398
2026-05-26 03:37:44,AAPL,kaggle,2010-03-17,-0.0014702348235551,0.0002695885341989,0.0026500474195927
2026-05-26 03:37:44,AAPL,kaggle,2010-03-18,0.0023647990933506,0.0032106494369776,0.0027231301646679
2026-05-26 03:37:44,AAPL,kaggle,2010-03-19,-0.0106832918298575,0.0054343519686016,0.0038840572815388
2026-05-26 03:37:44,AAPL,kaggle,2010-03-22,0.0112486110897513,0.0004491750062325,0.0022843172773718
2026-05-26 03:37:44,AAPL,kaggle,2010-03-23,0.016062242958786,0.0077286100807357,0.0022336873225867
2026-05-26 03:37:44,AAPL,kaggle,2010-03-24,0.0044228840281548,-0.0043339576326617,0.0019004341447725
2026-05-26 03:37:44,AAPL,kaggle,2010-03-25,-0.0118586075664952,-0.0033306921757303,0.0017952610505744
2026-05-26 03:37:44,AAPL,kaggle,2010-03-26,0.0187513961135967,-0.0029110837485356,0.0016906633973121
2026-05-26 03:37:44,AAPL,kaggle,2010-03-29,0.0064529842522389,0.0076702104085237,0.0017090870533138
2026-05-26 03:37:44,AAPL,kaggle,2010-03-30,0.0148887611650772,0.0064128434992476,0.0017983752768486
2026-05-26 03:37:44,AAPL,kaggle,2010-03-31,-0.0036038983829953,-0.0001160876428341,0.0019038382451981
2026-05-26 03:37:44,AAPL,kaggle,2010-04-01,0.0041275834041716,0.0073643712772486,0.0019567841663956
2026-05-26 03:37:44,AAPL,kaggle,2010-04-05,0.0106793420388251,-0.0029205734885835,0.0022392815444618
2026-05-26 03:37:44,AAPL,kaggle,2010-04-06,0.004402745148885,0.0031973747878504,0.002306610578671
2026-05-26 03:37:44,AAPL,kaggle,2010-04-07,0.0044251378508026,0.0015639521163107,0.0023468809667974
2026-05-26 03:37:44,AAPL,kaggle,2010-04-08,-0.0027015856583114,0.0008124346492851,0.0017242908943444
2026-05-26 03:37:44,AAPL,kaggle,2010-04-09,0.007668217017686,0.0019970136123247,0.0018332919571548
2026-05-26 03:37:44,AAPL,kaggle,2010-04-12,0.0020679575581115,0.0044253228726434,0.0019760779105126
2026-05-26 03:37:44,AAPL,kaggle,2010-04-13,0.0005778331817756,0.0043903387835308,0.002325035398826
2026-05-26 03:37:44,AAPL,kaggle,2010-04-14,0.0134471575305801,0.0008469743759583,0.0022338943090289
2026-05-26 03:37:44,AAPL,kaggle,2010-04-15,0.0131466772743475,0.0032330484521802,0.0018489451613277
2026-05-26 03:37:44,AAPL,kaggle,2010-04-16,-0.0061064118128597,0.0021890997537197,0.001594063360244
2026-05-26 03:37:44,AAPL,kaggle,2010-04-19,-0.0013338488262929,-0.0029842469662058,0.0026761153712868
2026-05-26 03:37:44,AAPL,kaggle,2010-04-20,-0.0100376544437431,0.0020294091809783,0.0021595323923975
2026-05-26 03:37:44,AAPL,kaggle,2010-04-21,0.0598143866503722,0.0053562220021564,0.0022512152791023
2026-05-26 03:37:44,AAPL,kaggle,2010-04-22,0.0279684909720425,0.0074630233903578,0.0021785774733871
2026-05-26 03:37:44,AAPL,kaggle,2010-04-23,0.0163620408428719,0.004360014505356,0.0021712381858378
2026-05-26 03:37:44,AAPL,kaggle,2010-04-26,-0.0049107943513293,-0.0074371392289667,0.0021577302832156
2026-05-26 03:37:44,AAPL,kaggle,2010-04-27,-0.0276809296050628,0.002849174272105,0.0024566603824496
2026-05-26 03:37:44,AAPL,kaggle,2010-04-28,-0.0016790695527328,0.0070494983963034,0.0022341848816722
2026-05-26 03:37:44,AAPL,kaggle,2010-04-29,0.0269113178565507,0.0068361510747099,0.0023026738781481
2026-05-26 03:37:44,AAPL,kaggle,2010-04-30,-0.0281045229295476,0.0093352508186872,0.002225685166195
2026-05-26 03:37:44,AAPL,kaggle,2010-05-03,0.0201462588404901,-0.0103186374456767,0.002323516877368
2026-05-26 12:10:40,AMZN,kaggle,2010-02-02,-0.00630941349937475,0.0029813257127735237,0.004232451319694519
2026-05-26 12:10:40,AMZN,kaggle,2010-02-03,0.008296611113712604,0.009619366710372805,0.0021185986697673798
2026-05-26 12:10:40,AMZN,kaggle,2010-02-04,-0.026532292806044744,0.005259975816835993,0.00013010785914957523
2026-05-26 12:10:40,AMZN,kaggle,2010-02-05,0.012506442277979035,-0.0018989184030873802,0.0002987466286867857
2026-05-26 12:10:40,AMZN,kaggle,2010-02-08,-0.004770402602482182,0.008761481094634642,-0.0021461208816617727
2026-05-26 12:10:40,AMZN,kaggle,2010-02-09,0.010271308135195278,-0.003326479771511103,-0.00040345313027501106
2026-05-26 12:10:40,AMZN,kaggle,2010-02-10,-0.0056765074631419665,0.008295653404722688,-0.0011987586040049791
2026-05-26 12:10:40,AMZN,kaggle,2010-02-11,0.023261722165484278,-0.004060631030217967,-0.0006753790657967329
2026-05-26 12:10:40,AMZN,kaggle,2010-02-12,-0.003580586967222521,0.010109285793201441,0.0009228128474205732
2026-05-26 12:10:40,AMZN,kaggle,2010-02-16,-0.01780047482554914,-0.00798655287103528,0.0005787848494946957
2026-05-26 12:10:40,AMZN,kaggle,2010-02-17,-0.01038033892090895,0.008325138260635476,-0.00016417866572737694
2026-05-26 12:10:40,AMZN,kaggle,2010-02-18,0.015217989077587424,0.005078306809710794,-0.0006391804199665785
2026-05-26 12:10:40,AMZN,kaggle,2010-02-19,-0.004742591288146358,-0.0071062287164453935,0.000905325636267662
2026-05-26 12:10:40,AMZN,kaggle,2010-02-22,0.00416954992478713,0.007356058265601593,0.0004192842170596123
2026-05-26 12:10:40,AMZN,kaggle,2010-02-23,-0.006524906859776802,-0.0007681106927536958,-0.0019751943182200193
2026-05-26 12:10:40,AMZN,kaggle,2010-02-24,0.021153219055968675,0.007469142726227703,0.0013294024392962456
2026-05-26 12:10:40,AMZN,kaggle,2010-02-25,-0.01269632690413025,-0.007893264959767101,0.00109740043990314
2026-05-26 12:10:40,AMZN,kaggle,2010-02-26,0.0016920861489047034,0.008949800898561656,-0.0011356726754456758
2026-05-26 12:10:40,AMZN,kaggle,2010-03-01,0.05185810228479104,0.004467876164768424,0.00026218872517347336
2026-05-26 12:10:40,AMZN,kaggle,2010-03-02,0.007949236040563523,0.011487031021778773,-0.0006639142520725727
2026-05-26 12:10:40,AMZN,kaggle,2010-03-03,0.002867845246971701,-0.02050274608985653,-0.0009128542151302099
2026-05-26 12:10:40,AMZN,kaggle,2010-03-04,0.020970683949860458,0.0031760141473188234,0.0003367250319570303
2026-05-26 12:10:40,AMZN,kaggle,2010-03-05,0.0029565462259515396,0.002978396038918913,-4.535471089184284e-05
2026-05-26 12:10:40,AMZN,kaggle,2010-03-08,0.009308796169051003,0.0076299451766983824,0.003405311144888401
2026-05-26 12:10:40,AMZN,kaggle,2010-03-09,-0.009914635924075044,0.005268108180298417,0.0013397680595517159
2026-05-26 12:10:40,AMZN,kaggle,2010-03-10,0.013118980643773481,-0.007289962222822759,0.00014419364742934704
2026-05-26 12:10:40,AMZN,kaggle,2010-03-11,0.02352315878810307,-0.0030422504605983297,-0.0029188080225139856
2026-05-26 12:10:40,AMZN,kaggle,2010-03-12,-0.013175583790318357,-0.0042808758997713876,-0.0031533127184957266
2026-05-26 12:10:40,AMZN,kaggle,2010-03-15,-0.005234428789775092,0.00845874407238098,-0.0003866276238113642
2026-05-26 12:10:40,AMZN,kaggle,2010-03-16,0.005033084562988677,0.0010259369327253521,0.0033188662491738796
2026-05-26 12:10:40,AMZN,kaggle,2010-03-17,-0.0034145001226700833,0.00690997792687606,0.0006928290240466595
2026-05-26 12:10:40,AMZN,kaggle,2010-03-18,0.010811620287335622,-0.0018054666367326275,0.0003085050266236067
2026-05-26 12:10:40,AMZN,kaggle,2010-03-19,-0.018152971550448704,0.0105617894835143,0.0024294026661664248
2026-05-26 12:10:40,AMZN,kaggle,2010-03-22,0.0009205608866040826,0.0024056018429505833,0.00010290788486599922
2026-05-26 12:10:40,AMZN,kaggle,2010-03-23,-0.00927421401506956,0.011627714863098841,0.0008246900979429483
2026-05-26 12:10:40,AMZN,kaggle,2010-03-24,-0.009438351172439519,-0.004624644047122121,-0.0002520224079489708
2026-05-26 12:10:40,AMZN,kaggle,2010-03-25,0.05224931890191531,0.005755786721230227,0.00018208404071629047
2026-05-26 12:10:40,AMZN,kaggle,2010-03-26,0.002449356798927216,0.001928366209453938,-0.0014692817348986864
2026-05-26 12:10:40,AMZN,kaggle,2010-03-29,0.0004442289329060767,-0.004250742643444862,0.00058174435980618
2026-05-26 12:10:40,AMZN,kaggle,2010-03-30,0.010805260262191085,0.009008415768186784,0.002007106551900506
2026-05-26 12:10:40,AMZN,kaggle,2010-03-31,-0.005930572175534832,0.00019723014241285284,0.0017342779319733381
2026-05-26 12:10:40,AMZN,kaggle,2010-04-01,-0.029167022090684447,-0.0006116964923530989,0.0006002632435411215
2026-05-26 12:10:40,AMZN,kaggle,2010-04-05,-0.0024276767419515455,-0.003141478639589828,0.002166393445804715
2026-05-26 12:10:40,AMZN,kaggle,2010-04-06,0.030952862540121195,0.005392732049322951,0.002212663646787405
2026-05-26 12:10:40,AMZN,kaggle,2010-04-07,-0.005090015150730598,0.008891419338378661,0.0031279046088457108
2026-05-26 12:10:40,AMZN,kaggle,2010-04-08,0.04515468093098196,0.0023039984302879895,0.0021345391869544983
2026-05-26 12:10:40,AMZN,kaggle,2010-04-09,-0.006384854656685368,0.01294499748194834,0.004226956516504288
2026-05-26 12:10:40,AMZN,kaggle,2010-04-12,0.008139364626017054,-0.0046288463844289095,0.0025906087830662727
2026-05-26 12:10:40,AMZN,kaggle,2010-04-13,-0.007365391704038271,0.012627260657694437,-0.000541740795597434
2026-05-26 12:10:40,AMZN,kaggle,2010-04-14,0.029394941563498866,-0.005335653569718933,0.0015355987707152963
2026-05-26 12:10:40,AMZN,kaggle,2010-04-15,0.010673749362013929,0.007087024292129375,0.0014578710542991757
2026-05-26 12:10:40,AMZN,kaggle,2010-04-16,-0.02503092149184949,-0.007043885987896535,0.00023086799774318933
2026-05-26 12:10:40,AMZN,kaggle,2010-04-19,0.0018287578967748352,0.010161931434352803,0.0010638583917170763
2026-05-26 12:10:40,AMZN,kaggle,2010-04-20,0.012427187835992282,0.007819401890661985,0.0007101867813616991
2026-05-26 12:10:40,AMZN,kaggle,2010-04-21,0.015464603153490186,-0.006109222846292128,0.0014357799664139748
2026-05-26 12:10:40,AMZN,kaggle,2010-04-22,0.02499490435824292,0.005903065327845678,-0.0004712629597634077
2026-05-26 12:10:40,AMZN,kaggle,2010-04-23,-0.043040786279553545,-0.006986560380216925,-0.0011063057463616133
2026-05-26 12:10:40,AMZN,kaggle,2010-04-26,0.02422889096451941,0.012878715330848004,0.0011175067629665136
2026-05-26 12:10:40,AMZN,kaggle,2010-04-27,-0.03459993417695939,0.0032968396416737074,0.0006499402225017548
2026-05-26 12:10:40,AMZN,kaggle,2010-04-28,-0.018800155531772833,-0.0015969107947997334,9.317719377577305e-05
2026-05-26 12:10:40,AMZN,kaggle,2010-04-29,0.01707922152694752,0.0024788346916116296,0.0006364216096699238
2026-05-26 12:10:40,AMZN,kaggle,2010-04-30,-0.03266767631125944,0.006474263202611026,0.00034442287869751453
2026-05-26 12:10:40,AMZN,kaggle,2010-05-03,0.0028446343711610034,0.003125090610877917,0.0025642176624387503
